{"level":"INFO","message":"[4:46:30.344 PM]: Creating new connection object"}
{"level":"INFO","message":"[4:46:30.361 PM]: Creating Connection[id: 780c7ff9-81fe-4247-be8c-0a7a5b70f0a3] with host: PTKKKYG-MZ22010.snowflakecomputing.com, account: PTKKKYG-MZ22010, accessUrl: https://PTKKKYG-MZ22010.snowflakecomputing.com, user: AYUSH.GUPTA, role: SYSADMIN, database: AT_RISK_ASSETS, schema: SENSOR_DATA, warehouse: AGENTIC_WH, proxy was not configured, password is provided, region: undefined, authenticator: SNOWFLAKE, ocsp mode: FAIL_OPEN, os: linux, os version: 6.8.0-94-generic"}
{"level":"INFO","message":"[4:46:30.362 PM]: Connection[id: 780c7ff9-81fe-4247-be8c-0a7a5b70f0a3] additional details: passcode in password is provided, passcode is not provided, private key is not provided, application: undefined, client name: snowflake-sdk, client version: 2.3.3, retry timeout: 300, private key path: undefined, private key pass is not provided, client store temporary credential: false, browser response timeout: 120000"}
{"level":"INFO","message":"[4:46:30.365 PM]: Connection[id: 780c7ff9-81fe-4247-be8c-0a7a5b70f0a3] - connection object created successfully."}
{"level":"INFO","message":"[4:47:50.188 PM]: Creating new connection object"}
{"level":"INFO","message":"[4:49:51.753 PM]: Creating new connection object"}
{"level":"INFO","message":"[4:49:51.771 PM]: Creating Connection[id: bc46053a-bb53-4333-89b5-5680dca8e178] with host: PTKKKYG-MZ22010.snowflakecomputing.com, account: PTKKKYG-MZ22010, accessUrl: https://PTKKKYG-MZ22010.snowflakecomputing.com, user: AYUSH.GUPTA, role: SYSADMIN, database: AT_RISK_ASSETS, schema: SENSOR_DATA, warehouse: AGENTIC_WH, proxy was not configured, password is provided, region: undefined, authenticator: SNOWFLAKE, ocsp mode: FAIL_OPEN, os: linux, os version: 6.8.0-94-generic"}
{"level":"INFO","message":"[4:49:51.773 PM]: Connection[id: bc46053a-bb53-4333-89b5-5680dca8e178] additional details: passcode in password is provided, passcode is not provided, private key is not provided, application: undefined, client name: snowflake-sdk, client version: 2.3.3, retry timeout: 300, private key path: undefined, private key pass is not provided, client store temporary credential: false, browser response timeout: 120000"}
{"level":"INFO","message":"[4:49:51.776 PM]: Connection[id: bc46053a-bb53-4333-89b5-5680dca8e178] - connection object created successfully."}
{"level":"INFO","message":"[5:00:04.650 PM]: Creating new connection object"}
{"level":"INFO","message":"[5:00:04.663 PM]: Creating Connection[id: 455d9272-6b26-4a42-ab43-acf92adb84bb] with host: PTKKKYG-MZ22010.snowflakecomputing.com, account: PTKKKYG-MZ22010, accessUrl: https://PTKKKYG-MZ22010.snowflakecomputing.com, user: AYUSH.GUPTA, role: SYSADMIN, database: AT_RISK_ASSETS, schema: SENSOR_DATA, warehouse: AGENTIC_WH, proxy was not configured, password is provided, region: undefined, authenticator: SNOWFLAKE, ocsp mode: FAIL_OPEN, os: linux, os version: 6.8.0-94-generic"}
{"level":"INFO","message":"[5:00:04.665 PM]: Connection[id: 455d9272-6b26-4a42-ab43-acf92adb84bb] additional details: passcode in password is provided, passcode is not provided, private key is not provided, application: undefined, client name: snowflake-sdk, client version: 2.3.3, retry timeout: 300, private key path: undefined, private key pass is not provided, client store temporary credential: false, browser response timeout: 120000"}
{"level":"INFO","message":"[5:00:04.666 PM]: Connection[id: 455d9272-6b26-4a42-ab43-acf92adb84bb] - connection object created successfully."}
{"level":"INFO","message":"[5:59:52.930 PM]: Creating new connection object"}
{"level":"INFO","message":"[5:59:52.948 PM]: Creating Connection[id: 54bbedc7-f938-40f7-a15c-1e048de09993] with host: PTKKKYG-MZ22010.snowflakecomputing.com, account: PTKKKYG-MZ22010, accessUrl: https://PTKKKYG-MZ22010.snowflakecomputing.com, user: AYUSH.GUPTA, role: SYSADMIN, database: AT_RISK_ASSETS, schema: SENSOR_DATA, warehouse: AGENTIC_WH, proxy was not configured, password is provided, region: undefined, authenticator: SNOWFLAKE, ocsp mode: FAIL_OPEN, os: linux, os version: 6.8.0-94-generic"}
{"level":"INFO","message":"[5:59:52.950 PM]: Connection[id: 54bbedc7-f938-40f7-a15c-1e048de09993] additional details: passcode in password is provided, passcode is not provided, private key is not provided, application: undefined, client name: snowflake-sdk, client version: 2.3.3, retry timeout: 300, private key path: undefined, private key pass is not provided, client store temporary credential: false, browser response timeout: 120000"}
{"level":"INFO","message":"[5:59:52.953 PM]: Connection[id: 54bbedc7-f938-40f7-a15c-1e048de09993] - connection object created successfully."}
{"level":"INFO","message":"[5:59:52.930 PM]: Creating new connection object"}
{"level":"INFO","message":"[5:59:52.930 PM]: Creating new connection object"}
{"level":"INFO","message":"[6:00:50.587 PM]: Creating new connection object"}
{"level":"INFO","message":"[6:01:30.021 PM]: Creating new connection object"}
{"level":"INFO","message":"[6:01:30.034 PM]: Creating Connection[id: a6b09580-150e-404d-902a-91ed56035244] with host: PTKKKYG-MZ22010.snowflakecomputing.com, account: PTKKKYG-MZ22010, accessUrl: https://PTKKKYG-MZ22010.snowflakecomputing.com, user: AYUSH.GUPTA, role: SYSADMIN, database: AT_RISK_ASSETS, schema: SENSOR_DATA, warehouse: AGENTIC_WH, proxy was not configured, password is provided, region: undefined, authenticator: SNOWFLAKE, ocsp mode: FAIL_OPEN, os: linux, os version: 6.8.0-94-generic"}
{"level":"INFO","message":"[6:01:30.036 PM]: Connection[id: a6b09580-150e-404d-902a-91ed56035244] additional details: passcode in password is provided, passcode is not provided, private key is not provided, application: undefined, client name: snowflake-sdk, client version: 2.3.3, retry timeout: 300, private key path: undefined, private key pass is not provided, client store temporary credential: false, browser response timeout: 120000"}
{"level":"INFO","message":"[6:01:30.038 PM]: Connection[id: a6b09580-150e-404d-902a-91ed56035244] - connection object created successfully."}
{"level":"INFO","message":"[6:09:39.979 PM]: Creating new connection object"}
{"level":"INFO","message":"[6:09:39.990 PM]: Creating Connection[id: 16ded675-c521-47f4-b60a-d38b004afff4] with host: PTKKKYG-MZ22010.snowflakecomputing.com, account: PTKKKYG-MZ22010, accessUrl: https://PTKKKYG-MZ22010.snowflakecomputing.com, user: AYUSH.GUPTA, role: SYSADMIN, database: AT_RISK_ASSETS, schema: SENSOR_DATA, warehouse: AGENTIC_WH, proxy was not configured, password is provided, region: undefined, authenticator: SNOWFLAKE, ocsp mode: FAIL_OPEN, os: linux, os version: 6.8.0-94-generic"}
{"level":"INFO","message":"[6:09:39.991 PM]: Connection[id: 16ded675-c521-47f4-b60a-d38b004afff4] additional details: passcode in password is provided, passcode is not provided, private key is not provided, application: undefined, client name: snowflake-sdk, client version: 2.3.3, retry timeout: 300, private key path: undefined, private key pass is not provided, client store temporary credential: false, browser response timeout: 120000"}
{"level":"INFO","message":"[6:09:39.992 PM]: Connection[id: 16ded675-c521-47f4-b60a-d38b004afff4] - connection object created successfully."}
{"level":"INFO","message":"[6:11:57.255 PM]: Creating new connection object"}
{"level":"INFO","message":"[6:11:57.266 PM]: Creating Connection[id: ef8334f4-f398-49bf-a6a4-2bd8f4c7817a] with host: PTKKKYG-MZ22010.snowflakecomputing.com, account: PTKKKYG-MZ22010, accessUrl: https://PTKKKYG-MZ22010.snowflakecomputing.com, user: AYUSH.GUPTA, role: SYSADMIN, database: AT_RISK_ASSETS, schema: SENSOR_DATA, warehouse: AGENTIC_WH, proxy was not configured, password is provided, region: undefined, authenticator: SNOWFLAKE, ocsp mode: FAIL_OPEN, os: linux, os version: 6.8.0-94-generic"}
{"level":"INFO","message":"[6:11:57.267 PM]: Connection[id: ef8334f4-f398-49bf-a6a4-2bd8f4c7817a] additional details: passcode in password is provided, passcode is not provided, private key is not provided, application: undefined, client name: snowflake-sdk, client version: 2.3.3, retry timeout: 300, private key path: undefined, private key pass is not provided, client store temporary credential: false, browser response timeout: 120000"}
{"level":"INFO","message":"[6:11:57.268 PM]: Connection[id: ef8334f4-f398-49bf-a6a4-2bd8f4c7817a] - connection object created successfully."}
{"level":"INFO","message":"[6:21:57.453 PM]: Creating new connection object"}
{"level":"INFO","message":"[6:21:57.464 PM]: Creating Connection[id: 75860a04-e9d3-4d3b-aff1-d05f65ecc1b8] with host: PTKKKYG-MZ22010.snowflakecomputing.com, account: PTKKKYG-MZ22010, accessUrl: https://PTKKKYG-MZ22010.snowflakecomputing.com, user: AYUSH.GUPTA, role: SYSADMIN, database: AT_RISK_ASSETS, schema: SENSOR_DATA, warehouse: AGENTIC_WH, proxy was not configured, password is provided, region: undefined, authenticator: SNOWFLAKE, ocsp mode: FAIL_OPEN, os: linux, os version: 6.8.0-94-generic"}
{"level":"INFO","message":"[6:21:57.465 PM]: Connection[id: 75860a04-e9d3-4d3b-aff1-d05f65ecc1b8] additional details: passcode in password is provided, passcode is not provided, private key is not provided, application: undefined, client name: snowflake-sdk, client version: 2.3.3, retry timeout: 300, private key path: undefined, private key pass is not provided, client store temporary credential: false, browser response timeout: 120000"}
{"level":"INFO","message":"[6:21:57.467 PM]: Connection[id: 75860a04-e9d3-4d3b-aff1-d05f65ecc1b8] - connection object created successfully."}
{"level":"INFO","message":"[6:23:34.470 PM]: Creating new connection object"}
{"level":"INFO","message":"[6:23:34.483 PM]: Creating Connection[id: e4ceaebe-6446-4338-8f9d-420e4b2a487c] with host: PTKKKYG-MZ22010.snowflakecomputing.com, account: PTKKKYG-MZ22010, accessUrl: https://PTKKKYG-MZ22010.snowflakecomputing.com, user: AYUSH.GUPTA, role: SYSADMIN, database: AT_RISK_ASSETS, schema: SENSOR_DATA, warehouse: AGENTIC_WH, proxy was not configured, password is provided, region: undefined, authenticator: SNOWFLAKE, ocsp mode: FAIL_OPEN, os: linux, os version: 6.8.0-94-generic"}
{"level":"INFO","message":"[6:23:34.485 PM]: Connection[id: e4ceaebe-6446-4338-8f9d-420e4b2a487c] additional details: passcode in password is provided, passcode is not provided, private key is not provided, application: undefined, client name: snowflake-sdk, client version: 2.3.3, retry timeout: 300, private key path: undefined, private key pass is not provided, client store temporary credential: false, browser response timeout: 120000"}
{"level":"INFO","message":"[6:23:34.486 PM]: Connection[id: e4ceaebe-6446-4338-8f9d-420e4b2a487c] - connection object created successfully."}
{"level":"INFO","message":"[6:24:35.259 PM]: Creating new connection object"}
{"level":"INFO","message":"[6:24:35.271 PM]: Creating Connection[id: 01ef762f-1c53-49c1-9f5e-c167d0d77fbc] with host: PTKKKYG-MZ22010.snowflakecomputing.com, account: PTKKKYG-MZ22010, accessUrl: https://PTKKKYG-MZ22010.snowflakecomputing.com, user: AYUSH.GUPTA, role: SYSADMIN, database: AT_RISK_ASSETS, schema: SENSOR_DATA, warehouse: AGENTIC_WH, proxy was not configured, password is provided, region: undefined, authenticator: SNOWFLAKE, ocsp mode: FAIL_OPEN, os: linux, os version: 6.8.0-94-generic"}
{"level":"INFO","message":"[6:24:35.272 PM]: Connection[id: 01ef762f-1c53-49c1-9f5e-c167d0d77fbc] additional details: passcode in password is provided, passcode is not provided, private key is not provided, application: undefined, client name: snowflake-sdk, client version: 2.3.3, retry timeout: 300, private key path: undefined, private key pass is not provided, client store temporary credential: false, browser response timeout: 120000"}
{"level":"INFO","message":"[6:24:35.274 PM]: Connection[id: 01ef762f-1c53-49c1-9f5e-c167d0d77fbc] - connection object created successfully."}
{"level":"INFO","message":"[6:25:14.231 PM]: Creating new connection object"}
{"level":"INFO","message":"[6:25:14.245 PM]: Creating Connection[id: ccba1a8b-9998-42a3-9a98-d167f70f2c03] with host: PTKKKYG-MZ22010.snowflakecomputing.com, account: PTKKKYG-MZ22010, accessUrl: https://PTKKKYG-MZ22010.snowflakecomputing.com, user: AYUSH.GUPTA, role: SYSADMIN, database: AT_RISK_ASSETS, schema: SENSOR_DATA, warehouse: AGENTIC_WH, proxy was not configured, password is provided, region: undefined, authenticator: SNOWFLAKE, ocsp mode: FAIL_OPEN, os: linux, os version: 6.8.0-94-generic"}
{"level":"INFO","message":"[6:25:14.247 PM]: Connection[id: ccba1a8b-9998-42a3-9a98-d167f70f2c03] additional details: passcode in password is provided, passcode is not provided, private key is not provided, application: undefined, client name: snowflake-sdk, client version: 2.3.3, retry timeout: 300, private key path: undefined, private key pass is not provided, client store temporary credential: false, browser response timeout: 120000"}
{"level":"INFO","message":"[6:25:14.249 PM]: Connection[id: ccba1a8b-9998-42a3-9a98-d167f70f2c03] - connection object created successfully."}
{"level":"INFO","message":"[6:25:59.527 PM]: Creating new connection object"}
{"level":"INFO","message":"[6:25:59.539 PM]: Creating Connection[id: dee079e4-9d3a-43b7-8b79-51f92064695e] with host: PTKKKYG-MZ22010.snowflakecomputing.com, account: PTKKKYG-MZ22010, accessUrl: https://PTKKKYG-MZ22010.snowflakecomputing.com, user: AYUSH.GUPTA, role: SYSADMIN, database: AT_RISK_ASSETS, schema: SENSOR_DATA, warehouse: AGENTIC_WH, proxy was not configured, password is provided, region: undefined, authenticator: SNOWFLAKE, ocsp mode: FAIL_OPEN, os: linux, os version: 6.8.0-94-generic"}
{"level":"INFO","message":"[6:25:59.540 PM]: Connection[id: dee079e4-9d3a-43b7-8b79-51f92064695e] additional details: passcode in password is provided, passcode is not provided, private key is not provided, application: undefined, client name: snowflake-sdk, client version: 2.3.3, retry timeout: 300, private key path: undefined, private key pass is not provided, client store temporary credential: false, browser response timeout: 120000"}
{"level":"INFO","message":"[6:25:59.541 PM]: Connection[id: dee079e4-9d3a-43b7-8b79-51f92064695e] - connection object created successfully."}
{"level":"INFO","message":"[6:26:41.850 PM]: Creating new connection object"}
{"level":"INFO","message":"[6:26:41.860 PM]: Creating Connection[id: fa3bff05-7086-443d-b77b-89f0ccef84a5] with host: PTKKKYG-MZ22010.snowflakecomputing.com, account: PTKKKYG-MZ22010, accessUrl: https://PTKKKYG-MZ22010.snowflakecomputing.com, user: AYUSH.GUPTA, role: SYSADMIN, database: AT_RISK_ASSETS, schema: SENSOR_DATA, warehouse: AGENTIC_WH, proxy was not configured, password is provided, region: undefined, authenticator: SNOWFLAKE, ocsp mode: FAIL_OPEN, os: linux, os version: 6.8.0-94-generic"}
{"level":"INFO","message":"[6:26:41.861 PM]: Connection[id: fa3bff05-7086-443d-b77b-89f0ccef84a5] additional details: passcode in password is provided, passcode is not provided, private key is not provided, application: undefined, client name: snowflake-sdk, client version: 2.3.3, retry timeout: 300, private key path: undefined, private key pass is not provided, client store temporary credential: false, browser response timeout: 120000"}
{"level":"INFO","message":"[6:26:41.862 PM]: Connection[id: fa3bff05-7086-443d-b77b-89f0ccef84a5] - connection object created successfully."}
{"level":"INFO","message":"[6:41:12.991 PM]: Creating new connection object"}
{"level":"INFO","message":"[6:41:13.005 PM]: Creating Connection[id: 14c49c37-bc54-4238-a884-03627ee5e778] with host: PTKKKYG-MZ22010.snowflakecomputing.com, account: PTKKKYG-MZ22010, accessUrl: https://PTKKKYG-MZ22010.snowflakecomputing.com, user: AYUSH.GUPTA, role: SYSADMIN, database: AT_RISK_ASSETS, schema: SENSOR_DATA, warehouse: AGENTIC_WH, proxy was not configured, password is provided, region: undefined, authenticator: SNOWFLAKE, ocsp mode: FAIL_OPEN, os: linux, os version: 6.8.0-94-generic"}
{"level":"INFO","message":"[6:41:13.006 PM]: Connection[id: 14c49c37-bc54-4238-a884-03627ee5e778] additional details: passcode in password is provided, passcode is not provided, private key is not provided, application: undefined, client name: snowflake-sdk, client version: 2.3.3, retry timeout: 300, private key path: undefined, private key pass is not provided, client store temporary credential: false, browser response timeout: 120000"}
{"level":"INFO","message":"[6:41:13.007 PM]: Connection[id: 14c49c37-bc54-4238-a884-03627ee5e778] - connection object created successfully."}
{"level":"INFO","message":"[6:48:13.710 PM]: Creating new connection object"}
{"level":"INFO","message":"[6:48:13.722 PM]: Creating Connection[id: 4940e9c1-3c2d-43c3-912c-64a9dc06ec38] with host: PTKKKYG-MZ22010.snowflakecomputing.com, account: PTKKKYG-MZ22010, accessUrl: https://PTKKKYG-MZ22010.snowflakecomputing.com, user: AYUSH.GUPTA, role: SYSADMIN, database: AT_RISK_ASSETS, schema: SENSOR_DATA, warehouse: AGENTIC_WH, proxy was not configured, password is provided, region: undefined, authenticator: SNOWFLAKE, ocsp mode: FAIL_OPEN, os: linux, os version: 6.8.0-94-generic"}
{"level":"INFO","message":"[6:48:13.723 PM]: Connection[id: 4940e9c1-3c2d-43c3-912c-64a9dc06ec38] additional details: passcode in password is provided, passcode is not provided, private key is not provided, application: undefined, client name: snowflake-sdk, client version: 2.3.3, retry timeout: 300, private key path: undefined, private key pass is not provided, client store temporary credential: false, browser response timeout: 120000"}
{"level":"INFO","message":"[6:48:13.723 PM]: Connection[id: 4940e9c1-3c2d-43c3-912c-64a9dc06ec38] - connection object created successfully."}
{"level":"INFO","message":"[7:11:58.628 PM]: Creating new connection object"}
{"level":"INFO","message":"[7:11:58.693 PM]: Creating Connection[id: 9978fdc3-5ba8-4da9-a6a0-fc32f97c147f] with host: test-account-12345.snowflakecomputing.com, account: test-account-12345, accessUrl: https://test-account-12345.snowflakecomputing.com, user: test-user, role: ACCOUNTADMIN, database: TEST_DB, schema: PUBLIC, warehouse: COMPUTE_WH, proxy was not configured, password is provided, region: undefined, authenticator: SNOWFLAKE, ocsp mode: FAIL_OPEN, os: linux, os version: 6.8.0-100-generic"}
{"level":"INFO","message":"[7:11:58.711 PM]: Connection[id: 9978fdc3-5ba8-4da9-a6a0-fc32f97c147f] additional details: passcode in password is provided, passcode is not provided, private key is not provided, application: undefined, client name: snowflake-sdk, client version: 2.3.3, retry timeout: 300, private key path: undefined, private key pass is not provided, client store temporary credential: false, browser response timeout: 120000"}
{"level":"INFO","message":"[7:11:58.714 PM]: Connection[id: 9978fdc3-5ba8-4da9-a6a0-fc32f97c147f] - connection object created successfully."}
{"level":"INFO","message":"[7:12:07.797 PM]: Creating new connection object"}
{"level":"INFO","message":"[7:12:07.836 PM]: Creating Connection[id: c8365b32-6cec-4150-a1fc-393428dc0561] with host: test-account-12345.snowflakecomputing.com, account: test-account-12345, accessUrl: https://test-account-12345.snowflakecomputing.com, user: test-user, role: ACCOUNTADMIN, database: TEST_DB, schema: PUBLIC, warehouse: COMPUTE_WH, proxy was not configured, password is provided, region: undefined, authenticator: SNOWFLAKE, ocsp mode: FAIL_OPEN, os: linux, os version: 6.8.0-100-generic"}
{"level":"INFO","message":"[7:12:07.839 PM]: Connection[id: c8365b32-6cec-4150-a1fc-393428dc0561] additional details: passcode in password is provided, passcode is not provided, private key is not provided, application: undefined, client name: snowflake-sdk, client version: 2.3.3, retry timeout: 300, private key path: undefined, private key pass is not provided, client store temporary credential: false, browser response timeout: 120000"}
{"level":"INFO","message":"[7:12:07.843 PM]: Connection[id: c8365b32-6cec-4150-a1fc-393428dc0561] - connection object created successfully."}
{"level":"INFO","message":"[7:12:07.495 PM]: Creating new connection object"}
{"level":"INFO","message":"[7:12:07.615 PM]: Creating Connection[id: e6790c46-4c78-41fc-9632-0d0ef1dab015] with host: test_account.snowflakecomputing.com, account: test_account, accessUrl: https://test_account.snowflakecomputing.com, user: test_user, role: test_role, database: test_database, schema: test_schema, warehouse: test_warehouse, proxy was not configured, password is provided, region: undefined, authenticator: SNOWFLAKE, ocsp mode: FAIL_OPEN, os: linux, os version: 6.8.0-100-generic"}
{"level":"INFO","message":"[7:12:07.642 PM]: Connection[id: e6790c46-4c78-41fc-9632-0d0ef1dab015] additional details: passcode in password is provided, passcode is not provided, private key is not provided, application: undefined, client name: snowflake-sdk, client version: 2.3.3, retry timeout: 300, private key path: undefined, private key pass is not provided, client store temporary credential: false, browser response timeout: 120000"}
{"level":"INFO","message":"[7:12:07.650 PM]: Connection[id: e6790c46-4c78-41fc-9632-0d0ef1dab015] - connection object created successfully."}
{"level":"INFO","message":"[12:32:43.406 PM]: Creating new connection object"}
{"level":"INFO","message":"[12:32:43.456 PM]: Creating Connection[id: 5967b59a-5c52-448b-a6af-51946d401179] with host: test-account-12345.snowflakecomputing.com, account: test-account-12345, accessUrl: https://test-account-12345.snowflakecomputing.com, user: test-user, role: ACCOUNTADMIN, database: TEST_DB, schema: PUBLIC, warehouse: COMPUTE_WH, proxy was not configured, password is provided, region: undefined, authenticator: SNOWFLAKE, ocsp mode: FAIL_OPEN, os: linux, os version: 6.8.0-100-generic"}
{"level":"INFO","message":"[12:32:43.493 PM]: Connection[id: 5967b59a-5c52-448b-a6af-51946d401179] additional details: passcode in password is provided, passcode is not provided, private key is not provided, application: undefined, client name: snowflake-sdk, client version: 2.3.3, retry timeout: 300, private key path: undefined, private key pass is not provided, client store temporary credential: false, browser response timeout: 120000"}
{"level":"INFO","message":"[12:32:43.496 PM]: Connection[id: 5967b59a-5c52-448b-a6af-51946d401179] - connection object created successfully."}
{"level":"INFO","message":"[12:32:51.275 PM]: Creating new connection object"}
{"level":"INFO","message":"[12:32:51.312 PM]: Creating Connection[id: d31d0479-85cc-451a-aab7-404e587231cc] with host: test_account.snowflakecomputing.com, account: test_account, accessUrl: https://test_account.snowflakecomputing.com, user: test_user, role: test_role, database: test_database, schema: test_schema, warehouse: test_warehouse, proxy was not configured, password is provided, region: undefined, authenticator: SNOWFLAKE, ocsp mode: FAIL_OPEN, os: linux, os version: 6.8.0-100-generic"}
{"level":"INFO","message":"[12:32:51.318 PM]: Connection[id: d31d0479-85cc-451a-aab7-404e587231cc] additional details: passcode in password is provided, passcode is not provided, private key is not provided, application: undefined, client name: snowflake-sdk, client version: 2.3.3, retry timeout: 300, private key path: undefined, private key pass is not provided, client store temporary credential: false, browser response timeout: 120000"}
{"level":"INFO","message":"[12:32:51.322 PM]: Connection[id: d31d0479-85cc-451a-aab7-404e587231cc] - connection object created successfully."}
{"level":"INFO","message":"[12:32:53.203 PM]: Creating new connection object"}
{"level":"INFO","message":"[12:32:53.247 PM]: Creating Connection[id: 18655938-afa0-4076-8388-da5bd56705fc] with host: test-account-12345.snowflakecomputing.com, account: test-account-12345, accessUrl: https://test-account-12345.snowflakecomputing.com, user: test-user, role: ACCOUNTADMIN, database: TEST_DB, schema: PUBLIC, warehouse: COMPUTE_WH, proxy was not configured, password is provided, region: undefined, authenticator: SNOWFLAKE, ocsp mode: FAIL_OPEN, os: linux, os version: 6.8.0-100-generic"}
{"level":"INFO","message":"[12:32:53.273 PM]: Connection[id: 18655938-afa0-4076-8388-da5bd56705fc] additional details: passcode in password is provided, passcode is not provided, private key is not provided, application: undefined, client name: snowflake-sdk, client version: 2.3.3, retry timeout: 300, private key path: undefined, private key pass is not provided, client store temporary credential: false, browser response timeout: 120000"}
{"level":"INFO","message":"[12:32:53.282 PM]: Connection[id: 18655938-afa0-4076-8388-da5bd56705fc] - connection object created successfully."}
{"level":"INFO","message":"[12:40:13.153 PM]: Creating new connection object"}
{"level":"INFO","message":"[12:40:13.280 PM]: Creating Connection[id: 10db8258-715d-4bd5-a2ed-ebeb5d71255c] with host: test-account-12345.snowflakecomputing.com, account: test-account-12345, accessUrl: https://test-account-12345.snowflakecomputing.com, user: test-user, role: ACCOUNTADMIN, database: TEST_DB, schema: PUBLIC, warehouse: COMPUTE_WH, proxy was not configured, password is provided, region: undefined, authenticator: SNOWFLAKE, ocsp mode: FAIL_OPEN, os: linux, os version: 6.8.0-100-generic"}
{"level":"INFO","message":"[12:40:13.292 PM]: Connection[id: 10db8258-715d-4bd5-a2ed-ebeb5d71255c] additional details: passcode in password is provided, passcode is not provided, private key is not provided, application: undefined, client name: snowflake-sdk, client version: 2.3.3, retry timeout: 300, private key path: undefined, private key pass is not provided, client store temporary credential: false, browser response timeout: 120000"}
{"level":"INFO","message":"[12:40:13.297 PM]: Connection[id: 10db8258-715d-4bd5-a2ed-ebeb5d71255c] - connection object created successfully."}
{"level":"INFO","message":"[12:40:14.063 PM]: Creating new connection object"}
{"level":"INFO","message":"[12:40:14.191 PM]: Creating Connection[id: 99fb302f-f6c4-489d-84de-0ca0a2b4bb82] with host: test-account-12345.snowflakecomputing.com, account: test-account-12345, accessUrl: https://test-account-12345.snowflakecomputing.com, user: test-user, role: ACCOUNTADMIN, database: TEST_DB, schema: PUBLIC, warehouse: COMPUTE_WH, proxy was not configured, password is provided, region: undefined, authenticator: SNOWFLAKE, ocsp mode: FAIL_OPEN, os: linux, os version: 6.8.0-100-generic"}
{"level":"INFO","message":"[12:40:14.271 PM]: Connection[id: 99fb302f-f6c4-489d-84de-0ca0a2b4bb82] additional details: passcode in password is provided, passcode is not provided, private key is not provided, application: undefined, client name: snowflake-sdk, client version: 2.3.3, retry timeout: 300, private key path: undefined, private key pass is not provided, client store temporary credential: false, browser response timeout: 120000"}
{"level":"INFO","message":"[12:40:14.277 PM]: Connection[id: 99fb302f-f6c4-489d-84de-0ca0a2b4bb82] - connection object created successfully."}
{"level":"INFO","message":"[12:40:13.534 PM]: Creating new connection object"}
{"level":"INFO","message":"[12:40:13.771 PM]: Creating Connection[id: bd4a3675-67db-4285-8d0e-cbb283e9cc62] with host: test_account.snowflakecomputing.com, account: test_account, accessUrl: https://test_account.snowflakecomputing.com, user: test_user, role: test_role, database: test_database, schema: test_schema, warehouse: test_warehouse, proxy was not configured, password is provided, region: undefined, authenticator: SNOWFLAKE, ocsp mode: FAIL_OPEN, os: linux, os version: 6.8.0-100-generic"}
{"level":"INFO","message":"[12:40:13.796 PM]: Connection[id: bd4a3675-67db-4285-8d0e-cbb283e9cc62] additional details: passcode in password is provided, passcode is not provided, private key is not provided, application: undefined, client name: snowflake-sdk, client version: 2.3.3, retry timeout: 300, private key path: undefined, private key pass is not provided, client store temporary credential: false, browser response timeout: 120000"}
{"level":"INFO","message":"[12:40:13.808 PM]: Connection[id: bd4a3675-67db-4285-8d0e-cbb283e9cc62] - connection object created successfully."}
{"level":"INFO","message":"[12:43:15.508 PM]: Creating new connection object"}
{"level":"INFO","message":"[12:43:15.619 PM]: Creating Connection[id: 8156d550-3e47-4396-b8b7-9371e9f43fa4] with host: test-account-12345.snowflakecomputing.com, account: test-account-12345, accessUrl: https://test-account-12345.snowflakecomputing.com, user: test-user, role: ACCOUNTADMIN, database: TEST_DB, schema: PUBLIC, warehouse: COMPUTE_WH, proxy was not configured, password is provided, region: undefined, authenticator: SNOWFLAKE, ocsp mode: FAIL_OPEN, os: linux, os version: 6.8.0-100-generic"}
{"level":"INFO","message":"[12:43:15.640 PM]: Connection[id: 8156d550-3e47-4396-b8b7-9371e9f43fa4] additional details: passcode in password is provided, passcode is not provided, private key is not provided, application: undefined, client name: snowflake-sdk, client version: 2.3.3, retry timeout: 300, private key path: undefined, private key pass is not provided, client store temporary credential: false, browser response timeout: 120000"}
{"level":"INFO","message":"[12:43:15.645 PM]: Connection[id: 8156d550-3e47-4396-b8b7-9371e9f43fa4] - connection object created successfully."}
{"level":"INFO","message":"[12:43:15.868 PM]: Creating new connection object"}
{"level":"INFO","message":"[12:43:16.073 PM]: Creating Connection[id: c2fa67ac-f338-427d-8dd5-96d18d300af0] with host: test-account-12345.snowflakecomputing.com, account: test-account-12345, accessUrl: https://test-account-12345.snowflakecomputing.com, user: test-user, role: ACCOUNTADMIN, database: TEST_DB, schema: PUBLIC, warehouse: COMPUTE_WH, proxy was not configured, password is provided, region: undefined, authenticator: SNOWFLAKE, ocsp mode: FAIL_OPEN, os: linux, os version: 6.8.0-100-generic"}
{"level":"INFO","message":"[12:43:16.086 PM]: Connection[id: c2fa67ac-f338-427d-8dd5-96d18d300af0] additional details: passcode in password is provided, passcode is not provided, private key is not provided, application: undefined, client name: snowflake-sdk, client version: 2.3.3, retry timeout: 300, private key path: undefined, private key pass is not provided, client store temporary credential: false, browser response timeout: 120000"}
{"level":"INFO","message":"[12:43:16.091 PM]: Connection[id: c2fa67ac-f338-427d-8dd5-96d18d300af0] - connection object created successfully."}
{"level":"INFO","message":"[12:43:16.261 PM]: Creating new connection object"}
{"level":"INFO","message":"[12:43:16.404 PM]: Creating Connection[id: 6a7c99c6-dedb-4be9-b7f6-27e80d8ca911] with host: test_account.snowflakecomputing.com, account: test_account, accessUrl: https://test_account.snowflakecomputing.com, user: test_user, role: test_role, database: test_database, schema: test_schema, warehouse: test_warehouse, proxy was not configured, password is provided, region: undefined, authenticator: SNOWFLAKE, ocsp mode: FAIL_OPEN, os: linux, os version: 6.8.0-100-generic"}
{"level":"INFO","message":"[12:43:16.451 PM]: Connection[id: 6a7c99c6-dedb-4be9-b7f6-27e80d8ca911] additional details: passcode in password is provided, passcode is not provided, private key is not provided, application: undefined, client name: snowflake-sdk, client version: 2.3.3, retry timeout: 300, private key path: undefined, private key pass is not provided, client store temporary credential: false, browser response timeout: 120000"}
{"level":"INFO","message":"[12:43:16.481 PM]: Connection[id: 6a7c99c6-dedb-4be9-b7f6-27e80d8ca911] - connection object created successfully."}
{"level":"INFO","message":"[12:56:00.336 PM]: Creating new connection object"}
{"level":"INFO","message":"[12:56:00.515 PM]: Creating Connection[id: 7c1d7034-4c25-480a-a72c-b81e31231f3a] with host: test-account-12345.snowflakecomputing.com, account: test-account-12345, accessUrl: https://test-account-12345.snowflakecomputing.com, user: test-user, role: ACCOUNTADMIN, database: TEST_DB, schema: PUBLIC, warehouse: COMPUTE_WH, proxy was not configured, password is provided, region: undefined, authenticator: SNOWFLAKE, ocsp mode: FAIL_OPEN, os: linux, os version: 6.8.0-100-generic"}
{"level":"INFO","message":"[12:56:00.556 PM]: Connection[id: 7c1d7034-4c25-480a-a72c-b81e31231f3a] additional details: passcode in password is provided, passcode is not provided, private key is not provided, application: undefined, client name: snowflake-sdk, client version: 2.3.3, retry timeout: 300, private key path: undefined, private key pass is not provided, client store temporary credential: false, browser response timeout: 120000"}
{"level":"INFO","message":"[12:56:00.561 PM]: Connection[id: 7c1d7034-4c25-480a-a72c-b81e31231f3a] - connection object created successfully."}
{"level":"INFO","message":"[12:56:01.885 PM]: Creating new connection object"}
{"level":"INFO","message":"[12:56:02.009 PM]: Creating Connection[id: e8532d60-9bc4-4aca-9b2d-895b9e713055] with host: test-account-12345.snowflakecomputing.com, account: test-account-12345, accessUrl: https://test-account-12345.snowflakecomputing.com, user: test-user, role: ACCOUNTADMIN, database: TEST_DB, schema: PUBLIC, warehouse: COMPUTE_WH, proxy was not configured, password is provided, region: undefined, authenticator: SNOWFLAKE, ocsp mode: FAIL_OPEN, os: linux, os version: 6.8.0-100-generic"}
{"level":"INFO","message":"[12:56:02.052 PM]: Connection[id: e8532d60-9bc4-4aca-9b2d-895b9e713055] additional details: passcode in password is provided, passcode is not provided, private key is not provided, application: undefined, client name: snowflake-sdk, client version: 2.3.3, retry timeout: 300, private key path: undefined, private key pass is not provided, client store temporary credential: false, browser response timeout: 120000"}
{"level":"INFO","message":"[12:56:02.056 PM]: Connection[id: e8532d60-9bc4-4aca-9b2d-895b9e713055] - connection object created successfully."}
{"level":"INFO","message":"[12:56:02.001 PM]: Creating new connection object"}
{"level":"INFO","message":"[12:56:02.128 PM]: Creating Connection[id: eaf5013e-266a-4b94-bb64-0d7a186993c0] with host: test_account.snowflakecomputing.com, account: test_account, accessUrl: https://test_account.snowflakecomputing.com, user: test_user, role: test_role, database: test_database, schema: test_schema, warehouse: test_warehouse, proxy was not configured, password is provided, region: undefined, authenticator: SNOWFLAKE, ocsp mode: FAIL_OPEN, os: linux, os version: 6.8.0-100-generic"}
{"level":"INFO","message":"[12:56:02.146 PM]: Connection[id: eaf5013e-266a-4b94-bb64-0d7a186993c0] additional details: passcode in password is provided, passcode is not provided, private key is not provided, application: undefined, client name: snowflake-sdk, client version: 2.3.3, retry timeout: 300, private key path: undefined, private key pass is not provided, client store temporary credential: false, browser response timeout: 120000"}
{"level":"INFO","message":"[12:56:02.151 PM]: Connection[id: eaf5013e-266a-4b94-bb64-0d7a186993c0] - connection object created successfully."}
{"level":"INFO","message":"[1:07:38.628 PM]: Creating new connection object"}
{"level":"INFO","message":"[1:07:38.746 PM]: Creating Connection[id: 1633e94d-cfc3-4958-8a10-dbb4b31c69c4] with host: test-account-12345.snowflakecomputing.com, account: test-account-12345, accessUrl: https://test-account-12345.snowflakecomputing.com, user: test-user, role: ACCOUNTADMIN, database: TEST_DB, schema: PUBLIC, warehouse: COMPUTE_WH, proxy was not configured, password is provided, region: undefined, authenticator: SNOWFLAKE, ocsp mode: FAIL_OPEN, os: linux, os version: 6.8.0-100-generic"}
{"level":"INFO","message":"[1:07:38.779 PM]: Connection[id: 1633e94d-cfc3-4958-8a10-dbb4b31c69c4] additional details: passcode in password is provided, passcode is not provided, private key is not provided, application: undefined, client name: snowflake-sdk, client version: 2.3.3, retry timeout: 300, private key path: undefined, private key pass is not provided, client store temporary credential: false, browser response timeout: 120000"}
{"level":"INFO","message":"[1:07:38.783 PM]: Connection[id: 1633e94d-cfc3-4958-8a10-dbb4b31c69c4] - connection object created successfully."}
{"level":"INFO","message":"[1:07:39.846 PM]: Creating new connection object"}
{"level":"INFO","message":"[1:07:39.996 PM]: Creating Connection[id: 5f853a1c-9296-4bd5-99cc-3ec620bcc584] with host: test-account-12345.snowflakecomputing.com, account: test-account-12345, accessUrl: https://test-account-12345.snowflakecomputing.com, user: test-user, role: ACCOUNTADMIN, database: TEST_DB, schema: PUBLIC, warehouse: COMPUTE_WH, proxy was not configured, password is provided, region: undefined, authenticator: SNOWFLAKE, ocsp mode: FAIL_OPEN, os: linux, os version: 6.8.0-100-generic"}
{"level":"INFO","message":"[1:07:40.014 PM]: Connection[id: 5f853a1c-9296-4bd5-99cc-3ec620bcc584] additional details: passcode in password is provided, passcode is not provided, private key is not provided, application: undefined, client name: snowflake-sdk, client version: 2.3.3, retry timeout: 300, private key path: undefined, private key pass is not provided, client store temporary credential: false, browser response timeout: 120000"}
{"level":"INFO","message":"[1:07:40.019 PM]: Connection[id: 5f853a1c-9296-4bd5-99cc-3ec620bcc584] - connection object created successfully."}
{"level":"INFO","message":"[1:07:39.740 PM]: Creating new connection object"}
{"level":"INFO","message":"[1:07:39.920 PM]: Creating Connection[id: 04a2331a-aac0-4075-b8c1-bcf8875e78d5] with host: test_account.snowflakecomputing.com, account: test_account, accessUrl: https://test_account.snowflakecomputing.com, user: test_user, role: test_role, database: test_database, schema: test_schema, warehouse: test_warehouse, proxy was not configured, password is provided, region: undefined, authenticator: SNOWFLAKE, ocsp mode: FAIL_OPEN, os: linux, os version: 6.8.0-100-generic"}
{"level":"INFO","message":"[1:07:39.945 PM]: Connection[id: 04a2331a-aac0-4075-b8c1-bcf8875e78d5] additional details: passcode in password is provided, passcode is not provided, private key is not provided, application: undefined, client name: snowflake-sdk, client version: 2.3.3, retry timeout: 300, private key path: undefined, private key pass is not provided, client store temporary credential: false, browser response timeout: 120000"}
{"level":"INFO","message":"[1:07:39.951 PM]: Connection[id: 04a2331a-aac0-4075-b8c1-bcf8875e78d5] - connection object created successfully."}
{"level":"INFO","message":"[1:08:37.734 PM]: Creating new connection object"}
{"level":"INFO","message":"[1:08:37.847 PM]: Creating Connection[id: 43aa0ffe-3eb7-4d4a-9212-e57abad2003b] with host: test-account-12345.snowflakecomputing.com, account: test-account-12345, accessUrl: https://test-account-12345.snowflakecomputing.com, user: test-user, role: ACCOUNTADMIN, database: TEST_DB, schema: PUBLIC, warehouse: COMPUTE_WH, proxy was not configured, password is provided, region: undefined, authenticator: SNOWFLAKE, ocsp mode: FAIL_OPEN, os: linux, os version: 6.8.0-100-generic"}
{"level":"INFO","message":"[1:08:37.866 PM]: Connection[id: 43aa0ffe-3eb7-4d4a-9212-e57abad2003b] additional details: passcode in password is provided, passcode is not provided, private key is not provided, application: undefined, client name: snowflake-sdk, client version: 2.3.3, retry timeout: 300, private key path: undefined, private key pass is not provided, client store temporary credential: false, browser response timeout: 120000"}
{"level":"INFO","message":"[1:08:37.869 PM]: Connection[id: 43aa0ffe-3eb7-4d4a-9212-e57abad2003b] - connection object created successfully."}
{"level":"INFO","message":"[1:08:37.728 PM]: Creating new connection object"}
{"level":"INFO","message":"[1:08:37.847 PM]: Creating Connection[id: d98c7357-185f-4ad6-8401-f32633bc6c9d] with host: test-account-12345.snowflakecomputing.com, account: test-account-12345, accessUrl: https://test-account-12345.snowflakecomputing.com, user: test-user, role: ACCOUNTADMIN, database: TEST_DB, schema: PUBLIC, warehouse: COMPUTE_WH, proxy was not configured, password is provided, region: undefined, authenticator: SNOWFLAKE, ocsp mode: FAIL_OPEN, os: linux, os version: 6.8.0-100-generic"}
{"level":"INFO","message":"[1:08:37.866 PM]: Connection[id: d98c7357-185f-4ad6-8401-f32633bc6c9d] additional details: passcode in password is provided, passcode is not provided, private key is not provided, application: undefined, client name: snowflake-sdk, client version: 2.3.3, retry timeout: 300, private key path: undefined, private key pass is not provided, client store temporary credential: false, browser response timeout: 120000"}
{"level":"INFO","message":"[1:08:37.872 PM]: Connection[id: d98c7357-185f-4ad6-8401-f32633bc6c9d] - connection object created successfully."}
{"level":"INFO","message":"[1:08:37.816 PM]: Creating new connection object"}
{"level":"INFO","message":"[1:08:37.965 PM]: Creating Connection[id: f92c08a6-2c13-4d7a-8d43-29b337291868] with host: test_account.snowflakecomputing.com, account: test_account, accessUrl: https://test_account.snowflakecomputing.com, user: test_user, role: test_role, database: test_database, schema: test_schema, warehouse: test_warehouse, proxy was not configured, password is provided, region: undefined, authenticator: SNOWFLAKE, ocsp mode: FAIL_OPEN, os: linux, os version: 6.8.0-100-generic"}
{"level":"INFO","message":"[1:08:37.984 PM]: Connection[id: f92c08a6-2c13-4d7a-8d43-29b337291868] additional details: passcode in password is provided, passcode is not provided, private key is not provided, application: undefined, client name: snowflake-sdk, client version: 2.3.3, retry timeout: 300, private key path: undefined, private key pass is not provided, client store temporary credential: false, browser response timeout: 120000"}
{"level":"INFO","message":"[1:08:37.988 PM]: Connection[id: f92c08a6-2c13-4d7a-8d43-29b337291868] - connection object created successfully."}
{"level":"INFO","message":"[1:16:16.760 PM]: Creating new connection object"}
{"level":"INFO","message":"[1:16:16.928 PM]: Creating Connection[id: 784ff702-f056-4c6e-b809-7dfe28953377] with host: test-account-12345.snowflakecomputing.com, account: test-account-12345, accessUrl: https://test-account-12345.snowflakecomputing.com, user: test-user, role: ACCOUNTADMIN, database: TEST_DB, schema: PUBLIC, warehouse: COMPUTE_WH, proxy was not configured, password is provided, region: undefined, authenticator: SNOWFLAKE, ocsp mode: FAIL_OPEN, os: linux, os version: 6.8.0-100-generic"}
{"level":"INFO","message":"[1:16:16.971 PM]: Connection[id: 784ff702-f056-4c6e-b809-7dfe28953377] additional details: passcode in password is provided, passcode is not provided, private key is not provided, application: undefined, client name: snowflake-sdk, client version: 2.3.3, retry timeout: 300, private key path: undefined, private key pass is not provided, client store temporary credential: false, browser response timeout: 120000"}
{"level":"INFO","message":"[1:16:16.976 PM]: Connection[id: 784ff702-f056-4c6e-b809-7dfe28953377] - connection object created successfully."}
{"level":"INFO","message":"[1:16:19.075 PM]: Creating new connection object"}
{"level":"INFO","message":"[1:16:19.205 PM]: Creating Connection[id: 6cee496e-427d-4741-b540-5febd591f14e] with host: test-account-12345.snowflakecomputing.com, account: test-account-12345, accessUrl: https://test-account-12345.snowflakecomputing.com, user: test-user, role: ACCOUNTADMIN, database: TEST_DB, schema: PUBLIC, warehouse: COMPUTE_WH, proxy was not configured, password is provided, region: undefined, authenticator: SNOWFLAKE, ocsp mode: FAIL_OPEN, os: linux, os version: 6.8.0-100-generic"}
{"level":"INFO","message":"[1:16:19.244 PM]: Connection[id: 6cee496e-427d-4741-b540-5febd591f14e] additional details: passcode in password is provided, passcode is not provided, private key is not provided, application: undefined, client name: snowflake-sdk, client version: 2.3.3, retry timeout: 300, private key path: undefined, private key pass is not provided, client store temporary credential: false, browser response timeout: 120000"}
{"level":"INFO","message":"[1:16:19.255 PM]: Connection[id: 6cee496e-427d-4741-b540-5febd591f14e] - connection object created successfully."}
{"level":"INFO","message":"[1:16:19.022 PM]: Creating new connection object"}
{"level":"INFO","message":"[1:16:19.138 PM]: Creating Connection[id: bcb7b192-5917-4be6-936e-6b927666d7f1] with host: test_account.snowflakecomputing.com, account: test_account, accessUrl: https://test_account.snowflakecomputing.com, user: test_user, role: test_role, database: test_database, schema: test_schema, warehouse: test_warehouse, proxy was not configured, password is provided, region: undefined, authenticator: SNOWFLAKE, ocsp mode: FAIL_OPEN, os: linux, os version: 6.8.0-100-generic"}
{"level":"INFO","message":"[1:16:19.164 PM]: Connection[id: bcb7b192-5917-4be6-936e-6b927666d7f1] additional details: passcode in password is provided, passcode is not provided, private key is not provided, application: undefined, client name: snowflake-sdk, client version: 2.3.3, retry timeout: 300, private key path: undefined, private key pass is not provided, client store temporary credential: false, browser response timeout: 120000"}
{"level":"INFO","message":"[1:16:19.190 PM]: Connection[id: bcb7b192-5917-4be6-936e-6b927666d7f1] - connection object created successfully."}
{"level":"INFO","message":"[1:18:23.074 PM]: Creating new connection object"}
{"level":"INFO","message":"[1:18:23.184 PM]: Creating Connection[id: c5d4d91d-b2ee-416c-86ed-9724735985eb] with host: test-account-12345.snowflakecomputing.com, account: test-account-12345, accessUrl: https://test-account-12345.snowflakecomputing.com, user: test-user, role: ACCOUNTADMIN, database: TEST_DB, schema: PUBLIC, warehouse: COMPUTE_WH, proxy was not configured, password is provided, region: undefined, authenticator: SNOWFLAKE, ocsp mode: FAIL_OPEN, os: linux, os version: 6.8.0-100-generic"}
{"level":"INFO","message":"[1:18:23.221 PM]: Connection[id: c5d4d91d-b2ee-416c-86ed-9724735985eb] additional details: passcode in password is provided, passcode is not provided, private key is not provided, application: undefined, client name: snowflake-sdk, client version: 2.3.3, retry timeout: 300, private key path: undefined, private key pass is not provided, client store temporary credential: false, browser response timeout: 120000"}
{"level":"INFO","message":"[1:18:23.226 PM]: Connection[id: c5d4d91d-b2ee-416c-86ed-9724735985eb] - connection object created successfully."}
{"level":"INFO","message":"[1:18:23.187 PM]: Creating new connection object"}
{"level":"INFO","message":"[1:18:23.356 PM]: Creating Connection[id: d438a847-f4b9-4d3e-92cb-45debc379df5] with host: test-account-12345.snowflakecomputing.com, account: test-account-12345, accessUrl: https://test-account-12345.snowflakecomputing.com, user: test-user, role: ACCOUNTADMIN, database: TEST_DB, schema: PUBLIC, warehouse: COMPUTE_WH, proxy was not configured, password is provided, region: undefined, authenticator: SNOWFLAKE, ocsp mode: FAIL_OPEN, os: linux, os version: 6.8.0-100-generic"}
{"level":"INFO","message":"[1:18:23.385 PM]: Connection[id: d438a847-f4b9-4d3e-92cb-45debc379df5] additional details: passcode in password is provided, passcode is not provided, private key is not provided, application: undefined, client name: snowflake-sdk, client version: 2.3.3, retry timeout: 300, private key path: undefined, private key pass is not provided, client store temporary credential: false, browser response timeout: 120000"}
{"level":"INFO","message":"[1:18:23.392 PM]: Connection[id: d438a847-f4b9-4d3e-92cb-45debc379df5] - connection object created successfully."}
{"level":"INFO","message":"[1:18:23.009 PM]: Creating new connection object"}
{"level":"INFO","message":"[1:18:23.179 PM]: Creating Connection[id: 1024dca7-2b0f-4c5f-b1a7-b639d5d455c0] with host: test_account.snowflakecomputing.com, account: test_account, accessUrl: https://test_account.snowflakecomputing.com, user: test_user, role: test_role, database: test_database, schema: test_schema, warehouse: test_warehouse, proxy was not configured, password is provided, region: undefined, authenticator: SNOWFLAKE, ocsp mode: FAIL_OPEN, os: linux, os version: 6.8.0-100-generic"}
{"level":"INFO","message":"[1:18:23.202 PM]: Connection[id: 1024dca7-2b0f-4c5f-b1a7-b639d5d455c0] additional details: passcode in password is provided, passcode is not provided, private key is not provided, application: undefined, client name: snowflake-sdk, client version: 2.3.3, retry timeout: 300, private key path: undefined, private key pass is not provided, client store temporary credential: false, browser response timeout: 120000"}
{"level":"INFO","message":"[1:18:23.208 PM]: Connection[id: 1024dca7-2b0f-4c5f-b1a7-b639d5d455c0] - connection object created successfully."}
{"level":"INFO","message":"[1:19:45.222 PM]: Creating new connection object"}
{"level":"INFO","message":"[1:19:45.369 PM]: Creating Connection[id: e73d0235-4e93-46f8-a0ef-69d780e48ec8] with host: test-account-12345.snowflakecomputing.com, account: test-account-12345, accessUrl: https://test-account-12345.snowflakecomputing.com, user: test-user, role: ACCOUNTADMIN, database: TEST_DB, schema: PUBLIC, warehouse: COMPUTE_WH, proxy was not configured, password is provided, region: undefined, authenticator: SNOWFLAKE, ocsp mode: FAIL_OPEN, os: linux, os version: 6.8.0-100-generic"}
{"level":"INFO","message":"[1:19:45.389 PM]: Connection[id: e73d0235-4e93-46f8-a0ef-69d780e48ec8] additional details: passcode in password is provided, passcode is not provided, private key is not provided, application: undefined, client name: snowflake-sdk, client version: 2.3.3, retry timeout: 300, private key path: undefined, private key pass is not provided, client store temporary credential: false, browser response timeout: 120000"}
{"level":"INFO","message":"[1:19:45.395 PM]: Connection[id: e73d0235-4e93-46f8-a0ef-69d780e48ec8] - connection object created successfully."}
{"level":"INFO","message":"[1:19:45.189 PM]: Creating new connection object"}
{"level":"INFO","message":"[1:19:45.318 PM]: Creating Connection[id: f8ac29f5-973e-435f-9a3a-d668a0747632] with host: test_account.snowflakecomputing.com, account: test_account, accessUrl: https://test_account.snowflakecomputing.com, user: test_user, role: test_role, database: test_database, schema: test_schema, warehouse: test_warehouse, proxy was not configured, password is provided, region: undefined, authenticator: SNOWFLAKE, ocsp mode: FAIL_OPEN, os: linux, os version: 6.8.0-100-generic"}
{"level":"INFO","message":"[1:19:45.362 PM]: Connection[id: f8ac29f5-973e-435f-9a3a-d668a0747632] additional details: passcode in password is provided, passcode is not provided, private key is not provided, application: undefined, client name: snowflake-sdk, client version: 2.3.3, retry timeout: 300, private key path: undefined, private key pass is not provided, client store temporary credential: false, browser response timeout: 120000"}
{"level":"INFO","message":"[1:19:45.365 PM]: Connection[id: f8ac29f5-973e-435f-9a3a-d668a0747632] - connection object created successfully."}
{"level":"INFO","message":"[1:19:45.581 PM]: Creating new connection object"}
{"level":"INFO","message":"[1:19:45.763 PM]: Creating Connection[id: c8b904bb-5414-41f2-92d5-64bc29c2df8e] with host: test-account-12345.snowflakecomputing.com, account: test-account-12345, accessUrl: https://test-account-12345.snowflakecomputing.com, user: test-user, role: ACCOUNTADMIN, database: TEST_DB, schema: PUBLIC, warehouse: COMPUTE_WH, proxy was not configured, password is provided, region: undefined, authenticator: SNOWFLAKE, ocsp mode: FAIL_OPEN, os: linux, os version: 6.8.0-100-generic"}
{"level":"INFO","message":"[1:19:45.781 PM]: Connection[id: c8b904bb-5414-41f2-92d5-64bc29c2df8e] additional details: passcode in password is provided, passcode is not provided, private key is not provided, application: undefined, client name: snowflake-sdk, client version: 2.3.3, retry timeout: 300, private key path: undefined, private key pass is not provided, client store temporary credential: false, browser response timeout: 120000"}
{"level":"INFO","message":"[1:19:45.785 PM]: Connection[id: c8b904bb-5414-41f2-92d5-64bc29c2df8e] - connection object created successfully."}
{"level":"INFO","message":"[1:41:51.041 PM]: Creating new connection object"}
{"level":"INFO","message":"[1:41:51.170 PM]: Creating Connection[id: c101ddbc-c92f-4c43-b8de-b5a0880afb39] with host: test-account-12345.snowflakecomputing.com, account: test-account-12345, accessUrl: https://test-account-12345.snowflakecomputing.com, user: test-user, role: ACCOUNTADMIN, database: TEST_DB, schema: PUBLIC, warehouse: COMPUTE_WH, proxy was not configured, password is provided, region: undefined, authenticator: SNOWFLAKE, ocsp mode: FAIL_OPEN, os: linux, os version: 6.8.0-100-generic"}
{"level":"INFO","message":"[1:41:51.208 PM]: Connection[id: c101ddbc-c92f-4c43-b8de-b5a0880afb39] additional details: passcode in password is provided, passcode is not provided, private key is not provided, application: undefined, client name: snowflake-sdk, client version: 2.3.3, retry timeout: 300, private key path: undefined, private key pass is not provided, client store temporary credential: false, browser response timeout: 120000"}
{"level":"INFO","message":"[1:41:51.214 PM]: Connection[id: c101ddbc-c92f-4c43-b8de-b5a0880afb39] - connection object created successfully."}
{"level":"INFO","message":"[1:41:51.022 PM]: Creating new connection object"}
{"level":"INFO","message":"[1:41:51.226 PM]: Creating Connection[id: 406b514a-a4fb-44a3-866f-e4513e7f8dc8] with host: test_account.snowflakecomputing.com, account: test_account, accessUrl: https://test_account.snowflakecomputing.com, user: test_user, role: test_role, database: test_database, schema: test_schema, warehouse: test_warehouse, proxy was not configured, password is provided, region: undefined, authenticator: SNOWFLAKE, ocsp mode: FAIL_OPEN, os: linux, os version: 6.8.0-100-generic"}
{"level":"INFO","message":"[1:41:51.246 PM]: Connection[id: 406b514a-a4fb-44a3-866f-e4513e7f8dc8] additional details: passcode in password is provided, passcode is not provided, private key is not provided, application: undefined, client name: snowflake-sdk, client version: 2.3.3, retry timeout: 300, private key path: undefined, private key pass is not provided, client store temporary credential: false, browser response timeout: 120000"}
{"level":"INFO","message":"[1:41:51.252 PM]: Connection[id: 406b514a-a4fb-44a3-866f-e4513e7f8dc8] - connection object created successfully."}
{"level":"INFO","message":"[1:41:51.612 PM]: Creating new connection object"}
{"level":"INFO","message":"[1:41:51.812 PM]: Creating Connection[id: 4d0b6eeb-a069-489d-800a-37e4fdad74ac] with host: test-account-12345.snowflakecomputing.com, account: test-account-12345, accessUrl: https://test-account-12345.snowflakecomputing.com, user: test-user, role: ACCOUNTADMIN, database: TEST_DB, schema: PUBLIC, warehouse: COMPUTE_WH, proxy was not configured, password is provided, region: undefined, authenticator: SNOWFLAKE, ocsp mode: FAIL_OPEN, os: linux, os version: 6.8.0-100-generic"}
{"level":"INFO","message":"[1:41:51.836 PM]: Connection[id: 4d0b6eeb-a069-489d-800a-37e4fdad74ac] additional details: passcode in password is provided, passcode is not provided, private key is not provided, application: undefined, client name: snowflake-sdk, client version: 2.3.3, retry timeout: 300, private key path: undefined, private key pass is not provided, client store temporary credential: false, browser response timeout: 120000"}
{"level":"INFO","message":"[1:41:51.841 PM]: Connection[id: 4d0b6eeb-a069-489d-800a-37e4fdad74ac] - connection object created successfully."}
{"level":"INFO","message":"[1:42:30.854 PM]: Creating new connection object"}
{"level":"INFO","message":"[1:42:30.961 PM]: Creating Connection[id: dda0e71d-e806-47a7-a66d-c2a02a745707] with host: test-account-12345.snowflakecomputing.com, account: test-account-12345, accessUrl: https://test-account-12345.snowflakecomputing.com, user: test-user, role: ACCOUNTADMIN, database: TEST_DB, schema: PUBLIC, warehouse: COMPUTE_WH, proxy was not configured, password is provided, region: undefined, authenticator: SNOWFLAKE, ocsp mode: FAIL_OPEN, os: linux, os version: 6.8.0-100-generic"}
{"level":"INFO","message":"[1:42:30.981 PM]: Connection[id: dda0e71d-e806-47a7-a66d-c2a02a745707] additional details: passcode in password is provided, passcode is not provided, private key is not provided, application: undefined, client name: snowflake-sdk, client version: 2.3.3, retry timeout: 300, private key path: undefined, private key pass is not provided, client store temporary credential: false, browser response timeout: 120000"}
{"level":"INFO","message":"[1:42:30.986 PM]: Connection[id: dda0e71d-e806-47a7-a66d-c2a02a745707] - connection object created successfully."}
{"level":"INFO","message":"[1:42:31.132 PM]: Creating new connection object"}
{"level":"INFO","message":"[1:42:31.307 PM]: Creating Connection[id: c490a04b-9cfe-4765-8596-f00f3c8ae5be] with host: test-account-12345.snowflakecomputing.com, account: test-account-12345, accessUrl: https://test-account-12345.snowflakecomputing.com, user: test-user, role: ACCOUNTADMIN, database: TEST_DB, schema: PUBLIC, warehouse: COMPUTE_WH, proxy was not configured, password is provided, region: undefined, authenticator: SNOWFLAKE, ocsp mode: FAIL_OPEN, os: linux, os version: 6.8.0-100-generic"}
{"level":"INFO","message":"[1:42:31.323 PM]: Connection[id: c490a04b-9cfe-4765-8596-f00f3c8ae5be] additional details: passcode in password is provided, passcode is not provided, private key is not provided, application: undefined, client name: snowflake-sdk, client version: 2.3.3, retry timeout: 300, private key path: undefined, private key pass is not provided, client store temporary credential: false, browser response timeout: 120000"}
{"level":"INFO","message":"[1:42:31.326 PM]: Connection[id: c490a04b-9cfe-4765-8596-f00f3c8ae5be] - connection object created successfully."}
{"level":"INFO","message":"[1:42:30.983 PM]: Creating new connection object"}
{"level":"INFO","message":"[1:42:31.139 PM]: Creating Connection[id: 1cc24750-c86f-42ac-b8f8-7f69a3c64bff] with host: test_account.snowflakecomputing.com, account: test_account, accessUrl: https://test_account.snowflakecomputing.com, user: test_user, role: test_role, database: test_database, schema: test_schema, warehouse: test_warehouse, proxy was not configured, password is provided, region: undefined, authenticator: SNOWFLAKE, ocsp mode: FAIL_OPEN, os: linux, os version: 6.8.0-100-generic"}
{"level":"INFO","message":"[1:42:31.152 PM]: Connection[id: 1cc24750-c86f-42ac-b8f8-7f69a3c64bff] additional details: passcode in password is provided, passcode is not provided, private key is not provided, application: undefined, client name: snowflake-sdk, client version: 2.3.3, retry timeout: 300, private key path: undefined, private key pass is not provided, client store temporary credential: false, browser response timeout: 120000"}
{"level":"INFO","message":"[1:42:31.157 PM]: Connection[id: 1cc24750-c86f-42ac-b8f8-7f69a3c64bff] - connection object created successfully."}
{"level":"INFO","message":"[4:36:34.889 PM]: Creating new connection object"}
{"level":"INFO","message":"[4:36:34.901 PM]: Creating Connection[id: 04697778-cbc3-4dbf-83c9-cc2709d9487d] with host: PTKKKYG-MZ22010.snowflakecomputing.com, account: PTKKKYG-MZ22010, accessUrl: https://PTKKKYG-MZ22010.snowflakecomputing.com, user: AYUSH.GUPTA, role: SYSADMIN, database: AT_RISK_ASSETS, schema: SENSOR_DATA, warehouse: AGENTIC_WH, proxy was not configured, password is provided, region: undefined, authenticator: SNOWFLAKE, ocsp mode: FAIL_OPEN, os: linux, os version: 6.8.0-100-generic"}
{"level":"INFO","message":"[4:36:34.902 PM]: Connection[id: 04697778-cbc3-4dbf-83c9-cc2709d9487d] additional details: passcode in password is provided, passcode is not provided, private key is not provided, application: undefined, client name: snowflake-sdk, client version: 2.3.3, retry timeout: 300, private key path: undefined, private key pass is not provided, client store temporary credential: false, browser response timeout: 120000"}
{"level":"INFO","message":"[4:36:34.905 PM]: Connection[id: 04697778-cbc3-4dbf-83c9-cc2709d9487d] - connection object created successfully."}
{"level":"INFO","message":"[4:36:34.907 PM]: Creating new connection object"}
{"level":"INFO","message":"[4:36:34.910 PM]: Creating Connection[id: bd8a3495-8e03-4777-a7fb-4d42622837ed] with host: PTKKKYG-MZ22010.snowflakecomputing.com, account: PTKKKYG-MZ22010, accessUrl: https://PTKKKYG-MZ22010.snowflakecomputing.com, user: AYUSH.GUPTA, role: SYSADMIN, database: AT_RISK_ASSETS, schema: SENSOR_DATA, warehouse: AGENTIC_WH, proxy was not configured, password is provided, region: undefined, authenticator: SNOWFLAKE, ocsp mode: FAIL_OPEN, os: linux, os version: 6.8.0-100-generic"}
{"level":"INFO","message":"[4:36:34.911 PM]: Connection[id: bd8a3495-8e03-4777-a7fb-4d42622837ed] additional details: passcode in password is provided, passcode is not provided, private key is not provided, application: undefined, client name: snowflake-sdk, client version: 2.3.3, retry timeout: 300, private key path: undefined, private key pass is not provided, client store temporary credential: false, browser response timeout: 120000"}
{"level":"INFO","message":"[4:36:34.911 PM]: Connection[id: bd8a3495-8e03-4777-a7fb-4d42622837ed] - connection object created successfully."}
{"level":"INFO","message":"[4:36:34.913 PM]: Connection[id: bd8a3495-8e03-4777-a7fb-4d42622837ed] - connecting. Associated Snowflake domain: GLOBAL"}
{"level":"INFO","message":"[4:36:34.916 PM]: Connection[id: bd8a3495-8e03-4777-a7fb-4d42622837ed] - authentication successful using: SNOWFLAKE"}
{"level":"INFO","message":"[4:36:34.917 PM]: Trying to initialize Easy Logging"}
{"level":"INFO","message":"[4:36:34.923 PM]: No client config detected."}
{"level":"INFO","message":"[4:36:34.923 PM]: No config file path found. Client config will not be used."}
{"level":"INFO","message":"[4:36:34.924 PM]: Easy Logging is disabled as no config has been found"}
{"level":"INFO","message":"[4:36:38.562 PM]: Connection[id: bd8a3495-8e03-4777-a7fb-4d42622837ed] - connection established successfully after 3649.53 milliseconds"}
{"level":"INFO","message":"[4:37:43.803 PM]: Creating new connection object"}
{"level":"INFO","message":"[4:37:43.815 PM]: Creating Connection[id: 56c9d9ba-b072-4e3a-b154-52d48882f09e] with host: PTKKKYG-MZ22010.snowflakecomputing.com, account: PTKKKYG-MZ22010, accessUrl: https://PTKKKYG-MZ22010.snowflakecomputing.com, user: AYUSH.GUPTA, role: SYSADMIN, database: AT_RISK_ASSETS, schema: SENSOR_DATA, warehouse: AGENTIC_WH, proxy was not configured, password is provided, region: undefined, authenticator: SNOWFLAKE, ocsp mode: FAIL_OPEN, os: linux, os version: 6.8.0-100-generic"}
{"level":"INFO","message":"[4:37:43.816 PM]: Connection[id: 56c9d9ba-b072-4e3a-b154-52d48882f09e] additional details: passcode in password is provided, passcode is not provided, private key is not provided, application: undefined, client name: snowflake-sdk, client version: 2.3.3, retry timeout: 300, private key path: undefined, private key pass is not provided, client store temporary credential: false, browser response timeout: 120000"}
{"level":"INFO","message":"[4:37:43.818 PM]: Connection[id: 56c9d9ba-b072-4e3a-b154-52d48882f09e] - connection object created successfully."}
{"level":"INFO","message":"[4:37:43.820 PM]: Creating new connection object"}
{"level":"INFO","message":"[4:37:43.823 PM]: Creating Connection[id: 3d0dcbc2-30ae-44de-8043-2de1b8ee663a] with host: PTKKKYG-MZ22010.snowflakecomputing.com, account: PTKKKYG-MZ22010, accessUrl: https://PTKKKYG-MZ22010.snowflakecomputing.com, user: AYUSH.GUPTA, role: SYSADMIN, database: AT_RISK_ASSETS, schema: SENSOR_DATA, warehouse: AGENTIC_WH, proxy was not configured, password is provided, region: undefined, authenticator: SNOWFLAKE, ocsp mode: FAIL_OPEN, os: linux, os version: 6.8.0-100-generic"}
{"level":"INFO","message":"[4:37:43.823 PM]: Connection[id: 3d0dcbc2-30ae-44de-8043-2de1b8ee663a] additional details: passcode in password is provided, passcode is not provided, private key is not provided, application: undefined, client name: snowflake-sdk, client version: 2.3.3, retry timeout: 300, private key path: undefined, private key pass is not provided, client store temporary credential: false, browser response timeout: 120000"}
{"level":"INFO","message":"[4:37:43.824 PM]: Connection[id: 3d0dcbc2-30ae-44de-8043-2de1b8ee663a] - connection object created successfully."}
{"level":"INFO","message":"[4:37:43.824 PM]: Connection[id: 3d0dcbc2-30ae-44de-8043-2de1b8ee663a] - connecting. Associated Snowflake domain: GLOBAL"}
{"level":"INFO","message":"[4:37:43.828 PM]: Connection[id: 3d0dcbc2-30ae-44de-8043-2de1b8ee663a] - authentication successful using: SNOWFLAKE"}
{"level":"INFO","message":"[4:37:43.829 PM]: Trying to initialize Easy Logging"}
{"level":"INFO","message":"[4:37:43.840 PM]: No client config detected."}
{"level":"INFO","message":"[4:37:43.840 PM]: No config file path found. Client config will not be used."}
{"level":"INFO","message":"[4:37:43.841 PM]: Easy Logging is disabled as no config has been found"}
{"level":"INFO","message":"[4:37:46.146 PM]: Connection[id: 3d0dcbc2-30ae-44de-8043-2de1b8ee663a] - connection established successfully after 2321.8 milliseconds"}
{"level":"INFO","message":"[5:04:34.424 PM]: Creating new connection object"}
{"level":"INFO","message":"[5:04:34.465 PM]: Creating Connection[id: d6bcc0c6-d645-4e93-8fc9-5e4197b90089] with host: test-account-12345.snowflakecomputing.com, account: test-account-12345, accessUrl: https://test-account-12345.snowflakecomputing.com, user: test-user, role: ACCOUNTADMIN, database: TEST_DB, schema: PUBLIC, warehouse: COMPUTE_WH, proxy was not configured, password is provided, region: undefined, authenticator: SNOWFLAKE, ocsp mode: FAIL_OPEN, os: linux, os version: 6.8.0-100-generic"}
{"level":"INFO","message":"[5:04:34.467 PM]: Connection[id: d6bcc0c6-d645-4e93-8fc9-5e4197b90089] additional details: passcode in password is provided, passcode is not provided, private key is not provided, application: undefined, client name: snowflake-sdk, client version: 2.3.3, retry timeout: 300, private key path: undefined, private key pass is not provided, client store temporary credential: false, browser response timeout: 120000"}
{"level":"INFO","message":"[5:04:34.470 PM]: Connection[id: d6bcc0c6-d645-4e93-8fc9-5e4197b90089] - connection object created successfully."}
{"level":"INFO","message":"[5:04:35.637 PM]: Creating new connection object"}
{"level":"INFO","message":"[5:04:35.664 PM]: Creating Connection[id: 3bc44a0c-c29e-4ffd-ad57-bd7283d219a4] with host: test_account.snowflakecomputing.com, account: test_account, accessUrl: https://test_account.snowflakecomputing.com, user: test_user, role: test_role, database: test_database, schema: test_schema, warehouse: test_warehouse, proxy was not configured, password is provided, region: undefined, authenticator: SNOWFLAKE, ocsp mode: FAIL_OPEN, os: linux, os version: 6.8.0-100-generic"}
{"level":"INFO","message":"[5:04:35.665 PM]: Connection[id: 3bc44a0c-c29e-4ffd-ad57-bd7283d219a4] additional details: passcode in password is provided, passcode is not provided, private key is not provided, application: undefined, client name: snowflake-sdk, client version: 2.3.3, retry timeout: 300, private key path: undefined, private key pass is not provided, client store temporary credential: false, browser response timeout: 120000"}
{"level":"INFO","message":"[5:04:35.667 PM]: Connection[id: 3bc44a0c-c29e-4ffd-ad57-bd7283d219a4] - connection object created successfully."}
{"level":"INFO","message":"[5:14:46.176 PM]: Creating new connection object"}
{"level":"INFO","message":"[5:14:46.209 PM]: Creating Connection[id: 864ef518-32e8-4639-863c-c71e457c4949] with host: test-account-12345.snowflakecomputing.com, account: test-account-12345, accessUrl: https://test-account-12345.snowflakecomputing.com, user: test-user, role: ACCOUNTADMIN, database: TEST_DB, schema: PUBLIC, warehouse: COMPUTE_WH, proxy was not configured, password is provided, region: undefined, authenticator: SNOWFLAKE, ocsp mode: FAIL_OPEN, os: linux, os version: 6.8.0-100-generic"}
{"level":"INFO","message":"[5:14:46.210 PM]: Connection[id: 864ef518-32e8-4639-863c-c71e457c4949] additional details: passcode in password is provided, passcode is not provided, private key is not provided, application: undefined, client name: snowflake-sdk, client version: 2.3.3, retry timeout: 300, private key path: undefined, private key pass is not provided, client store temporary credential: false, browser response timeout: 120000"}
{"level":"INFO","message":"[5:14:46.212 PM]: Connection[id: 864ef518-32e8-4639-863c-c71e457c4949] - connection object created successfully."}
{"level":"INFO","message":"[5:14:46.349 PM]: Creating new connection object"}
{"level":"INFO","message":"[5:14:46.373 PM]: Creating Connection[id: 1192d46f-844e-4154-9c12-752782ccff45] with host: test_account.snowflakecomputing.com, account: test_account, accessUrl: https://test_account.snowflakecomputing.com, user: test_user, role: test_role, database: test_database, schema: test_schema, warehouse: test_warehouse, proxy was not configured, password is provided, region: undefined, authenticator: SNOWFLAKE, ocsp mode: FAIL_OPEN, os: linux, os version: 6.8.0-100-generic"}
{"level":"INFO","message":"[5:14:46.374 PM]: Connection[id: 1192d46f-844e-4154-9c12-752782ccff45] additional details: passcode in password is provided, passcode is not provided, private key is not provided, application: undefined, client name: snowflake-sdk, client version: 2.3.3, retry timeout: 300, private key path: undefined, private key pass is not provided, client store temporary credential: false, browser response timeout: 120000"}
{"level":"INFO","message":"[5:14:46.376 PM]: Connection[id: 1192d46f-844e-4154-9c12-752782ccff45] - connection object created successfully."}
{"level":"INFO","message":"[5:25:38.593 PM]: Creating new connection object"}
{"level":"INFO","message":"[5:25:38.729 PM]: Creating Connection[id: 904dcf65-9309-4605-9405-f711771868f7] with host: test-account-12345.snowflakecomputing.com, account: test-account-12345, accessUrl: https://test-account-12345.snowflakecomputing.com, user: test-user, role: ACCOUNTADMIN, database: TEST_DB, schema: PUBLIC, warehouse: COMPUTE_WH, proxy was not configured, password is provided, region: undefined, authenticator: SNOWFLAKE, ocsp mode: FAIL_OPEN, os: linux, os version: 6.8.0-100-generic"}
{"level":"INFO","message":"[5:25:38.766 PM]: Connection[id: 904dcf65-9309-4605-9405-f711771868f7] additional details: passcode in password is provided, passcode is not provided, private key is not provided, application: undefined, client name: snowflake-sdk, client version: 2.3.3, retry timeout: 300, private key path: undefined, private key pass is not provided, client store temporary credential: false, browser response timeout: 120000"}
{"level":"INFO","message":"[5:25:38.776 PM]: Connection[id: 904dcf65-9309-4605-9405-f711771868f7] - connection object created successfully."}
{"level":"INFO","message":"[5:25:41.220 PM]: Creating new connection object"}
{"level":"INFO","message":"[5:25:41.368 PM]: Creating Connection[id: b5061546-586b-47a9-aff0-3d35f55b876d] with host: test-account-12345.snowflakecomputing.com, account: test-account-12345, accessUrl: https://test-account-12345.snowflakecomputing.com, user: test-user, role: ACCOUNTADMIN, database: TEST_DB, schema: PUBLIC, warehouse: COMPUTE_WH, proxy was not configured, password is provided, region: undefined, authenticator: SNOWFLAKE, ocsp mode: FAIL_OPEN, os: linux, os version: 6.8.0-100-generic"}
{"level":"INFO","message":"[5:25:41.403 PM]: Connection[id: b5061546-586b-47a9-aff0-3d35f55b876d] additional details: passcode in password is provided, passcode is not provided, private key is not provided, application: undefined, client name: snowflake-sdk, client version: 2.3.3, retry timeout: 300, private key path: undefined, private key pass is not provided, client store temporary credential: false, browser response timeout: 120000"}
{"level":"INFO","message":"[5:25:41.406 PM]: Connection[id: b5061546-586b-47a9-aff0-3d35f55b876d] - connection object created successfully."}
{"level":"INFO","message":"[5:25:42.137 PM]: Creating new connection object"}
{"level":"INFO","message":"[5:25:42.221 PM]: Creating Connection[id: b149cd1e-9d5b-401f-96e6-0e77d66b0e09] with host: test_account.snowflakecomputing.com, account: test_account, accessUrl: https://test_account.snowflakecomputing.com, user: test_user, role: test_role, database: test_database, schema: test_schema, warehouse: test_warehouse, proxy was not configured, password is provided, region: undefined, authenticator: SNOWFLAKE, ocsp mode: FAIL_OPEN, os: linux, os version: 6.8.0-100-generic"}
{"level":"INFO","message":"[5:25:42.235 PM]: Connection[id: b149cd1e-9d5b-401f-96e6-0e77d66b0e09] additional details: passcode in password is provided, passcode is not provided, private key is not provided, application: undefined, client name: snowflake-sdk, client version: 2.3.3, retry timeout: 300, private key path: undefined, private key pass is not provided, client store temporary credential: false, browser response timeout: 120000"}
{"level":"INFO","message":"[5:25:42.239 PM]: Connection[id: b149cd1e-9d5b-401f-96e6-0e77d66b0e09] - connection object created successfully."}
{"level":"INFO","message":"[6:41:42.287 PM]: Creating new connection object"}
{"level":"INFO","message":"[6:41:42.364 PM]: Creating new connection object"}
{"level":"INFO","message":"[6:41:42.501 PM]: Creating Connection[id: aa4eeff2-9514-4859-93a5-fd3891e83a89] with host: test-account-12345.snowflakecomputing.com, account: test-account-12345, accessUrl: https://test-account-12345.snowflakecomputing.com, user: test-user, role: ACCOUNTADMIN, database: TEST_DB, schema: PUBLIC, warehouse: COMPUTE_WH, proxy was not configured, password is provided, region: undefined, authenticator: SNOWFLAKE, ocsp mode: FAIL_OPEN, os: linux, os version: 6.8.0-100-generic"}
{"level":"INFO","message":"[6:41:42.549 PM]: Connection[id: aa4eeff2-9514-4859-93a5-fd3891e83a89] additional details: passcode in password is provided, passcode is not provided, private key is not provided, application: undefined, client name: snowflake-sdk, client version: 2.3.4, retry timeout: 300, private key path: undefined, private key pass is not provided, client store temporary credential: false, browser response timeout: 120000"}
{"level":"INFO","message":"[6:41:42.552 PM]: Connection[id: aa4eeff2-9514-4859-93a5-fd3891e83a89] - connection object created successfully."}
{"level":"INFO","message":"[6:41:42.429 PM]: Creating Connection[id: 5ed8039e-9e1e-49d7-82a1-4c52c24cf2ab] with host: test-account-12345.snowflakecomputing.com, account: test-account-12345, accessUrl: https://test-account-12345.snowflakecomputing.com, user: test-user, role: ACCOUNTADMIN, database: TEST_DB, schema: PUBLIC, warehouse: COMPUTE_WH, proxy was not configured, password is provided, region: undefined, authenticator: SNOWFLAKE, ocsp mode: FAIL_OPEN, os: linux, os version: 6.8.0-100-generic"}
{"level":"INFO","message":"[6:41:42.468 PM]: Connection[id: 5ed8039e-9e1e-49d7-82a1-4c52c24cf2ab] additional details: passcode in password is provided, passcode is not provided, private key is not provided, application: undefined, client name: snowflake-sdk, client version: 2.3.4, retry timeout: 300, private key path: undefined, private key pass is not provided, client store temporary credential: false, browser response timeout: 120000"}
{"level":"INFO","message":"[6:41:42.474 PM]: Connection[id: 5ed8039e-9e1e-49d7-82a1-4c52c24cf2ab] - connection object created successfully."}
{"level":"INFO","message":"[6:41:42.261 PM]: Creating new connection object"}
{"level":"INFO","message":"[6:41:42.446 PM]: Creating Connection[id: ef4c0f76-979e-437c-ad74-037462a4337a] with host: test_account.snowflakecomputing.com, account: test_account, accessUrl: https://test_account.snowflakecomputing.com, user: test_user, role: test_role, database: test_database, schema: test_schema, warehouse: test_warehouse, proxy was not configured, password is provided, region: undefined, authenticator: SNOWFLAKE, ocsp mode: FAIL_OPEN, os: linux, os version: 6.8.0-100-generic"}
{"level":"INFO","message":"[6:41:42.471 PM]: Connection[id: ef4c0f76-979e-437c-ad74-037462a4337a] additional details: passcode in password is provided, passcode is not provided, private key is not provided, application: undefined, client name: snowflake-sdk, client version: 2.3.4, retry timeout: 300, private key path: undefined, private key pass is not provided, client store temporary credential: false, browser response timeout: 120000"}
{"level":"INFO","message":"[6:41:42.479 PM]: Connection[id: ef4c0f76-979e-437c-ad74-037462a4337a] - connection object created successfully."}
{"level":"INFO","message":"[6:46:04.370 PM]: Creating new connection object"}
{"level":"INFO","message":"[6:46:04.533 PM]: Creating Connection[id: 7331c72f-d017-4ae0-9019-887cd58817fe] with host: test-account-12345.snowflakecomputing.com, account: test-account-12345, accessUrl: https://test-account-12345.snowflakecomputing.com, user: test-user, role: ACCOUNTADMIN, database: TEST_DB, schema: PUBLIC, warehouse: COMPUTE_WH, proxy was not configured, password is provided, region: undefined, authenticator: SNOWFLAKE, ocsp mode: FAIL_OPEN, os: linux, os version: 6.8.0-100-generic"}
{"level":"INFO","message":"[6:46:04.568 PM]: Connection[id: 7331c72f-d017-4ae0-9019-887cd58817fe] additional details: passcode in password is provided, passcode is not provided, private key is not provided, application: undefined, client name: snowflake-sdk, client version: 2.3.4, retry timeout: 300, private key path: undefined, private key pass is not provided, client store temporary credential: false, browser response timeout: 120000"}
{"level":"INFO","message":"[6:46:04.571 PM]: Connection[id: 7331c72f-d017-4ae0-9019-887cd58817fe] - connection object created successfully."}
{"level":"INFO","message":"[6:46:04.498 PM]: Creating new connection object"}
{"level":"INFO","message":"[6:46:05.158 PM]: Creating new connection object"}
{"level":"INFO","message":"[6:46:04.639 PM]: Creating Connection[id: a1846526-b395-4ea8-b43c-833685829592] with host: test_account.snowflakecomputing.com, account: test_account, accessUrl: https://test_account.snowflakecomputing.com, user: test_user, role: test_role, database: test_database, schema: test_schema, warehouse: test_warehouse, proxy was not configured, password is provided, region: undefined, authenticator: SNOWFLAKE, ocsp mode: FAIL_OPEN, os: linux, os version: 6.8.0-100-generic"}
{"level":"INFO","message":"[6:46:04.675 PM]: Connection[id: a1846526-b395-4ea8-b43c-833685829592] additional details: passcode in password is provided, passcode is not provided, private key is not provided, application: undefined, client name: snowflake-sdk, client version: 2.3.4, retry timeout: 300, private key path: undefined, private key pass is not provided, client store temporary credential: false, browser response timeout: 120000"}
{"level":"INFO","message":"[6:46:04.681 PM]: Connection[id: a1846526-b395-4ea8-b43c-833685829592] - connection object created successfully."}
{"level":"INFO","message":"[6:46:05.383 PM]: Creating Connection[id: c0381d3a-4c40-4e80-b03a-4a15f469d6e9] with host: test-account-12345.snowflakecomputing.com, account: test-account-12345, accessUrl: https://test-account-12345.snowflakecomputing.com, user: test-user, role: ACCOUNTADMIN, database: TEST_DB, schema: PUBLIC, warehouse: COMPUTE_WH, proxy was not configured, password is provided, region: undefined, authenticator: SNOWFLAKE, ocsp mode: FAIL_OPEN, os: linux, os version: 6.8.0-100-generic"}
{"level":"INFO","message":"[6:46:05.424 PM]: Connection[id: c0381d3a-4c40-4e80-b03a-4a15f469d6e9] additional details: passcode in password is provided, passcode is not provided, private key is not provided, application: undefined, client name: snowflake-sdk, client version: 2.3.4, retry timeout: 300, private key path: undefined, private key pass is not provided, client store temporary credential: false, browser response timeout: 120000"}
{"level":"INFO","message":"[6:46:05.431 PM]: Connection[id: c0381d3a-4c40-4e80-b03a-4a15f469d6e9] - connection object created successfully."}
{"level":"INFO","message":"[6:48:14.117 PM]: Creating new connection object"}
{"level":"INFO","message":"[6:48:14.245 PM]: Creating Connection[id: 98e1fe94-e25d-4a63-b5b9-897828ed971e] with host: test-account-12345.snowflakecomputing.com, account: test-account-12345, accessUrl: https://test-account-12345.snowflakecomputing.com, user: test-user, role: ACCOUNTADMIN, database: TEST_DB, schema: PUBLIC, warehouse: COMPUTE_WH, proxy was not configured, password is provided, region: undefined, authenticator: SNOWFLAKE, ocsp mode: FAIL_OPEN, os: linux, os version: 6.8.0-100-generic"}
{"level":"INFO","message":"[6:48:14.263 PM]: Connection[id: 98e1fe94-e25d-4a63-b5b9-897828ed971e] additional details: passcode in password is provided, passcode is not provided, private key is not provided, application: undefined, client name: snowflake-sdk, client version: 2.3.4, retry timeout: 300, private key path: undefined, private key pass is not provided, client store temporary credential: false, browser response timeout: 120000"}
{"level":"INFO","message":"[6:48:14.266 PM]: Connection[id: 98e1fe94-e25d-4a63-b5b9-897828ed971e] - connection object created successfully."}
{"level":"INFO","message":"[6:48:14.249 PM]: Creating new connection object"}
{"level":"INFO","message":"[6:48:14.440 PM]: Creating Connection[id: 3ae9c230-4e09-41a4-8ec6-53950fbb8f11] with host: test-account-12345.snowflakecomputing.com, account: test-account-12345, accessUrl: https://test-account-12345.snowflakecomputing.com, user: test-user, role: ACCOUNTADMIN, database: TEST_DB, schema: PUBLIC, warehouse: COMPUTE_WH, proxy was not configured, password is provided, region: undefined, authenticator: SNOWFLAKE, ocsp mode: FAIL_OPEN, os: linux, os version: 6.8.0-100-generic"}
{"level":"INFO","message":"[6:48:14.489 PM]: Connection[id: 3ae9c230-4e09-41a4-8ec6-53950fbb8f11] additional details: passcode in password is provided, passcode is not provided, private key is not provided, application: undefined, client name: snowflake-sdk, client version: 2.3.4, retry timeout: 300, private key path: undefined, private key pass is not provided, client store temporary credential: false, browser response timeout: 120000"}
{"level":"INFO","message":"[6:48:14.496 PM]: Connection[id: 3ae9c230-4e09-41a4-8ec6-53950fbb8f11] - connection object created successfully."}
{"level":"INFO","message":"[6:48:13.976 PM]: Creating new connection object"}
{"level":"INFO","message":"[6:48:14.194 PM]: Creating Connection[id: 4ff328f0-9196-4896-b147-14dd55263864] with host: test_account.snowflakecomputing.com, account: test_account, accessUrl: https://test_account.snowflakecomputing.com, user: test_user, role: test_role, database: test_database, schema: test_schema, warehouse: test_warehouse, proxy was not configured, password is provided, region: undefined, authenticator: SNOWFLAKE, ocsp mode: FAIL_OPEN, os: linux, os version: 6.8.0-100-generic"}
{"level":"INFO","message":"[6:48:14.215 PM]: Connection[id: 4ff328f0-9196-4896-b147-14dd55263864] additional details: passcode in password is provided, passcode is not provided, private key is not provided, application: undefined, client name: snowflake-sdk, client version: 2.3.4, retry timeout: 300, private key path: undefined, private key pass is not provided, client store temporary credential: false, browser response timeout: 120000"}
{"level":"INFO","message":"[6:48:14.219 PM]: Connection[id: 4ff328f0-9196-4896-b147-14dd55263864] - connection object created successfully."}
{"level":"INFO","message":"[12:48:15.901 PM]: Creating new connection object"}
{"level":"INFO","message":"[12:48:16.101 PM]: Creating Connection[id: e152eae5-09da-4d7f-8199-dfb5a4048701] with host: test-account-12345.snowflakecomputing.com, account: test-account-12345, accessUrl: https://test-account-12345.snowflakecomputing.com, user: test-user, role: ACCOUNTADMIN, database: TEST_DB, schema: PUBLIC, warehouse: COMPUTE_WH, proxy was not configured, password is provided, region: undefined, authenticator: SNOWFLAKE, ocsp mode: FAIL_OPEN, os: linux, os version: 6.8.0-100-generic"}
{"level":"INFO","message":"[12:48:16.142 PM]: Connection[id: e152eae5-09da-4d7f-8199-dfb5a4048701] additional details: passcode in password is provided, passcode is not provided, private key is not provided, application: undefined, client name: snowflake-sdk, client version: 2.3.4, retry timeout: 300, private key path: undefined, private key pass is not provided, client store temporary credential: false, browser response timeout: 120000"}
{"level":"INFO","message":"[12:48:16.148 PM]: Connection[id: e152eae5-09da-4d7f-8199-dfb5a4048701] - connection object created successfully."}
{"level":"INFO","message":"[12:50:07.708 PM]: Creating new connection object"}
{"level":"INFO","message":"[12:50:09.228 PM]: Creating Connection[id: f985b90c-4984-4234-9abd-988ec4c139b3] with host: test-account-12345.snowflakecomputing.com, account: test-account-12345, accessUrl: https://test-account-12345.snowflakecomputing.com, user: test-user, role: ACCOUNTADMIN, database: TEST_DB, schema: PUBLIC, warehouse: COMPUTE_WH, proxy was not configured, password is provided, region: undefined, authenticator: SNOWFLAKE, ocsp mode: FAIL_OPEN, os: linux, os version: 6.8.0-100-generic"}
{"level":"INFO","message":"[12:50:09.230 PM]: Connection[id: f985b90c-4984-4234-9abd-988ec4c139b3] additional details: passcode in password is provided, passcode is not provided, private key is not provided, application: undefined, client name: snowflake-sdk, client version: 2.3.4, retry timeout: 300, private key path: undefined, private key pass is not provided, client store temporary credential: false, browser response timeout: 120000"}
{"level":"INFO","message":"[12:50:09.231 PM]: Connection[id: f985b90c-4984-4234-9abd-988ec4c139b3] - connection object created successfully."}
{"level":"INFO","message":"[12:50:07.657 PM]: Creating new connection object"}
{"level":"INFO","message":"[12:50:09.756 PM]: Creating Connection[id: fe85c39f-dad2-4764-9fd2-ab17037e8a96] with host: test_account.snowflakecomputing.com, account: test_account, accessUrl: https://test_account.snowflakecomputing.com, user: test_user, role: test_role, database: test_database, schema: test_schema, warehouse: test_warehouse, proxy was not configured, password is provided, region: undefined, authenticator: SNOWFLAKE, ocsp mode: FAIL_OPEN, os: linux, os version: 6.8.0-100-generic"}
{"level":"INFO","message":"[12:50:09.861 PM]: Connection[id: fe85c39f-dad2-4764-9fd2-ab17037e8a96] additional details: passcode in password is provided, passcode is not provided, private key is not provided, application: undefined, client name: snowflake-sdk, client version: 2.3.4, retry timeout: 300, private key path: undefined, private key pass is not provided, client store temporary credential: false, browser response timeout: 120000"}
{"level":"INFO","message":"[12:50:09.867 PM]: Connection[id: fe85c39f-dad2-4764-9fd2-ab17037e8a96] - connection object created successfully."}
{"level":"INFO","message":"[12:54:07.639 PM]: Creating new connection object"}
{"level":"INFO","message":"[12:54:07.768 PM]: Creating Connection[id: aab91b7f-9284-4a00-bbc6-08c3fe1295e3] with host: test-account-12345.snowflakecomputing.com, account: test-account-12345, accessUrl: https://test-account-12345.snowflakecomputing.com, user: test-user, role: ACCOUNTADMIN, database: TEST_DB, schema: PUBLIC, warehouse: COMPUTE_WH, proxy was not configured, password is provided, region: undefined, authenticator: SNOWFLAKE, ocsp mode: FAIL_OPEN, os: linux, os version: 6.8.0-100-generic"}
{"level":"INFO","message":"[12:54:07.781 PM]: Connection[id: aab91b7f-9284-4a00-bbc6-08c3fe1295e3] additional details: passcode in password is provided, passcode is not provided, private key is not provided, application: undefined, client name: snowflake-sdk, client version: 2.3.4, retry timeout: 300, private key path: undefined, private key pass is not provided, client store temporary credential: false, browser response timeout: 120000"}
{"level":"INFO","message":"[12:54:07.785 PM]: Connection[id: aab91b7f-9284-4a00-bbc6-08c3fe1295e3] - connection object created successfully."}
{"level":"INFO","message":"[12:54:07.637 PM]: Creating new connection object"}
{"level":"INFO","message":"[12:54:07.749 PM]: Creating Connection[id: e580064d-c8b7-4709-ab45-5403af958451] with host: test-account-12345.snowflakecomputing.com, account: test-account-12345, accessUrl: https://test-account-12345.snowflakecomputing.com, user: test-user, role: ACCOUNTADMIN, database: TEST_DB, schema: PUBLIC, warehouse: COMPUTE_WH, proxy was not configured, password is provided, region: undefined, authenticator: SNOWFLAKE, ocsp mode: FAIL_OPEN, os: linux, os version: 6.8.0-100-generic"}
{"level":"INFO","message":"[12:54:07.768 PM]: Connection[id: e580064d-c8b7-4709-ab45-5403af958451] additional details: passcode in password is provided, passcode is not provided, private key is not provided, application: undefined, client name: snowflake-sdk, client version: 2.3.4, retry timeout: 300, private key path: undefined, private key pass is not provided, client store temporary credential: false, browser response timeout: 120000"}
{"level":"INFO","message":"[12:54:07.772 PM]: Connection[id: e580064d-c8b7-4709-ab45-5403af958451] - connection object created successfully."}
{"level":"INFO","message":"[12:54:07.628 PM]: Creating new connection object"}
{"level":"INFO","message":"[12:54:07.740 PM]: Creating Connection[id: e8e70b0e-41ee-473c-8c58-cdcca390f74a] with host: test_account.snowflakecomputing.com, account: test_account, accessUrl: https://test_account.snowflakecomputing.com, user: test_user, role: test_role, database: test_database, schema: test_schema, warehouse: test_warehouse, proxy was not configured, password is provided, region: undefined, authenticator: SNOWFLAKE, ocsp mode: FAIL_OPEN, os: linux, os version: 6.8.0-100-generic"}
{"level":"INFO","message":"[12:54:07.780 PM]: Connection[id: e8e70b0e-41ee-473c-8c58-cdcca390f74a] additional details: passcode in password is provided, passcode is not provided, private key is not provided, application: undefined, client name: snowflake-sdk, client version: 2.3.4, retry timeout: 300, private key path: undefined, private key pass is not provided, client store temporary credential: false, browser response timeout: 120000"}
{"level":"INFO","message":"[12:54:07.784 PM]: Connection[id: e8e70b0e-41ee-473c-8c58-cdcca390f74a] - connection object created successfully."}
{"level":"INFO","message":"[12:57:03.686 PM]: Creating new connection object"}
{"level":"INFO","message":"[12:57:03.781 PM]: Creating Connection[id: 5b5caa15-379d-47cd-824c-9a4435769ca2] with host: test-account-12345.snowflakecomputing.com, account: test-account-12345, accessUrl: https://test-account-12345.snowflakecomputing.com, user: test-user, role: ACCOUNTADMIN, database: TEST_DB, schema: PUBLIC, warehouse: COMPUTE_WH, proxy was not configured, password is provided, region: undefined, authenticator: SNOWFLAKE, ocsp mode: FAIL_OPEN, os: linux, os version: 6.8.0-100-generic"}
{"level":"INFO","message":"[12:57:03.800 PM]: Connection[id: 5b5caa15-379d-47cd-824c-9a4435769ca2] additional details: passcode in password is provided, passcode is not provided, private key is not provided, application: undefined, client name: snowflake-sdk, client version: 2.3.4, retry timeout: 300, private key path: undefined, private key pass is not provided, client store temporary credential: false, browser response timeout: 120000"}
{"level":"INFO","message":"[12:57:03.808 PM]: Connection[id: 5b5caa15-379d-47cd-824c-9a4435769ca2] - connection object created successfully."}
{"level":"INFO","message":"[12:57:03.602 PM]: Creating new connection object"}
{"level":"INFO","message":"[12:57:03.749 PM]: Creating Connection[id: c0c75b65-4b37-45d1-94be-afd3826364f4] with host: test_account.snowflakecomputing.com, account: test_account, accessUrl: https://test_account.snowflakecomputing.com, user: test_user, role: test_role, database: test_database, schema: test_schema, warehouse: test_warehouse, proxy was not configured, password is provided, region: undefined, authenticator: SNOWFLAKE, ocsp mode: FAIL_OPEN, os: linux, os version: 6.8.0-100-generic"}
{"level":"INFO","message":"[12:57:03.763 PM]: Connection[id: c0c75b65-4b37-45d1-94be-afd3826364f4] additional details: passcode in password is provided, passcode is not provided, private key is not provided, application: undefined, client name: snowflake-sdk, client version: 2.3.4, retry timeout: 300, private key path: undefined, private key pass is not provided, client store temporary credential: false, browser response timeout: 120000"}
{"level":"INFO","message":"[12:57:03.767 PM]: Connection[id: c0c75b65-4b37-45d1-94be-afd3826364f4] - connection object created successfully."}
{"level":"INFO","message":"[12:57:04.068 PM]: Creating new connection object"}
{"level":"INFO","message":"[12:57:04.210 PM]: Creating Connection[id: d67950e9-1904-4359-b469-f0b7ac9b94dd] with host: test-account-12345.snowflakecomputing.com, account: test-account-12345, accessUrl: https://test-account-12345.snowflakecomputing.com, user: test-user, role: ACCOUNTADMIN, database: TEST_DB, schema: PUBLIC, warehouse: COMPUTE_WH, proxy was not configured, password is provided, region: undefined, authenticator: SNOWFLAKE, ocsp mode: FAIL_OPEN, os: linux, os version: 6.8.0-100-generic"}
{"level":"INFO","message":"[12:57:04.234 PM]: Connection[id: d67950e9-1904-4359-b469-f0b7ac9b94dd] additional details: passcode in password is provided, passcode is not provided, private key is not provided, application: undefined, client name: snowflake-sdk, client version: 2.3.4, retry timeout: 300, private key path: undefined, private key pass is not provided, client store temporary credential: false, browser response timeout: 120000"}
{"level":"INFO","message":"[12:57:04.247 PM]: Connection[id: d67950e9-1904-4359-b469-f0b7ac9b94dd] - connection object created successfully."}
{"level":"INFO","message":"[12:59:54.909 PM]: Creating new connection object"}
{"level":"INFO","message":"[12:59:55.012 PM]: Creating Connection[id: 592fec3b-6c2c-4188-804f-774f999a278f] with host: test_account.snowflakecomputing.com, account: test_account, accessUrl: https://test_account.snowflakecomputing.com, user: test_user, role: test_role, database: test_database, schema: test_schema, warehouse: test_warehouse, proxy was not configured, password is provided, region: undefined, authenticator: SNOWFLAKE, ocsp mode: FAIL_OPEN, os: linux, os version: 6.8.0-100-generic"}
{"level":"INFO","message":"[12:59:55.025 PM]: Connection[id: 592fec3b-6c2c-4188-804f-774f999a278f] additional details: passcode in password is provided, passcode is not provided, private key is not provided, application: undefined, client name: snowflake-sdk, client version: 2.3.4, retry timeout: 300, private key path: undefined, private key pass is not provided, client store temporary credential: false, browser response timeout: 120000"}
{"level":"INFO","message":"[12:59:55.028 PM]: Connection[id: 592fec3b-6c2c-4188-804f-774f999a278f] - connection object created successfully."}
{"level":"INFO","message":"[12:59:55.127 PM]: Creating new connection object"}
{"level":"INFO","message":"[12:59:55.317 PM]: Creating Connection[id: 02fb4638-6034-40d3-a693-c736ddd9ce9d] with host: test-account-12345.snowflakecomputing.com, account: test-account-12345, accessUrl: https://test-account-12345.snowflakecomputing.com, user: test-user, role: ACCOUNTADMIN, database: TEST_DB, schema: PUBLIC, warehouse: COMPUTE_WH, proxy was not configured, password is provided, region: undefined, authenticator: SNOWFLAKE, ocsp mode: FAIL_OPEN, os: linux, os version: 6.8.0-100-generic"}
{"level":"INFO","message":"[12:59:55.343 PM]: Connection[id: 02fb4638-6034-40d3-a693-c736ddd9ce9d] additional details: passcode in password is provided, passcode is not provided, private key is not provided, application: undefined, client name: snowflake-sdk, client version: 2.3.4, retry timeout: 300, private key path: undefined, private key pass is not provided, client store temporary credential: false, browser response timeout: 120000"}
{"level":"INFO","message":"[12:59:55.351 PM]: Connection[id: 02fb4638-6034-40d3-a693-c736ddd9ce9d] - connection object created successfully."}
{"level":"INFO","message":"[12:59:55.389 PM]: Creating new connection object"}
{"level":"INFO","message":"[12:59:55.503 PM]: Creating Connection[id: 7fdd2198-3b09-48dd-8e45-4127eecfe6b1] with host: test-account-12345.snowflakecomputing.com, account: test-account-12345, accessUrl: https://test-account-12345.snowflakecomputing.com, user: test-user, role: ACCOUNTADMIN, database: TEST_DB, schema: PUBLIC, warehouse: COMPUTE_WH, proxy was not configured, password is provided, region: undefined, authenticator: SNOWFLAKE, ocsp mode: FAIL_OPEN, os: linux, os version: 6.8.0-100-generic"}
{"level":"INFO","message":"[12:59:55.559 PM]: Connection[id: 7fdd2198-3b09-48dd-8e45-4127eecfe6b1] additional details: passcode in password is provided, passcode is not provided, private key is not provided, application: undefined, client name: snowflake-sdk, client version: 2.3.4, retry timeout: 300, private key path: undefined, private key pass is not provided, client store temporary credential: false, browser response timeout: 120000"}
{"level":"INFO","message":"[12:59:55.566 PM]: Connection[id: 7fdd2198-3b09-48dd-8e45-4127eecfe6b1] - connection object created successfully."}
{"level":"INFO","message":"[1:04:01.434 PM]: Creating new connection object"}
{"level":"INFO","message":"[1:04:01.554 PM]: Creating Connection[id: 249744b8-55fb-44dc-8ac5-21eb7c42e087] with host: test_account.snowflakecomputing.com, account: test_account, accessUrl: https://test_account.snowflakecomputing.com, user: test_user, role: test_role, database: test_database, schema: test_schema, warehouse: test_warehouse, proxy was not configured, password is provided, region: undefined, authenticator: SNOWFLAKE, ocsp mode: FAIL_OPEN, os: linux, os version: 6.8.0-100-generic"}
{"level":"INFO","message":"[1:04:01.571 PM]: Connection[id: 249744b8-55fb-44dc-8ac5-21eb7c42e087] additional details: passcode in password is provided, passcode is not provided, private key is not provided, application: undefined, client name: snowflake-sdk, client version: 2.3.4, retry timeout: 300, private key path: undefined, private key pass is not provided, client store temporary credential: false, browser response timeout: 120000"}
{"level":"INFO","message":"[1:04:01.580 PM]: Connection[id: 249744b8-55fb-44dc-8ac5-21eb7c42e087] - connection object created successfully."}
{"level":"INFO","message":"[1:04:02.089 PM]: Creating new connection object"}
{"level":"INFO","message":"[1:04:02.213 PM]: Creating Connection[id: 5aa3871e-4a09-4404-a5bb-c6856b2ba1b5] with host: test-account-12345.snowflakecomputing.com, account: test-account-12345, accessUrl: https://test-account-12345.snowflakecomputing.com, user: test-user, role: ACCOUNTADMIN, database: TEST_DB, schema: PUBLIC, warehouse: COMPUTE_WH, proxy was not configured, password is provided, region: undefined, authenticator: SNOWFLAKE, ocsp mode: FAIL_OPEN, os: linux, os version: 6.8.0-100-generic"}
{"level":"INFO","message":"[1:04:02.231 PM]: Connection[id: 5aa3871e-4a09-4404-a5bb-c6856b2ba1b5] additional details: passcode in password is provided, passcode is not provided, private key is not provided, application: undefined, client name: snowflake-sdk, client version: 2.3.4, retry timeout: 300, private key path: undefined, private key pass is not provided, client store temporary credential: false, browser response timeout: 120000"}
{"level":"INFO","message":"[1:04:02.235 PM]: Connection[id: 5aa3871e-4a09-4404-a5bb-c6856b2ba1b5] - connection object created successfully."}
{"level":"INFO","message":"[1:04:02.466 PM]: Creating new connection object"}
{"level":"INFO","message":"[1:04:02.587 PM]: Creating Connection[id: db7f349f-ebf3-4e25-9561-761e63a6a868] with host: test-account-12345.snowflakecomputing.com, account: test-account-12345, accessUrl: https://test-account-12345.snowflakecomputing.com, user: test-user, role: ACCOUNTADMIN, database: TEST_DB, schema: PUBLIC, warehouse: COMPUTE_WH, proxy was not configured, password is provided, region: undefined, authenticator: SNOWFLAKE, ocsp mode: FAIL_OPEN, os: linux, os version: 6.8.0-100-generic"}
{"level":"INFO","message":"[1:04:02.608 PM]: Connection[id: db7f349f-ebf3-4e25-9561-761e63a6a868] additional details: passcode in password is provided, passcode is not provided, private key is not provided, application: undefined, client name: snowflake-sdk, client version: 2.3.4, retry timeout: 300, private key path: undefined, private key pass is not provided, client store temporary credential: false, browser response timeout: 120000"}
{"level":"INFO","message":"[1:04:02.611 PM]: Connection[id: db7f349f-ebf3-4e25-9561-761e63a6a868] - connection object created successfully."}
{"level":"INFO","message":"[1:06:07.319 PM]: Creating new connection object"}
{"level":"INFO","message":"[1:06:07.341 PM]: Creating Connection[id: a5107483-1b65-46da-9969-9c5332b361f2] with host: test_account.snowflakecomputing.com, account: test_account, accessUrl: https://test_account.snowflakecomputing.com, user: test_user, role: test_role, database: test_database, schema: test_schema, warehouse: test_warehouse, proxy was not configured, password is provided, region: undefined, authenticator: SNOWFLAKE, ocsp mode: FAIL_OPEN, os: linux, os version: 6.8.0-100-generic"}
{"level":"INFO","message":"[1:06:07.342 PM]: Connection[id: a5107483-1b65-46da-9969-9c5332b361f2] additional details: passcode in password is provided, passcode is not provided, private key is not provided, application: undefined, client name: snowflake-sdk, client version: 2.3.4, retry timeout: 300, private key path: undefined, private key pass is not provided, client store temporary credential: false, browser response timeout: 120000"}
{"level":"INFO","message":"[1:06:07.343 PM]: Connection[id: a5107483-1b65-46da-9969-9c5332b361f2] - connection object created successfully."}
{"level":"INFO","message":"[3:31:40.946 PM]: Creating new connection object"}
{"level":"INFO","message":"[3:31:40.971 PM]: Creating Connection[id: ac1b25cd-29b9-49ad-b395-6d97c69536ca] with host: test-account-12345.snowflakecomputing.com, account: test-account-12345, accessUrl: https://test-account-12345.snowflakecomputing.com, user: test-user, role: ACCOUNTADMIN, database: TEST_DB, schema: PUBLIC, warehouse: COMPUTE_WH, proxy was not configured, password is provided, region: undefined, authenticator: SNOWFLAKE, ocsp mode: FAIL_OPEN, os: linux, os version: 6.8.0-100-generic"}
{"level":"INFO","message":"[3:31:40.974 PM]: Connection[id: ac1b25cd-29b9-49ad-b395-6d97c69536ca] additional details: passcode in password is provided, passcode is not provided, private key is not provided, application: undefined, client name: snowflake-sdk, client version: 2.3.4, retry timeout: 300, private key path: undefined, private key pass is not provided, client store temporary credential: false, browser response timeout: 120000"}
{"level":"INFO","message":"[3:31:40.975 PM]: Connection[id: ac1b25cd-29b9-49ad-b395-6d97c69536ca] - connection object created successfully."}
{"level":"INFO","message":"[3:32:06.756 PM]: Creating new connection object"}
{"level":"INFO","message":"[3:32:06.771 PM]: Creating Connection[id: f0706119-6f99-4f94-ae16-ae2281617092] with host: test-account-12345.snowflakecomputing.com, account: test-account-12345, accessUrl: https://test-account-12345.snowflakecomputing.com, user: test-user, role: ACCOUNTADMIN, database: TEST_DB, schema: PUBLIC, warehouse: COMPUTE_WH, proxy was not configured, password is provided, region: undefined, authenticator: SNOWFLAKE, ocsp mode: FAIL_OPEN, os: linux, os version: 6.8.0-100-generic"}
{"level":"INFO","message":"[3:32:06.772 PM]: Connection[id: f0706119-6f99-4f94-ae16-ae2281617092] additional details: passcode in password is provided, passcode is not provided, private key is not provided, application: undefined, client name: snowflake-sdk, client version: 2.3.4, retry timeout: 300, private key path: undefined, private key pass is not provided, client store temporary credential: false, browser response timeout: 120000"}
{"level":"INFO","message":"[3:32:06.773 PM]: Connection[id: f0706119-6f99-4f94-ae16-ae2281617092] - connection object created successfully."}
{"level":"INFO","message":"[3:50:21.927 PM]: Creating new connection object"}
{"level":"INFO","message":"[3:50:22.147 PM]: Creating Connection[id: 5d7dd168-6ee7-4f3b-8e17-9cdc9d896f2c] with host: test-account-12345.snowflakecomputing.com, account: test-account-12345, accessUrl: https://test-account-12345.snowflakecomputing.com, user: test-user, role: ACCOUNTADMIN, database: TEST_DB, schema: PUBLIC, warehouse: COMPUTE_WH, proxy was not configured, password is provided, region: undefined, authenticator: SNOWFLAKE, ocsp mode: FAIL_OPEN, os: linux, os version: 6.8.0-100-generic"}
{"level":"INFO","message":"[3:50:22.208 PM]: Connection[id: 5d7dd168-6ee7-4f3b-8e17-9cdc9d896f2c] additional details: passcode in password is provided, passcode is not provided, private key is not provided, application: undefined, client name: snowflake-sdk, client version: 2.3.4, retry timeout: 300, private key path: undefined, private key pass is not provided, client store temporary credential: false, browser response timeout: 120000"}
{"level":"INFO","message":"[3:50:22.216 PM]: Connection[id: 5d7dd168-6ee7-4f3b-8e17-9cdc9d896f2c] - connection object created successfully."}
{"level":"INFO","message":"[3:50:22.437 PM]: Creating new connection object"}
{"level":"INFO","message":"[3:50:23.033 PM]: Creating Connection[id: f788801a-9ba5-48cb-bfd7-a5612435952b] with host: test_account.snowflakecomputing.com, account: test_account, accessUrl: https://test_account.snowflakecomputing.com, user: test_user, role: test_role, database: test_database, schema: test_schema, warehouse: test_warehouse, proxy was not configured, password is provided, region: undefined, authenticator: SNOWFLAKE, ocsp mode: FAIL_OPEN, os: linux, os version: 6.8.0-100-generic"}
{"level":"INFO","message":"[3:50:23.156 PM]: Connection[id: f788801a-9ba5-48cb-bfd7-a5612435952b] additional details: passcode in password is provided, passcode is not provided, private key is not provided, application: undefined, client name: snowflake-sdk, client version: 2.3.4, retry timeout: 300, private key path: undefined, private key pass is not provided, client store temporary credential: false, browser response timeout: 120000"}
{"level":"INFO","message":"[3:50:23.166 PM]: Connection[id: f788801a-9ba5-48cb-bfd7-a5612435952b] - connection object created successfully."}
{"level":"INFO","message":"[3:50:24.108 PM]: Creating new connection object"}
{"level":"INFO","message":"[3:50:24.212 PM]: Creating Connection[id: 3718a857-4101-45d7-8b53-e44e1b46f92d] with host: test-account-12345.snowflakecomputing.com, account: test-account-12345, accessUrl: https://test-account-12345.snowflakecomputing.com, user: test-user, role: ACCOUNTADMIN, database: TEST_DB, schema: PUBLIC, warehouse: COMPUTE_WH, proxy was not configured, password is provided, region: undefined, authenticator: SNOWFLAKE, ocsp mode: FAIL_OPEN, os: linux, os version: 6.8.0-100-generic"}
{"level":"INFO","message":"[3:50:24.226 PM]: Connection[id: 3718a857-4101-45d7-8b53-e44e1b46f92d] additional details: passcode in password is provided, passcode is not provided, private key is not provided, application: undefined, client name: snowflake-sdk, client version: 2.3.4, retry timeout: 300, private key path: undefined, private key pass is not provided, client store temporary credential: false, browser response timeout: 120000"}
{"level":"INFO","message":"[3:50:24.229 PM]: Connection[id: 3718a857-4101-45d7-8b53-e44e1b46f92d] - connection object created successfully."}
{"level":"INFO","message":"[3:52:13.885 PM]: Creating new connection object"}
{"level":"INFO","message":"[3:52:13.941 PM]: Creating new connection object"}
{"level":"INFO","message":"[3:52:14.083 PM]: Creating Connection[id: 525e52c8-18ea-4e02-9e68-c4ad3b07d13f] with host: test-account-12345.snowflakecomputing.com, account: test-account-12345, accessUrl: https://test-account-12345.snowflakecomputing.com, user: test-user, role: ACCOUNTADMIN, database: TEST_DB, schema: PUBLIC, warehouse: COMPUTE_WH, proxy was not configured, password is provided, region: undefined, authenticator: SNOWFLAKE, ocsp mode: FAIL_OPEN, os: linux, os version: 6.8.0-100-generic"}
{"level":"INFO","message":"[3:52:14.107 PM]: Connection[id: 525e52c8-18ea-4e02-9e68-c4ad3b07d13f] additional details: passcode in password is provided, passcode is not provided, private key is not provided, application: undefined, client name: snowflake-sdk, client version: 2.3.4, retry timeout: 300, private key path: undefined, private key pass is not provided, client store temporary credential: false, browser response timeout: 120000"}
{"level":"INFO","message":"[3:52:14.111 PM]: Connection[id: 525e52c8-18ea-4e02-9e68-c4ad3b07d13f] - connection object created successfully."}
{"level":"INFO","message":"[3:52:13.993 PM]: Creating Connection[id: d2f20b19-c9ab-4de7-91a6-914af4d24b3d] with host: test-account-12345.snowflakecomputing.com, account: test-account-12345, accessUrl: https://test-account-12345.snowflakecomputing.com, user: test-user, role: ACCOUNTADMIN, database: TEST_DB, schema: PUBLIC, warehouse: COMPUTE_WH, proxy was not configured, password is provided, region: undefined, authenticator: SNOWFLAKE, ocsp mode: FAIL_OPEN, os: linux, os version: 6.8.0-100-generic"}
{"level":"INFO","message":"[3:52:14.015 PM]: Connection[id: d2f20b19-c9ab-4de7-91a6-914af4d24b3d] additional details: passcode in password is provided, passcode is not provided, private key is not provided, application: undefined, client name: snowflake-sdk, client version: 2.3.4, retry timeout: 300, private key path: undefined, private key pass is not provided, client store temporary credential: false, browser response timeout: 120000"}
{"level":"INFO","message":"[3:52:14.018 PM]: Connection[id: d2f20b19-c9ab-4de7-91a6-914af4d24b3d] - connection object created successfully."}
{"level":"INFO","message":"[3:52:13.829 PM]: Creating new connection object"}
{"level":"INFO","message":"[3:52:14.068 PM]: Creating Connection[id: f9e34663-756c-4ce3-89ba-dd74515561a3] with host: test_account.snowflakecomputing.com, account: test_account, accessUrl: https://test_account.snowflakecomputing.com, user: test_user, role: test_role, database: test_database, schema: test_schema, warehouse: test_warehouse, proxy was not configured, password is provided, region: undefined, authenticator: SNOWFLAKE, ocsp mode: FAIL_OPEN, os: linux, os version: 6.8.0-100-generic"}
{"level":"INFO","message":"[3:52:14.084 PM]: Connection[id: f9e34663-756c-4ce3-89ba-dd74515561a3] additional details: passcode in password is provided, passcode is not provided, private key is not provided, application: undefined, client name: snowflake-sdk, client version: 2.3.4, retry timeout: 300, private key path: undefined, private key pass is not provided, client store temporary credential: false, browser response timeout: 120000"}
{"level":"INFO","message":"[3:52:14.089 PM]: Connection[id: f9e34663-756c-4ce3-89ba-dd74515561a3] - connection object created successfully."}
{"level":"INFO","message":"[3:52:50.995 PM]: Creating new connection object"}
{"level":"INFO","message":"[3:52:51.117 PM]: Creating Connection[id: caa1e0dc-7f06-4ddf-b71c-e255c36335b8] with host: test-account-12345.snowflakecomputing.com, account: test-account-12345, accessUrl: https://test-account-12345.snowflakecomputing.com, user: test-user, role: ACCOUNTADMIN, database: TEST_DB, schema: PUBLIC, warehouse: COMPUTE_WH, proxy was not configured, password is provided, region: undefined, authenticator: SNOWFLAKE, ocsp mode: FAIL_OPEN, os: linux, os version: 6.8.0-100-generic"}
{"level":"INFO","message":"[3:52:51.160 PM]: Connection[id: caa1e0dc-7f06-4ddf-b71c-e255c36335b8] additional details: passcode in password is provided, passcode is not provided, private key is not provided, application: undefined, client name: snowflake-sdk, client version: 2.3.4, retry timeout: 300, private key path: undefined, private key pass is not provided, client store temporary credential: false, browser response timeout: 120000"}
{"level":"INFO","message":"[3:52:51.166 PM]: Connection[id: caa1e0dc-7f06-4ddf-b71c-e255c36335b8] - connection object created successfully."}
{"level":"INFO","message":"[3:52:51.101 PM]: Creating new connection object"}
{"level":"INFO","message":"[3:52:51.249 PM]: Creating Connection[id: 1039c1ee-353c-48a0-a85d-724f6900c7a5] with host: test-account-12345.snowflakecomputing.com, account: test-account-12345, accessUrl: https://test-account-12345.snowflakecomputing.com, user: test-user, role: ACCOUNTADMIN, database: TEST_DB, schema: PUBLIC, warehouse: COMPUTE_WH, proxy was not configured, password is provided, region: undefined, authenticator: SNOWFLAKE, ocsp mode: FAIL_OPEN, os: linux, os version: 6.8.0-100-generic"}
{"level":"INFO","message":"[3:52:51.262 PM]: Connection[id: 1039c1ee-353c-48a0-a85d-724f6900c7a5] additional details: passcode in password is provided, passcode is not provided, private key is not provided, application: undefined, client name: snowflake-sdk, client version: 2.3.4, retry timeout: 300, private key path: undefined, private key pass is not provided, client store temporary credential: false, browser response timeout: 120000"}
{"level":"INFO","message":"[3:52:51.265 PM]: Connection[id: 1039c1ee-353c-48a0-a85d-724f6900c7a5] - connection object created successfully."}
{"level":"INFO","message":"[3:52:50.921 PM]: Creating new connection object"}
{"level":"INFO","message":"[3:52:51.117 PM]: Creating Connection[id: d8311eee-413d-4747-9d3d-8e9fa99bf49e] with host: test_account.snowflakecomputing.com, account: test_account, accessUrl: https://test_account.snowflakecomputing.com, user: test_user, role: test_role, database: test_database, schema: test_schema, warehouse: test_warehouse, proxy was not configured, password is provided, region: undefined, authenticator: SNOWFLAKE, ocsp mode: FAIL_OPEN, os: linux, os version: 6.8.0-100-generic"}
{"level":"INFO","message":"[3:52:51.175 PM]: Connection[id: d8311eee-413d-4747-9d3d-8e9fa99bf49e] additional details: passcode in password is provided, passcode is not provided, private key is not provided, application: undefined, client name: snowflake-sdk, client version: 2.3.4, retry timeout: 300, private key path: undefined, private key pass is not provided, client store temporary credential: false, browser response timeout: 120000"}
{"level":"INFO","message":"[3:52:51.182 PM]: Connection[id: d8311eee-413d-4747-9d3d-8e9fa99bf49e] - connection object created successfully."}
{"level":"INFO","message":"[3:59:31.055 PM]: Creating new connection object"}
{"level":"INFO","message":"[3:59:31.197 PM]: Creating Connection[id: b4325cca-bbc7-4b38-8587-6181b5418635] with host: test-account-12345.snowflakecomputing.com, account: test-account-12345, accessUrl: https://test-account-12345.snowflakecomputing.com, user: test-user, role: ACCOUNTADMIN, database: TEST_DB, schema: PUBLIC, warehouse: COMPUTE_WH, proxy was not configured, password is provided, region: undefined, authenticator: SNOWFLAKE, ocsp mode: FAIL_OPEN, os: linux, os version: 6.8.0-100-generic"}
{"level":"INFO","message":"[3:59:31.247 PM]: Connection[id: b4325cca-bbc7-4b38-8587-6181b5418635] additional details: passcode in password is provided, passcode is not provided, private key is not provided, application: undefined, client name: snowflake-sdk, client version: 2.3.4, retry timeout: 300, private key path: undefined, private key pass is not provided, client store temporary credential: false, browser response timeout: 120000"}
{"level":"INFO","message":"[3:59:31.250 PM]: Connection[id: b4325cca-bbc7-4b38-8587-6181b5418635] - connection object created successfully."}
{"level":"INFO","message":"[3:59:31.066 PM]: Creating new connection object"}
{"level":"INFO","message":"[3:59:31.220 PM]: Creating Connection[id: 3c13e782-621c-4359-8578-72b6edda7a8b] with host: test-account-12345.snowflakecomputing.com, account: test-account-12345, accessUrl: https://test-account-12345.snowflakecomputing.com, user: test-user, role: ACCOUNTADMIN, database: TEST_DB, schema: PUBLIC, warehouse: COMPUTE_WH, proxy was not configured, password is provided, region: undefined, authenticator: SNOWFLAKE, ocsp mode: FAIL_OPEN, os: linux, os version: 6.8.0-100-generic"}
{"level":"INFO","message":"[3:59:31.245 PM]: Connection[id: 3c13e782-621c-4359-8578-72b6edda7a8b] additional details: passcode in password is provided, passcode is not provided, private key is not provided, application: undefined, client name: snowflake-sdk, client version: 2.3.4, retry timeout: 300, private key path: undefined, private key pass is not provided, client store temporary credential: false, browser response timeout: 120000"}
{"level":"INFO","message":"[3:59:31.255 PM]: Connection[id: 3c13e782-621c-4359-8578-72b6edda7a8b] - connection object created successfully."}
{"level":"INFO","message":"[3:59:31.437 PM]: Creating new connection object"}
{"level":"INFO","message":"[3:59:31.552 PM]: Creating Connection[id: 345c6f82-a054-49c6-9919-655ceadda253] with host: test_account.snowflakecomputing.com, account: test_account, accessUrl: https://test_account.snowflakecomputing.com, user: test_user, role: test_role, database: test_database, schema: test_schema, warehouse: test_warehouse, proxy was not configured, password is provided, region: undefined, authenticator: SNOWFLAKE, ocsp mode: FAIL_OPEN, os: linux, os version: 6.8.0-100-generic"}
{"level":"INFO","message":"[3:59:31.585 PM]: Connection[id: 345c6f82-a054-49c6-9919-655ceadda253] additional details: passcode in password is provided, passcode is not provided, private key is not provided, application: undefined, client name: snowflake-sdk, client version: 2.3.4, retry timeout: 300, private key path: undefined, private key pass is not provided, client store temporary credential: false, browser response timeout: 120000"}
{"level":"INFO","message":"[3:59:31.602 PM]: Connection[id: 345c6f82-a054-49c6-9919-655ceadda253] - connection object created successfully."}
{"level":"INFO","message":"[4:04:25.759 PM]: Creating new connection object"}
{"level":"INFO","message":"[4:04:25.846 PM]: Creating Connection[id: c7462090-5c05-4414-b9c7-e3c4774022c5] with host: test-account-12345.snowflakecomputing.com, account: test-account-12345, accessUrl: https://test-account-12345.snowflakecomputing.com, user: test-user, role: ACCOUNTADMIN, database: TEST_DB, schema: PUBLIC, warehouse: COMPUTE_WH, proxy was not configured, password is provided, region: undefined, authenticator: SNOWFLAKE, ocsp mode: FAIL_OPEN, os: linux, os version: 6.8.0-100-generic"}
{"level":"INFO","message":"[4:04:25.859 PM]: Connection[id: c7462090-5c05-4414-b9c7-e3c4774022c5] additional details: passcode in password is provided, passcode is not provided, private key is not provided, application: undefined, client name: snowflake-sdk, client version: 2.3.4, retry timeout: 300, private key path: undefined, private key pass is not provided, client store temporary credential: false, browser response timeout: 120000"}
{"level":"INFO","message":"[4:04:25.863 PM]: Connection[id: c7462090-5c05-4414-b9c7-e3c4774022c5] - connection object created successfully."}
{"level":"INFO","message":"[4:04:25.850 PM]: Creating new connection object"}
{"level":"INFO","message":"[4:04:25.946 PM]: Creating Connection[id: 13f96263-274a-4514-9e21-377cd23763f2] with host: test-account-12345.snowflakecomputing.com, account: test-account-12345, accessUrl: https://test-account-12345.snowflakecomputing.com, user: test-user, role: ACCOUNTADMIN, database: TEST_DB, schema: PUBLIC, warehouse: COMPUTE_WH, proxy was not configured, password is provided, region: undefined, authenticator: SNOWFLAKE, ocsp mode: FAIL_OPEN, os: linux, os version: 6.8.0-100-generic"}
{"level":"INFO","message":"[4:04:25.960 PM]: Connection[id: 13f96263-274a-4514-9e21-377cd23763f2] additional details: passcode in password is provided, passcode is not provided, private key is not provided, application: undefined, client name: snowflake-sdk, client version: 2.3.4, retry timeout: 300, private key path: undefined, private key pass is not provided, client store temporary credential: false, browser response timeout: 120000"}
{"level":"INFO","message":"[4:04:25.964 PM]: Connection[id: 13f96263-274a-4514-9e21-377cd23763f2] - connection object created successfully."}
{"level":"INFO","message":"[4:04:25.725 PM]: Creating new connection object"}
{"level":"INFO","message":"[4:04:25.891 PM]: Creating Connection[id: f5f6c0d3-b933-4439-b466-5aabf4762c8e] with host: test_account.snowflakecomputing.com, account: test_account, accessUrl: https://test_account.snowflakecomputing.com, user: test_user, role: test_role, database: test_database, schema: test_schema, warehouse: test_warehouse, proxy was not configured, password is provided, region: undefined, authenticator: SNOWFLAKE, ocsp mode: FAIL_OPEN, os: linux, os version: 6.8.0-100-generic"}
{"level":"INFO","message":"[4:04:25.919 PM]: Connection[id: f5f6c0d3-b933-4439-b466-5aabf4762c8e] additional details: passcode in password is provided, passcode is not provided, private key is not provided, application: undefined, client name: snowflake-sdk, client version: 2.3.4, retry timeout: 300, private key path: undefined, private key pass is not provided, client store temporary credential: false, browser response timeout: 120000"}
{"level":"INFO","message":"[4:04:25.924 PM]: Connection[id: f5f6c0d3-b933-4439-b466-5aabf4762c8e] - connection object created successfully."}
{"level":"INFO","message":"[6:01:45.409 PM]: Creating new connection object"}
{"level":"INFO","message":"[6:01:45.507 PM]: Creating Connection[id: 0936a897-8f26-461f-92b9-d8cac7b8cebc] with host: test-account-12345.snowflakecomputing.com, account: test-account-12345, accessUrl: https://test-account-12345.snowflakecomputing.com, user: test-user, role: ACCOUNTADMIN, database: TEST_DB, schema: PUBLIC, warehouse: COMPUTE_WH, proxy was not configured, password is provided, region: undefined, authenticator: SNOWFLAKE, ocsp mode: FAIL_OPEN, os: linux, os version: 6.8.0-100-generic"}
{"level":"INFO","message":"[6:01:45.525 PM]: Connection[id: 0936a897-8f26-461f-92b9-d8cac7b8cebc] additional details: passcode in password is provided, passcode is not provided, private key is not provided, application: undefined, client name: snowflake-sdk, client version: 2.3.4, retry timeout: 300, private key path: undefined, private key pass is not provided, client store temporary credential: false, browser response timeout: 120000"}
{"level":"INFO","message":"[6:01:45.528 PM]: Connection[id: 0936a897-8f26-461f-92b9-d8cac7b8cebc] - connection object created successfully."}
{"level":"INFO","message":"[6:01:45.499 PM]: Creating new connection object"}
{"level":"INFO","message":"[6:01:45.624 PM]: Creating Connection[id: 6546ad9e-010d-425e-9d02-57e1a27758d8] with host: test-account-12345.snowflakecomputing.com, account: test-account-12345, accessUrl: https://test-account-12345.snowflakecomputing.com, user: test-user, role: ACCOUNTADMIN, database: TEST_DB, schema: PUBLIC, warehouse: COMPUTE_WH, proxy was not configured, password is provided, region: undefined, authenticator: SNOWFLAKE, ocsp mode: FAIL_OPEN, os: linux, os version: 6.8.0-100-generic"}
{"level":"INFO","message":"[6:01:45.632 PM]: Connection[id: 6546ad9e-010d-425e-9d02-57e1a27758d8] additional details: passcode in password is provided, passcode is not provided, private key is not provided, application: undefined, client name: snowflake-sdk, client version: 2.3.4, retry timeout: 300, private key path: undefined, private key pass is not provided, client store temporary credential: false, browser response timeout: 120000"}
{"level":"INFO","message":"[6:01:45.634 PM]: Connection[id: 6546ad9e-010d-425e-9d02-57e1a27758d8] - connection object created successfully."}
{"level":"INFO","message":"[6:01:45.356 PM]: Creating new connection object"}
{"level":"INFO","message":"[6:01:45.523 PM]: Creating Connection[id: 0d1a072e-2066-4df6-94ab-85e46791da42] with host: test_account.snowflakecomputing.com, account: test_account, accessUrl: https://test_account.snowflakecomputing.com, user: test_user, role: test_role, database: test_database, schema: test_schema, warehouse: test_warehouse, proxy was not configured, password is provided, region: undefined, authenticator: SNOWFLAKE, ocsp mode: FAIL_OPEN, os: linux, os version: 6.8.0-100-generic"}
{"level":"INFO","message":"[6:01:45.561 PM]: Connection[id: 0d1a072e-2066-4df6-94ab-85e46791da42] additional details: passcode in password is provided, passcode is not provided, private key is not provided, application: undefined, client name: snowflake-sdk, client version: 2.3.4, retry timeout: 300, private key path: undefined, private key pass is not provided, client store temporary credential: false, browser response timeout: 120000"}
{"level":"INFO","message":"[6:01:45.579 PM]: Connection[id: 0d1a072e-2066-4df6-94ab-85e46791da42] - connection object created successfully."}
{"level":"INFO","message":"[12:04:21.286 PM]: Creating new connection object"}
{"level":"INFO","message":"[12:04:21.443 PM]: Creating Connection[id: 3f387d3c-1842-4dfa-adff-2f8d74d37179] with host: test-account-12345.snowflakecomputing.com, account: test-account-12345, accessUrl: https://test-account-12345.snowflakecomputing.com, user: test-user, role: ACCOUNTADMIN, database: TEST_DB, schema: PUBLIC, warehouse: COMPUTE_WH, proxy was not configured, password is provided, region: undefined, authenticator: SNOWFLAKE, ocsp mode: FAIL_OPEN, os: linux, os version: 6.8.0-101-generic"}
{"level":"INFO","message":"[12:04:21.482 PM]: Connection[id: 3f387d3c-1842-4dfa-adff-2f8d74d37179] additional details: passcode in password is provided, passcode is not provided, private key is not provided, application: undefined, client name: snowflake-sdk, client version: 2.3.4, retry timeout: 300, private key path: undefined, private key pass is not provided, client store temporary credential: false, browser response timeout: 120000"}
{"level":"INFO","message":"[12:04:21.496 PM]: Connection[id: 3f387d3c-1842-4dfa-adff-2f8d74d37179] - connection object created successfully."}
{"level":"INFO","message":"[12:07:12.975 PM]: Creating new connection object"}
{"level":"INFO","message":"[12:07:13.080 PM]: Creating Connection[id: e88d8f4d-9fbc-4be8-8dca-ab4bc558fdbd] with host: test-account-12345.snowflakecomputing.com, account: test-account-12345, accessUrl: https://test-account-12345.snowflakecomputing.com, user: test-user, role: ACCOUNTADMIN, database: TEST_DB, schema: PUBLIC, warehouse: COMPUTE_WH, proxy was not configured, password is provided, region: undefined, authenticator: SNOWFLAKE, ocsp mode: FAIL_OPEN, os: linux, os version: 6.8.0-101-generic"}
{"level":"INFO","message":"[12:07:13.094 PM]: Connection[id: e88d8f4d-9fbc-4be8-8dca-ab4bc558fdbd] additional details: passcode in password is provided, passcode is not provided, private key is not provided, application: undefined, client name: snowflake-sdk, client version: 2.3.4, retry timeout: 300, private key path: undefined, private key pass is not provided, client store temporary credential: false, browser response timeout: 120000"}
{"level":"INFO","message":"[12:07:13.097 PM]: Connection[id: e88d8f4d-9fbc-4be8-8dca-ab4bc558fdbd] - connection object created successfully."}
{"level":"INFO","message":"[12:07:13.886 PM]: Creating new connection object"}
{"level":"INFO","message":"[12:07:13.943 PM]: Creating Connection[id: fa868f35-31e1-462a-913c-147c9ecffb8e] with host: test_account.snowflakecomputing.com, account: test_account, accessUrl: https://test_account.snowflakecomputing.com, user: test_user, role: test_role, database: test_database, schema: test_schema, warehouse: test_warehouse, proxy was not configured, password is provided, region: undefined, authenticator: SNOWFLAKE, ocsp mode: FAIL_OPEN, os: linux, os version: 6.8.0-101-generic"}
{"level":"INFO","message":"[12:07:13.957 PM]: Connection[id: fa868f35-31e1-462a-913c-147c9ecffb8e] additional details: passcode in password is provided, passcode is not provided, private key is not provided, application: undefined, client name: snowflake-sdk, client version: 2.3.4, retry timeout: 300, private key path: undefined, private key pass is not provided, client store temporary credential: false, browser response timeout: 120000"}
{"level":"INFO","message":"[12:07:13.961 PM]: Connection[id: fa868f35-31e1-462a-913c-147c9ecffb8e] - connection object created successfully."}
{"level":"INFO","message":"[12:07:14.874 PM]: Creating new connection object"}
{"level":"INFO","message":"[12:07:14.894 PM]: Creating Connection[id: c2ea46b3-6093-4dbb-903c-a919f44530fc] with host: test-account-12345.snowflakecomputing.com, account: test-account-12345, accessUrl: https://test-account-12345.snowflakecomputing.com, user: test-user, role: ACCOUNTADMIN, database: TEST_DB, schema: PUBLIC, warehouse: COMPUTE_WH, proxy was not configured, password is provided, region: undefined, authenticator: SNOWFLAKE, ocsp mode: FAIL_OPEN, os: linux, os version: 6.8.0-101-generic"}
{"level":"INFO","message":"[12:07:14.897 PM]: Connection[id: c2ea46b3-6093-4dbb-903c-a919f44530fc] additional details: passcode in password is provided, passcode is not provided, private key is not provided, application: undefined, client name: snowflake-sdk, client version: 2.3.4, retry timeout: 300, private key path: undefined, private key pass is not provided, client store temporary credential: false, browser response timeout: 120000"}
{"level":"INFO","message":"[12:07:14.899 PM]: Connection[id: c2ea46b3-6093-4dbb-903c-a919f44530fc] - connection object created successfully."}
{"level":"INFO","message":"[12:08:41.201 PM]: Creating new connection object"}
{"level":"INFO","message":"[12:08:41.321 PM]: Creating Connection[id: a835e317-4245-4ee4-bcce-f875c196eea2] with host: test-account-12345.snowflakecomputing.com, account: test-account-12345, accessUrl: https://test-account-12345.snowflakecomputing.com, user: test-user, role: ACCOUNTADMIN, database: TEST_DB, schema: PUBLIC, warehouse: COMPUTE_WH, proxy was not configured, password is provided, region: undefined, authenticator: SNOWFLAKE, ocsp mode: FAIL_OPEN, os: linux, os version: 6.8.0-101-generic"}
{"level":"INFO","message":"[12:08:41.340 PM]: Connection[id: a835e317-4245-4ee4-bcce-f875c196eea2] additional details: passcode in password is provided, passcode is not provided, private key is not provided, application: undefined, client name: snowflake-sdk, client version: 2.3.4, retry timeout: 300, private key path: undefined, private key pass is not provided, client store temporary credential: false, browser response timeout: 120000"}
{"level":"INFO","message":"[12:08:41.347 PM]: Connection[id: a835e317-4245-4ee4-bcce-f875c196eea2] - connection object created successfully."}
{"level":"INFO","message":"[12:08:41.134 PM]: Creating new connection object"}
{"level":"INFO","message":"[12:08:41.318 PM]: Creating new connection object"}
{"level":"INFO","message":"[12:08:41.307 PM]: Creating Connection[id: 5be2cd61-c962-4907-b7ad-d0724bd9cdbb] with host: test_account.snowflakecomputing.com, account: test_account, accessUrl: https://test_account.snowflakecomputing.com, user: test_user, role: test_role, database: test_database, schema: test_schema, warehouse: test_warehouse, proxy was not configured, password is provided, region: undefined, authenticator: SNOWFLAKE, ocsp mode: FAIL_OPEN, os: linux, os version: 6.8.0-101-generic"}
{"level":"INFO","message":"[12:08:41.326 PM]: Connection[id: 5be2cd61-c962-4907-b7ad-d0724bd9cdbb] additional details: passcode in password is provided, passcode is not provided, private key is not provided, application: undefined, client name: snowflake-sdk, client version: 2.3.4, retry timeout: 300, private key path: undefined, private key pass is not provided, client store temporary credential: false, browser response timeout: 120000"}
{"level":"INFO","message":"[12:08:41.330 PM]: Connection[id: 5be2cd61-c962-4907-b7ad-d0724bd9cdbb] - connection object created successfully."}
{"level":"INFO","message":"[12:08:41.426 PM]: Creating Connection[id: a08632dd-6295-4cd4-ac86-d4977bfb16e2] with host: test-account-12345.snowflakecomputing.com, account: test-account-12345, accessUrl: https://test-account-12345.snowflakecomputing.com, user: test-user, role: ACCOUNTADMIN, database: TEST_DB, schema: PUBLIC, warehouse: COMPUTE_WH, proxy was not configured, password is provided, region: undefined, authenticator: SNOWFLAKE, ocsp mode: FAIL_OPEN, os: linux, os version: 6.8.0-101-generic"}
{"level":"INFO","message":"[12:08:41.445 PM]: Connection[id: a08632dd-6295-4cd4-ac86-d4977bfb16e2] additional details: passcode in password is provided, passcode is not provided, private key is not provided, application: undefined, client name: snowflake-sdk, client version: 2.3.4, retry timeout: 300, private key path: undefined, private key pass is not provided, client store temporary credential: false, browser response timeout: 120000"}
{"level":"INFO","message":"[12:08:41.448 PM]: Connection[id: a08632dd-6295-4cd4-ac86-d4977bfb16e2] - connection object created successfully."}
{"level":"INFO","message":"[12:09:39.220 PM]: Creating new connection object"}
{"level":"INFO","message":"[12:09:39.341 PM]: Creating Connection[id: b5edd26d-2a00-4ce0-83c5-c026889ab31c] with host: test-account-12345.snowflakecomputing.com, account: test-account-12345, accessUrl: https://test-account-12345.snowflakecomputing.com, user: test-user, role: ACCOUNTADMIN, database: TEST_DB, schema: PUBLIC, warehouse: COMPUTE_WH, proxy was not configured, password is provided, region: undefined, authenticator: SNOWFLAKE, ocsp mode: FAIL_OPEN, os: linux, os version: 6.8.0-101-generic"}
{"level":"INFO","message":"[12:09:39.364 PM]: Connection[id: b5edd26d-2a00-4ce0-83c5-c026889ab31c] additional details: passcode in password is provided, passcode is not provided, private key is not provided, application: undefined, client name: snowflake-sdk, client version: 2.3.4, retry timeout: 300, private key path: undefined, private key pass is not provided, client store temporary credential: false, browser response timeout: 120000"}
{"level":"INFO","message":"[12:09:39.375 PM]: Connection[id: b5edd26d-2a00-4ce0-83c5-c026889ab31c] - connection object created successfully."}
{"level":"INFO","message":"[12:09:39.354 PM]: Creating new connection object"}
{"level":"INFO","message":"[12:09:39.430 PM]: Creating Connection[id: 7f0c6b71-3afc-4241-9819-f51d543c7daf] with host: test-account-12345.snowflakecomputing.com, account: test-account-12345, accessUrl: https://test-account-12345.snowflakecomputing.com, user: test-user, role: ACCOUNTADMIN, database: TEST_DB, schema: PUBLIC, warehouse: COMPUTE_WH, proxy was not configured, password is provided, region: undefined, authenticator: SNOWFLAKE, ocsp mode: FAIL_OPEN, os: linux, os version: 6.8.0-101-generic"}
{"level":"INFO","message":"[12:09:39.447 PM]: Connection[id: 7f0c6b71-3afc-4241-9819-f51d543c7daf] additional details: passcode in password is provided, passcode is not provided, private key is not provided, application: undefined, client name: snowflake-sdk, client version: 2.3.4, retry timeout: 300, private key path: undefined, private key pass is not provided, client store temporary credential: false, browser response timeout: 120000"}
{"level":"INFO","message":"[12:09:39.451 PM]: Connection[id: 7f0c6b71-3afc-4241-9819-f51d543c7daf] - connection object created successfully."}
{"level":"INFO","message":"[12:14:23.370 PM]: Creating new connection object"}
{"level":"INFO","message":"[12:14:23.508 PM]: Creating Connection[id: 970d7145-e2f8-4df3-bd62-91d2b3815b23] with host: test-account-12345.snowflakecomputing.com, account: test-account-12345, accessUrl: https://test-account-12345.snowflakecomputing.com, user: test-user, role: ACCOUNTADMIN, database: TEST_DB, schema: PUBLIC, warehouse: COMPUTE_WH, proxy was not configured, password is provided, region: undefined, authenticator: SNOWFLAKE, ocsp mode: FAIL_OPEN, os: linux, os version: 6.8.0-101-generic"}
{"level":"INFO","message":"[12:14:23.538 PM]: Connection[id: 970d7145-e2f8-4df3-bd62-91d2b3815b23] additional details: passcode in password is provided, passcode is not provided, private key is not provided, application: undefined, client name: snowflake-sdk, client version: 2.3.4, retry timeout: 300, private key path: undefined, private key pass is not provided, client store temporary credential: false, browser response timeout: 120000"}
{"level":"INFO","message":"[12:14:23.545 PM]: Connection[id: 970d7145-e2f8-4df3-bd62-91d2b3815b23] - connection object created successfully."}
{"level":"INFO","message":"[12:14:23.526 PM]: Creating new connection object"}
{"level":"INFO","message":"[12:14:23.651 PM]: Creating Connection[id: 77cd0c21-4e61-4335-8c1f-c63c34e31bd9] with host: test-account-12345.snowflakecomputing.com, account: test-account-12345, accessUrl: https://test-account-12345.snowflakecomputing.com, user: test-user, role: ACCOUNTADMIN, database: TEST_DB, schema: PUBLIC, warehouse: COMPUTE_WH, proxy was not configured, password is provided, region: undefined, authenticator: SNOWFLAKE, ocsp mode: FAIL_OPEN, os: linux, os version: 6.8.0-101-generic"}
{"level":"INFO","message":"[12:14:23.664 PM]: Connection[id: 77cd0c21-4e61-4335-8c1f-c63c34e31bd9] additional details: passcode in password is provided, passcode is not provided, private key is not provided, application: undefined, client name: snowflake-sdk, client version: 2.3.4, retry timeout: 300, private key path: undefined, private key pass is not provided, client store temporary credential: false, browser response timeout: 120000"}
{"level":"INFO","message":"[12:14:23.669 PM]: Connection[id: 77cd0c21-4e61-4335-8c1f-c63c34e31bd9] - connection object created successfully."}
{"level":"INFO","message":"[12:14:23.566 PM]: Creating new connection object"}
{"level":"INFO","message":"[12:14:23.685 PM]: Creating Connection[id: 5134311c-0318-48a6-9a7d-6df25f4cd2b1] with host: test_account.snowflakecomputing.com, account: test_account, accessUrl: https://test_account.snowflakecomputing.com, user: test_user, role: test_role, database: test_database, schema: test_schema, warehouse: test_warehouse, proxy was not configured, password is provided, region: undefined, authenticator: SNOWFLAKE, ocsp mode: FAIL_OPEN, os: linux, os version: 6.8.0-101-generic"}
{"level":"INFO","message":"[12:14:23.699 PM]: Connection[id: 5134311c-0318-48a6-9a7d-6df25f4cd2b1] additional details: passcode in password is provided, passcode is not provided, private key is not provided, application: undefined, client name: snowflake-sdk, client version: 2.3.4, retry timeout: 300, private key path: undefined, private key pass is not provided, client store temporary credential: false, browser response timeout: 120000"}
{"level":"INFO","message":"[12:14:23.704 PM]: Connection[id: 5134311c-0318-48a6-9a7d-6df25f4cd2b1] - connection object created successfully."}
{"level":"INFO","message":"[12:15:24.847 PM]: Creating new connection object"}
{"level":"INFO","message":"[12:15:24.953 PM]: Creating Connection[id: 6e8a8940-4356-4bf0-826e-1c5a87a2e3e9] with host: test-account-12345.snowflakecomputing.com, account: test-account-12345, accessUrl: https://test-account-12345.snowflakecomputing.com, user: test-user, role: ACCOUNTADMIN, database: TEST_DB, schema: PUBLIC, warehouse: COMPUTE_WH, proxy was not configured, password is provided, region: undefined, authenticator: SNOWFLAKE, ocsp mode: FAIL_OPEN, os: linux, os version: 6.8.0-101-generic"}
{"level":"INFO","message":"[12:15:24.967 PM]: Connection[id: 6e8a8940-4356-4bf0-826e-1c5a87a2e3e9] additional details: passcode in password is provided, passcode is not provided, private key is not provided, application: undefined, client name: snowflake-sdk, client version: 2.3.4, retry timeout: 300, private key path: undefined, private key pass is not provided, client store temporary credential: false, browser response timeout: 120000"}
{"level":"INFO","message":"[12:15:24.973 PM]: Connection[id: 6e8a8940-4356-4bf0-826e-1c5a87a2e3e9] - connection object created successfully."}
{"level":"INFO","message":"[12:15:25.617 PM]: Creating new connection object"}
{"level":"INFO","message":"[12:15:25.757 PM]: Creating Connection[id: b459b9f6-5e9e-43c6-a508-7e6c1c1964ce] with host: test-account-12345.snowflakecomputing.com, account: test-account-12345, accessUrl: https://test-account-12345.snowflakecomputing.com, user: test-user, role: ACCOUNTADMIN, database: TEST_DB, schema: PUBLIC, warehouse: COMPUTE_WH, proxy was not configured, password is provided, region: undefined, authenticator: SNOWFLAKE, ocsp mode: FAIL_OPEN, os: linux, os version: 6.8.0-101-generic"}
{"level":"INFO","message":"[12:15:25.789 PM]: Connection[id: b459b9f6-5e9e-43c6-a508-7e6c1c1964ce] additional details: passcode in password is provided, passcode is not provided, private key is not provided, application: undefined, client name: snowflake-sdk, client version: 2.3.4, retry timeout: 300, private key path: undefined, private key pass is not provided, client store temporary credential: false, browser response timeout: 120000"}
{"level":"INFO","message":"[12:15:25.793 PM]: Connection[id: b459b9f6-5e9e-43c6-a508-7e6c1c1964ce] - connection object created successfully."}
{"level":"INFO","message":"[12:15:25.626 PM]: Creating new connection object"}
{"level":"INFO","message":"[12:15:25.776 PM]: Creating Connection[id: d7bbe8b6-ff17-4357-a7e1-d2ec0a890542] with host: test_account.snowflakecomputing.com, account: test_account, accessUrl: https://test_account.snowflakecomputing.com, user: test_user, role: test_role, database: test_database, schema: test_schema, warehouse: test_warehouse, proxy was not configured, password is provided, region: undefined, authenticator: SNOWFLAKE, ocsp mode: FAIL_OPEN, os: linux, os version: 6.8.0-101-generic"}
{"level":"INFO","message":"[12:15:25.789 PM]: Connection[id: d7bbe8b6-ff17-4357-a7e1-d2ec0a890542] additional details: passcode in password is provided, passcode is not provided, private key is not provided, application: undefined, client name: snowflake-sdk, client version: 2.3.4, retry timeout: 300, private key path: undefined, private key pass is not provided, client store temporary credential: false, browser response timeout: 120000"}
{"level":"INFO","message":"[12:15:25.793 PM]: Connection[id: d7bbe8b6-ff17-4357-a7e1-d2ec0a890542] - connection object created successfully."}
{"level":"INFO","message":"[12:17:12.013 PM]: Creating new connection object"}
{"level":"INFO","message":"[12:17:12.135 PM]: Creating Connection[id: a51511e1-506b-4952-a0f4-edbead3828ef] with host: test-account-12345.snowflakecomputing.com, account: test-account-12345, accessUrl: https://test-account-12345.snowflakecomputing.com, user: test-user, role: ACCOUNTADMIN, database: TEST_DB, schema: PUBLIC, warehouse: COMPUTE_WH, proxy was not configured, password is provided, region: undefined, authenticator: SNOWFLAKE, ocsp mode: FAIL_OPEN, os: linux, os version: 6.8.0-101-generic"}
{"level":"INFO","message":"[12:17:12.145 PM]: Connection[id: a51511e1-506b-4952-a0f4-edbead3828ef] additional details: passcode in password is provided, passcode is not provided, private key is not provided, application: undefined, client name: snowflake-sdk, client version: 2.3.4, retry timeout: 300, private key path: undefined, private key pass is not provided, client store temporary credential: false, browser response timeout: 120000"}
{"level":"INFO","message":"[12:17:12.148 PM]: Connection[id: a51511e1-506b-4952-a0f4-edbead3828ef] - connection object created successfully."}
{"level":"INFO","message":"[12:17:12.570 PM]: Creating new connection object"}
{"level":"INFO","message":"[12:17:12.699 PM]: Creating Connection[id: c3b33b5a-798c-4068-8e9b-e7b5895ed3e8] with host: test-account-12345.snowflakecomputing.com, account: test-account-12345, accessUrl: https://test-account-12345.snowflakecomputing.com, user: test-user, role: ACCOUNTADMIN, database: TEST_DB, schema: PUBLIC, warehouse: COMPUTE_WH, proxy was not configured, password is provided, region: undefined, authenticator: SNOWFLAKE, ocsp mode: FAIL_OPEN, os: linux, os version: 6.8.0-101-generic"}
{"level":"INFO","message":"[12:17:12.715 PM]: Connection[id: c3b33b5a-798c-4068-8e9b-e7b5895ed3e8] additional details: passcode in password is provided, passcode is not provided, private key is not provided, application: undefined, client name: snowflake-sdk, client version: 2.3.4, retry timeout: 300, private key path: undefined, private key pass is not provided, client store temporary credential: false, browser response timeout: 120000"}
{"level":"INFO","message":"[12:17:12.726 PM]: Connection[id: c3b33b5a-798c-4068-8e9b-e7b5895ed3e8] - connection object created successfully."}
{"level":"INFO","message":"[12:17:12.580 PM]: Creating new connection object"}
{"level":"INFO","message":"[12:17:12.768 PM]: Creating Connection[id: c415c02d-6a80-4589-b55f-a04e6f6c0c01] with host: test_account.snowflakecomputing.com, account: test_account, accessUrl: https://test_account.snowflakecomputing.com, user: test_user, role: test_role, database: test_database, schema: test_schema, warehouse: test_warehouse, proxy was not configured, password is provided, region: undefined, authenticator: SNOWFLAKE, ocsp mode: FAIL_OPEN, os: linux, os version: 6.8.0-101-generic"}
{"level":"INFO","message":"[12:17:12.787 PM]: Connection[id: c415c02d-6a80-4589-b55f-a04e6f6c0c01] additional details: passcode in password is provided, passcode is not provided, private key is not provided, application: undefined, client name: snowflake-sdk, client version: 2.3.4, retry timeout: 300, private key path: undefined, private key pass is not provided, client store temporary credential: false, browser response timeout: 120000"}
{"level":"INFO","message":"[12:17:12.791 PM]: Connection[id: c415c02d-6a80-4589-b55f-a04e6f6c0c01] - connection object created successfully."}
{"level":"INFO","message":"[12:18:26.013 PM]: Creating new connection object"}
{"level":"INFO","message":"[12:18:26.149 PM]: Creating Connection[id: 2d6266b3-d995-4848-9896-313d3c8b4e4f] with host: test-account-12345.snowflakecomputing.com, account: test-account-12345, accessUrl: https://test-account-12345.snowflakecomputing.com, user: test-user, role: ACCOUNTADMIN, database: TEST_DB, schema: PUBLIC, warehouse: COMPUTE_WH, proxy was not configured, password is provided, region: undefined, authenticator: SNOWFLAKE, ocsp mode: FAIL_OPEN, os: linux, os version: 6.8.0-101-generic"}
{"level":"INFO","message":"[12:18:26.186 PM]: Connection[id: 2d6266b3-d995-4848-9896-313d3c8b4e4f] additional details: passcode in password is provided, passcode is not provided, private key is not provided, application: undefined, client name: snowflake-sdk, client version: 2.3.4, retry timeout: 300, private key path: undefined, private key pass is not provided, client store temporary credential: false, browser response timeout: 120000"}
{"level":"INFO","message":"[12:18:26.191 PM]: Connection[id: 2d6266b3-d995-4848-9896-313d3c8b4e4f] - connection object created successfully."}
{"level":"INFO","message":"[12:18:26.220 PM]: Creating new connection object"}
{"level":"INFO","message":"[12:18:26.385 PM]: Creating Connection[id: 1fac31fd-077d-43b0-9515-c5350e3cfe04] with host: test_account.snowflakecomputing.com, account: test_account, accessUrl: https://test_account.snowflakecomputing.com, user: test_user, role: test_role, database: test_database, schema: test_schema, warehouse: test_warehouse, proxy was not configured, password is provided, region: undefined, authenticator: SNOWFLAKE, ocsp mode: FAIL_OPEN, os: linux, os version: 6.8.0-101-generic"}
{"level":"INFO","message":"[12:18:26.413 PM]: Connection[id: 1fac31fd-077d-43b0-9515-c5350e3cfe04] additional details: passcode in password is provided, passcode is not provided, private key is not provided, application: undefined, client name: snowflake-sdk, client version: 2.3.4, retry timeout: 300, private key path: undefined, private key pass is not provided, client store temporary credential: false, browser response timeout: 120000"}
{"level":"INFO","message":"[12:18:26.417 PM]: Connection[id: 1fac31fd-077d-43b0-9515-c5350e3cfe04] - connection object created successfully."}
{"level":"INFO","message":"[12:18:26.451 PM]: Creating new connection object"}
{"level":"INFO","message":"[12:18:26.562 PM]: Creating Connection[id: d18ddc28-161a-4657-8385-977fab00b12c] with host: test-account-12345.snowflakecomputing.com, account: test-account-12345, accessUrl: https://test-account-12345.snowflakecomputing.com, user: test-user, role: ACCOUNTADMIN, database: TEST_DB, schema: PUBLIC, warehouse: COMPUTE_WH, proxy was not configured, password is provided, region: undefined, authenticator: SNOWFLAKE, ocsp mode: FAIL_OPEN, os: linux, os version: 6.8.0-101-generic"}
{"level":"INFO","message":"[12:18:26.578 PM]: Connection[id: d18ddc28-161a-4657-8385-977fab00b12c] additional details: passcode in password is provided, passcode is not provided, private key is not provided, application: undefined, client name: snowflake-sdk, client version: 2.3.4, retry timeout: 300, private key path: undefined, private key pass is not provided, client store temporary credential: false, browser response timeout: 120000"}
{"level":"INFO","message":"[12:18:26.581 PM]: Connection[id: d18ddc28-161a-4657-8385-977fab00b12c] - connection object created successfully."}
{"level":"INFO","message":"[12:19:28.538 PM]: Creating new connection object"}
{"level":"INFO","message":"[12:19:28.665 PM]: Creating Connection[id: 6863c067-4b9a-4e20-957a-64e9fb4c74a6] with host: test-account-12345.snowflakecomputing.com, account: test-account-12345, accessUrl: https://test-account-12345.snowflakecomputing.com, user: test-user, role: ACCOUNTADMIN, database: TEST_DB, schema: PUBLIC, warehouse: COMPUTE_WH, proxy was not configured, password is provided, region: undefined, authenticator: SNOWFLAKE, ocsp mode: FAIL_OPEN, os: linux, os version: 6.8.0-101-generic"}
{"level":"INFO","message":"[12:19:28.677 PM]: Connection[id: 6863c067-4b9a-4e20-957a-64e9fb4c74a6] additional details: passcode in password is provided, passcode is not provided, private key is not provided, application: undefined, client name: snowflake-sdk, client version: 2.3.4, retry timeout: 300, private key path: undefined, private key pass is not provided, client store temporary credential: false, browser response timeout: 120000"}
{"level":"INFO","message":"[12:19:28.679 PM]: Connection[id: 6863c067-4b9a-4e20-957a-64e9fb4c74a6] - connection object created successfully."}
{"level":"INFO","message":"[12:19:28.937 PM]: Creating new connection object"}
{"level":"INFO","message":"[12:19:29.060 PM]: Creating Connection[id: 11bebd22-6b24-45fb-bf31-a08ef36fdf79] with host: test-account-12345.snowflakecomputing.com, account: test-account-12345, accessUrl: https://test-account-12345.snowflakecomputing.com, user: test-user, role: ACCOUNTADMIN, database: TEST_DB, schema: PUBLIC, warehouse: COMPUTE_WH, proxy was not configured, password is provided, region: undefined, authenticator: SNOWFLAKE, ocsp mode: FAIL_OPEN, os: linux, os version: 6.8.0-101-generic"}
{"level":"INFO","message":"[12:19:29.087 PM]: Connection[id: 11bebd22-6b24-45fb-bf31-a08ef36fdf79] additional details: passcode in password is provided, passcode is not provided, private key is not provided, application: undefined, client name: snowflake-sdk, client version: 2.3.4, retry timeout: 300, private key path: undefined, private key pass is not provided, client store temporary credential: false, browser response timeout: 120000"}
{"level":"INFO","message":"[12:19:29.092 PM]: Connection[id: 11bebd22-6b24-45fb-bf31-a08ef36fdf79] - connection object created successfully."}
{"level":"INFO","message":"[12:19:28.889 PM]: Creating new connection object"}
{"level":"INFO","message":"[12:19:29.123 PM]: Creating Connection[id: 3dd6cad9-f9ba-47a2-84fa-916fbc76f355] with host: test_account.snowflakecomputing.com, account: test_account, accessUrl: https://test_account.snowflakecomputing.com, user: test_user, role: test_role, database: test_database, schema: test_schema, warehouse: test_warehouse, proxy was not configured, password is provided, region: undefined, authenticator: SNOWFLAKE, ocsp mode: FAIL_OPEN, os: linux, os version: 6.8.0-101-generic"}
{"level":"INFO","message":"[12:19:29.141 PM]: Connection[id: 3dd6cad9-f9ba-47a2-84fa-916fbc76f355] additional details: passcode in password is provided, passcode is not provided, private key is not provided, application: undefined, client name: snowflake-sdk, client version: 2.3.4, retry timeout: 300, private key path: undefined, private key pass is not provided, client store temporary credential: false, browser response timeout: 120000"}
{"level":"INFO","message":"[12:19:29.147 PM]: Connection[id: 3dd6cad9-f9ba-47a2-84fa-916fbc76f355] - connection object created successfully."}
{"level":"INFO","message":"[6:15:10.671 PM]: Creating new connection object"}
{"level":"INFO","message":"[6:15:10.752 PM]: Creating new connection object"}
{"level":"INFO","message":"[6:15:10.919 PM]: Creating Connection[id: 68448c41-8058-4aa1-aca2-ee2da23414d0] with host: test-account-12345.snowflakecomputing.com, account: test-account-12345, accessUrl: https://test-account-12345.snowflakecomputing.com, user: test-user, role: ACCOUNTADMIN, database: TEST_DB, schema: PUBLIC, warehouse: COMPUTE_WH, proxy was not configured, password is provided, region: undefined, authenticator: SNOWFLAKE, ocsp mode: FAIL_OPEN, os: linux, os version: 6.8.0-101-generic"}
{"level":"INFO","message":"[6:15:10.931 PM]: Connection[id: 68448c41-8058-4aa1-aca2-ee2da23414d0] additional details: passcode in password is provided, passcode is not provided, private key is not provided, application: undefined, client name: snowflake-sdk, client version: 2.3.4, retry timeout: 300, private key path: undefined, private key pass is not provided, client store temporary credential: false, browser response timeout: 120000"}
{"level":"INFO","message":"[6:15:10.934 PM]: Connection[id: 68448c41-8058-4aa1-aca2-ee2da23414d0] - connection object created successfully."}
{"level":"INFO","message":"[6:15:10.841 PM]: Creating Connection[id: cfa444f1-4e5b-42b0-b771-811acbfbdd82] with host: test-account-12345.snowflakecomputing.com, account: test-account-12345, accessUrl: https://test-account-12345.snowflakecomputing.com, user: test-user, role: ACCOUNTADMIN, database: TEST_DB, schema: PUBLIC, warehouse: COMPUTE_WH, proxy was not configured, password is provided, region: undefined, authenticator: SNOWFLAKE, ocsp mode: FAIL_OPEN, os: linux, os version: 6.8.0-101-generic"}
{"level":"INFO","message":"[6:15:10.878 PM]: Connection[id: cfa444f1-4e5b-42b0-b771-811acbfbdd82] additional details: passcode in password is provided, passcode is not provided, private key is not provided, application: undefined, client name: snowflake-sdk, client version: 2.3.4, retry timeout: 300, private key path: undefined, private key pass is not provided, client store temporary credential: false, browser response timeout: 120000"}
{"level":"INFO","message":"[6:15:10.881 PM]: Connection[id: cfa444f1-4e5b-42b0-b771-811acbfbdd82] - connection object created successfully."}
{"level":"INFO","message":"[6:18:24.794 PM]: Creating new connection object"}
{"level":"INFO","message":"[6:18:24.923 PM]: Creating Connection[id: ad6f5f05-aac0-43b0-801a-47c07a4f7c21] with host: test-account-12345.snowflakecomputing.com, account: test-account-12345, accessUrl: https://test-account-12345.snowflakecomputing.com, user: test-user, role: ACCOUNTADMIN, database: TEST_DB, schema: PUBLIC, warehouse: COMPUTE_WH, proxy was not configured, password is provided, region: undefined, authenticator: SNOWFLAKE, ocsp mode: FAIL_OPEN, os: linux, os version: 6.8.0-101-generic"}
{"level":"INFO","message":"[6:18:24.945 PM]: Connection[id: ad6f5f05-aac0-43b0-801a-47c07a4f7c21] additional details: passcode in password is provided, passcode is not provided, private key is not provided, application: undefined, client name: snowflake-sdk, client version: 2.3.4, retry timeout: 300, private key path: undefined, private key pass is not provided, client store temporary credential: false, browser response timeout: 120000"}
{"level":"INFO","message":"[6:18:24.948 PM]: Connection[id: ad6f5f05-aac0-43b0-801a-47c07a4f7c21] - connection object created successfully."}
{"level":"INFO","message":"[6:18:24.646 PM]: Creating new connection object"}
{"level":"INFO","message":"[6:18:24.902 PM]: Creating Connection[id: 246cee60-bdb9-4a5f-a697-bce7d968d560] with host: test-account-12345.snowflakecomputing.com, account: test-account-12345, accessUrl: https://test-account-12345.snowflakecomputing.com, user: test-user, role: ACCOUNTADMIN, database: TEST_DB, schema: PUBLIC, warehouse: COMPUTE_WH, proxy was not configured, password is provided, region: undefined, authenticator: SNOWFLAKE, ocsp mode: FAIL_OPEN, os: linux, os version: 6.8.0-101-generic"}
{"level":"INFO","message":"[6:18:24.965 PM]: Connection[id: 246cee60-bdb9-4a5f-a697-bce7d968d560] additional details: passcode in password is provided, passcode is not provided, private key is not provided, application: undefined, client name: snowflake-sdk, client version: 2.3.4, retry timeout: 300, private key path: undefined, private key pass is not provided, client store temporary credential: false, browser response timeout: 120000"}
{"level":"INFO","message":"[6:18:24.983 PM]: Connection[id: 246cee60-bdb9-4a5f-a697-bce7d968d560] - connection object created successfully."}
{"level":"INFO","message":"[6:18:24.559 PM]: Creating new connection object"}
{"level":"INFO","message":"[6:18:24.734 PM]: Creating Connection[id: 5c7189a1-52b3-43c4-938e-83b789a19517] with host: test_account.snowflakecomputing.com, account: test_account, accessUrl: https://test_account.snowflakecomputing.com, user: test_user, role: test_role, database: test_database, schema: test_schema, warehouse: test_warehouse, proxy was not configured, password is provided, region: undefined, authenticator: SNOWFLAKE, ocsp mode: FAIL_OPEN, os: linux, os version: 6.8.0-101-generic"}
{"level":"INFO","message":"[6:18:24.757 PM]: Connection[id: 5c7189a1-52b3-43c4-938e-83b789a19517] additional details: passcode in password is provided, passcode is not provided, private key is not provided, application: undefined, client name: snowflake-sdk, client version: 2.3.4, retry timeout: 300, private key path: undefined, private key pass is not provided, client store temporary credential: false, browser response timeout: 120000"}
{"level":"INFO","message":"[6:18:24.768 PM]: Connection[id: 5c7189a1-52b3-43c4-938e-83b789a19517] - connection object created successfully."}
{"level":"INFO","message":"[1:11:38.319 PM]: Creating new connection object"}
{"level":"INFO","message":"[1:11:38.466 PM]: Creating Connection[id: 8d4da40e-e8ca-4ae6-821c-0ada54b54d98] with host: test-account-12345.snowflakecomputing.com, account: test-account-12345, accessUrl: https://test-account-12345.snowflakecomputing.com, user: test-user, role: ACCOUNTADMIN, database: TEST_DB, schema: PUBLIC, warehouse: COMPUTE_WH, proxy was not configured, password is provided, region: undefined, authenticator: SNOWFLAKE, ocsp mode: FAIL_OPEN, os: linux, os version: 6.8.0-101-generic"}
{"level":"INFO","message":"[1:11:38.487 PM]: Connection[id: 8d4da40e-e8ca-4ae6-821c-0ada54b54d98] additional details: passcode in password is provided, passcode is not provided, private key is not provided, application: undefined, client name: snowflake-sdk, client version: 2.3.4, retry timeout: 300, private key path: undefined, private key pass is not provided, client store temporary credential: false, browser response timeout: 120000"}
{"level":"INFO","message":"[1:11:38.493 PM]: Connection[id: 8d4da40e-e8ca-4ae6-821c-0ada54b54d98] - connection object created successfully."}
{"level":"INFO","message":"[1:11:50.653 PM]: Creating new connection object"}
{"level":"INFO","message":"[1:11:50.794 PM]: Creating Connection[id: 36f3e4f1-50bc-415f-9b8f-49f06f90058a] with host: test-account-12345.snowflakecomputing.com, account: test-account-12345, accessUrl: https://test-account-12345.snowflakecomputing.com, user: test-user, role: ACCOUNTADMIN, database: TEST_DB, schema: PUBLIC, warehouse: COMPUTE_WH, proxy was not configured, password is provided, region: undefined, authenticator: SNOWFLAKE, ocsp mode: FAIL_OPEN, os: linux, os version: 6.8.0-101-generic"}
{"level":"INFO","message":"[1:11:50.848 PM]: Connection[id: 36f3e4f1-50bc-415f-9b8f-49f06f90058a] additional details: passcode in password is provided, passcode is not provided, private key is not provided, application: undefined, client name: snowflake-sdk, client version: 2.3.4, retry timeout: 300, private key path: undefined, private key pass is not provided, client store temporary credential: false, browser response timeout: 120000"}
{"level":"INFO","message":"[1:11:50.856 PM]: Connection[id: 36f3e4f1-50bc-415f-9b8f-49f06f90058a] - connection object created successfully."}
{"level":"INFO","message":"[1:11:50.641 PM]: Creating new connection object"}
{"level":"INFO","message":"[1:11:50.973 PM]: Creating Connection[id: 748e4de3-7943-43ec-a57c-435d94ea1977] with host: test_account.snowflakecomputing.com, account: test_account, accessUrl: https://test_account.snowflakecomputing.com, user: test_user, role: test_role, database: test_database, schema: test_schema, warehouse: test_warehouse, proxy was not configured, password is provided, region: undefined, authenticator: SNOWFLAKE, ocsp mode: FAIL_OPEN, os: linux, os version: 6.8.0-101-generic"}
{"level":"INFO","message":"[1:11:51.012 PM]: Connection[id: 748e4de3-7943-43ec-a57c-435d94ea1977] additional details: passcode in password is provided, passcode is not provided, private key is not provided, application: undefined, client name: snowflake-sdk, client version: 2.3.4, retry timeout: 300, private key path: undefined, private key pass is not provided, client store temporary credential: false, browser response timeout: 120000"}
{"level":"INFO","message":"[1:11:51.019 PM]: Connection[id: 748e4de3-7943-43ec-a57c-435d94ea1977] - connection object created successfully."}
{"level":"INFO","message":"[1:16:21.556 PM]: Creating new connection object"}
{"level":"INFO","message":"[1:16:21.678 PM]: Creating Connection[id: 0d928f6b-ffb2-41dd-9238-261328a83d65] with host: test-account-12345.snowflakecomputing.com, account: test-account-12345, accessUrl: https://test-account-12345.snowflakecomputing.com, user: test-user, role: ACCOUNTADMIN, database: TEST_DB, schema: PUBLIC, warehouse: COMPUTE_WH, proxy was not configured, password is provided, region: undefined, authenticator: SNOWFLAKE, ocsp mode: FAIL_OPEN, os: linux, os version: 6.8.0-101-generic"}
{"level":"INFO","message":"[1:16:21.697 PM]: Connection[id: 0d928f6b-ffb2-41dd-9238-261328a83d65] additional details: passcode in password is provided, passcode is not provided, private key is not provided, application: undefined, client name: snowflake-sdk, client version: 2.3.4, retry timeout: 300, private key path: undefined, private key pass is not provided, client store temporary credential: false, browser response timeout: 120000"}
{"level":"INFO","message":"[1:16:21.702 PM]: Connection[id: 0d928f6b-ffb2-41dd-9238-261328a83d65] - connection object created successfully."}
{"level":"INFO","message":"[1:16:21.465 PM]: Creating new connection object"}
{"level":"INFO","message":"[1:16:21.534 PM]: Creating new connection object"}
{"level":"INFO","message":"[1:16:21.661 PM]: Creating Connection[id: 5c965851-2120-4ba5-ac4d-94adb3111199] with host: test_account.snowflakecomputing.com, account: test_account, accessUrl: https://test_account.snowflakecomputing.com, user: test_user, role: test_role, database: test_database, schema: test_schema, warehouse: test_warehouse, proxy was not configured, password is provided, region: undefined, authenticator: SNOWFLAKE, ocsp mode: FAIL_OPEN, os: linux, os version: 6.8.0-101-generic"}
{"level":"INFO","message":"[1:16:21.673 PM]: Connection[id: 5c965851-2120-4ba5-ac4d-94adb3111199] additional details: passcode in password is provided, passcode is not provided, private key is not provided, application: undefined, client name: snowflake-sdk, client version: 2.3.4, retry timeout: 300, private key path: undefined, private key pass is not provided, client store temporary credential: false, browser response timeout: 120000"}
{"level":"INFO","message":"[1:16:21.676 PM]: Connection[id: 5c965851-2120-4ba5-ac4d-94adb3111199] - connection object created successfully."}
{"level":"INFO","message":"[1:16:21.744 PM]: Creating Connection[id: e0226162-48e5-4e88-ac67-b2b9b4c957b0] with host: test-account-12345.snowflakecomputing.com, account: test-account-12345, accessUrl: https://test-account-12345.snowflakecomputing.com, user: test-user, role: ACCOUNTADMIN, database: TEST_DB, schema: PUBLIC, warehouse: COMPUTE_WH, proxy was not configured, password is provided, region: undefined, authenticator: SNOWFLAKE, ocsp mode: FAIL_OPEN, os: linux, os version: 6.8.0-101-generic"}
{"level":"INFO","message":"[1:16:21.760 PM]: Connection[id: e0226162-48e5-4e88-ac67-b2b9b4c957b0] additional details: passcode in password is provided, passcode is not provided, private key is not provided, application: undefined, client name: snowflake-sdk, client version: 2.3.4, retry timeout: 300, private key path: undefined, private key pass is not provided, client store temporary credential: false, browser response timeout: 120000"}
{"level":"INFO","message":"[1:16:21.763 PM]: Connection[id: e0226162-48e5-4e88-ac67-b2b9b4c957b0] - connection object created successfully."}
{"level":"INFO","message":"[1:24:15.989 PM]: Creating new connection object"}
{"level":"INFO","message":"[1:24:16.134 PM]: Creating Connection[id: f1ee67dd-90f8-47a6-92cb-c2d96f9b6f68] with host: test-account-12345.snowflakecomputing.com, account: test-account-12345, accessUrl: https://test-account-12345.snowflakecomputing.com, user: test-user, role: ACCOUNTADMIN, database: TEST_DB, schema: PUBLIC, warehouse: COMPUTE_WH, proxy was not configured, password is provided, region: undefined, authenticator: SNOWFLAKE, ocsp mode: FAIL_OPEN, os: linux, os version: 6.8.0-101-generic"}
{"level":"INFO","message":"[1:24:16.147 PM]: Connection[id: f1ee67dd-90f8-47a6-92cb-c2d96f9b6f68] additional details: passcode in password is provided, passcode is not provided, private key is not provided, application: undefined, client name: snowflake-sdk, client version: 2.3.4, retry timeout: 300, private key path: undefined, private key pass is not provided, client store temporary credential: false, browser response timeout: 120000"}
{"level":"INFO","message":"[1:24:16.150 PM]: Connection[id: f1ee67dd-90f8-47a6-92cb-c2d96f9b6f68] - connection object created successfully."}
{"level":"INFO","message":"[1:24:16.613 PM]: Creating new connection object"}
{"level":"INFO","message":"[1:24:16.760 PM]: Creating Connection[id: c51ef15d-1926-416f-8d4c-ac90f9d61181] with host: test-account-12345.snowflakecomputing.com, account: test-account-12345, accessUrl: https://test-account-12345.snowflakecomputing.com, user: test-user, role: ACCOUNTADMIN, database: TEST_DB, schema: PUBLIC, warehouse: COMPUTE_WH, proxy was not configured, password is provided, region: undefined, authenticator: SNOWFLAKE, ocsp mode: FAIL_OPEN, os: linux, os version: 6.8.0-101-generic"}
{"level":"INFO","message":"[1:24:16.787 PM]: Connection[id: c51ef15d-1926-416f-8d4c-ac90f9d61181] additional details: passcode in password is provided, passcode is not provided, private key is not provided, application: undefined, client name: snowflake-sdk, client version: 2.3.4, retry timeout: 300, private key path: undefined, private key pass is not provided, client store temporary credential: false, browser response timeout: 120000"}
{"level":"INFO","message":"[1:24:16.792 PM]: Connection[id: c51ef15d-1926-416f-8d4c-ac90f9d61181] - connection object created successfully."}
{"level":"INFO","message":"[1:24:21.334 PM]: Creating new connection object"}
{"level":"INFO","message":"[1:24:21.388 PM]: Creating Connection[id: ab5ef8c9-e4ee-496b-a846-21fab87d03d4] with host: test_account.snowflakecomputing.com, account: test_account, accessUrl: https://test_account.snowflakecomputing.com, user: test_user, role: test_role, database: test_database, schema: test_schema, warehouse: test_warehouse, proxy was not configured, password is provided, region: undefined, authenticator: SNOWFLAKE, ocsp mode: FAIL_OPEN, os: linux, os version: 6.8.0-101-generic"}
{"level":"INFO","message":"[1:24:21.395 PM]: Connection[id: ab5ef8c9-e4ee-496b-a846-21fab87d03d4] additional details: passcode in password is provided, passcode is not provided, private key is not provided, application: undefined, client name: snowflake-sdk, client version: 2.3.4, retry timeout: 300, private key path: undefined, private key pass is not provided, client store temporary credential: false, browser response timeout: 120000"}
{"level":"INFO","message":"[1:24:21.398 PM]: Connection[id: ab5ef8c9-e4ee-496b-a846-21fab87d03d4] - connection object created successfully."}
{"level":"INFO","message":"[2:50:37.315 PM]: Creating new connection object"}
{"level":"INFO","message":"[2:50:37.464 PM]: Creating Connection[id: ae370f7a-ab66-45f8-bebd-017a46edc652] with host: test-account-12345.snowflakecomputing.com, account: test-account-12345, accessUrl: https://test-account-12345.snowflakecomputing.com, user: test-user, role: ACCOUNTADMIN, database: TEST_DB, schema: PUBLIC, warehouse: COMPUTE_WH, proxy was not configured, password is provided, region: undefined, authenticator: SNOWFLAKE, ocsp mode: FAIL_OPEN, os: linux, os version: 6.8.0-101-generic"}
{"level":"INFO","message":"[2:50:37.498 PM]: Connection[id: ae370f7a-ab66-45f8-bebd-017a46edc652] additional details: passcode in password is provided, passcode is not provided, private key is not provided, application: undefined, client name: snowflake-sdk, client version: 2.3.4, retry timeout: 300, private key path: undefined, private key pass is not provided, client store temporary credential: false, browser response timeout: 120000"}
{"level":"INFO","message":"[2:50:37.504 PM]: Connection[id: ae370f7a-ab66-45f8-bebd-017a46edc652] - connection object created successfully."}
{"level":"INFO","message":"[2:50:38.901 PM]: Creating new connection object"}
{"level":"INFO","message":"[2:50:39.016 PM]: Creating Connection[id: 065ac537-fe58-4a66-901b-90784c680567] with host: test-account-12345.snowflakecomputing.com, account: test-account-12345, accessUrl: https://test-account-12345.snowflakecomputing.com, user: test-user, role: ACCOUNTADMIN, database: TEST_DB, schema: PUBLIC, warehouse: COMPUTE_WH, proxy was not configured, password is provided, region: undefined, authenticator: SNOWFLAKE, ocsp mode: FAIL_OPEN, os: linux, os version: 6.8.0-101-generic"}
{"level":"INFO","message":"[2:50:39.034 PM]: Connection[id: 065ac537-fe58-4a66-901b-90784c680567] additional details: passcode in password is provided, passcode is not provided, private key is not provided, application: undefined, client name: snowflake-sdk, client version: 2.3.4, retry timeout: 300, private key path: undefined, private key pass is not provided, client store temporary credential: false, browser response timeout: 120000"}
{"level":"INFO","message":"[2:50:39.037 PM]: Connection[id: 065ac537-fe58-4a66-901b-90784c680567] - connection object created successfully."}
{"level":"INFO","message":"[2:50:40.783 PM]: Creating new connection object"}
{"level":"INFO","message":"[2:50:40.897 PM]: Creating Connection[id: 2d067fe8-32c7-4d80-aeb5-e332b3f974a4] with host: test_account.snowflakecomputing.com, account: test_account, accessUrl: https://test_account.snowflakecomputing.com, user: test_user, role: test_role, database: test_database, schema: test_schema, warehouse: test_warehouse, proxy was not configured, password is provided, region: undefined, authenticator: SNOWFLAKE, ocsp mode: FAIL_OPEN, os: linux, os version: 6.8.0-101-generic"}
{"level":"INFO","message":"[2:50:40.909 PM]: Connection[id: 2d067fe8-32c7-4d80-aeb5-e332b3f974a4] additional details: passcode in password is provided, passcode is not provided, private key is not provided, application: undefined, client name: snowflake-sdk, client version: 2.3.4, retry timeout: 300, private key path: undefined, private key pass is not provided, client store temporary credential: false, browser response timeout: 120000"}
{"level":"INFO","message":"[2:50:40.913 PM]: Connection[id: 2d067fe8-32c7-4d80-aeb5-e332b3f974a4] - connection object created successfully."}
{"level":"INFO","message":"[5:58:06.502 PM]: Creating new connection object"}
{"level":"INFO","message":"[5:58:06.641 PM]: Creating Connection[id: ed4cdd34-a02f-45c8-a610-2b78f59cdc19] with host: test-account-12345.snowflakecomputing.com, account: test-account-12345, accessUrl: https://test-account-12345.snowflakecomputing.com, user: test-user, role: ACCOUNTADMIN, database: TEST_DB, schema: PUBLIC, warehouse: COMPUTE_WH, proxy was not configured, password is provided, region: undefined, authenticator: SNOWFLAKE, ocsp mode: FAIL_OPEN, os: linux, os version: 6.8.0-101-generic"}
{"level":"INFO","message":"[5:58:06.691 PM]: Connection[id: ed4cdd34-a02f-45c8-a610-2b78f59cdc19] additional details: passcode in password is provided, passcode is not provided, private key is not provided, application: undefined, client name: snowflake-sdk, client version: 2.3.4, retry timeout: 300, private key path: undefined, private key pass is not provided, client store temporary credential: false, browser response timeout: 120000"}
{"level":"INFO","message":"[5:58:06.698 PM]: Connection[id: ed4cdd34-a02f-45c8-a610-2b78f59cdc19] - connection object created successfully."}
{"level":"INFO","message":"[5:58:06.572 PM]: Creating new connection object"}
{"level":"INFO","message":"[5:58:06.785 PM]: Creating Connection[id: ebb9c547-8ccd-43a5-b216-3e5b37835670] with host: test-account-12345.snowflakecomputing.com, account: test-account-12345, accessUrl: https://test-account-12345.snowflakecomputing.com, user: test-user, role: ACCOUNTADMIN, database: TEST_DB, schema: PUBLIC, warehouse: COMPUTE_WH, proxy was not configured, password is provided, region: undefined, authenticator: SNOWFLAKE, ocsp mode: FAIL_OPEN, os: linux, os version: 6.8.0-101-generic"}
{"level":"INFO","message":"[5:58:06.806 PM]: Connection[id: ebb9c547-8ccd-43a5-b216-3e5b37835670] additional details: passcode in password is provided, passcode is not provided, private key is not provided, application: undefined, client name: snowflake-sdk, client version: 2.3.4, retry timeout: 300, private key path: undefined, private key pass is not provided, client store temporary credential: false, browser response timeout: 120000"}
{"level":"INFO","message":"[5:58:06.811 PM]: Connection[id: ebb9c547-8ccd-43a5-b216-3e5b37835670] - connection object created successfully."}
{"level":"INFO","message":"[5:58:06.463 PM]: Creating new connection object"}
{"level":"INFO","message":"[5:58:06.642 PM]: Creating Connection[id: fa4cb0c1-8c9c-4b6e-bd20-ee6a546f331e] with host: test_account.snowflakecomputing.com, account: test_account, accessUrl: https://test_account.snowflakecomputing.com, user: test_user, role: test_role, database: test_database, schema: test_schema, warehouse: test_warehouse, proxy was not configured, password is provided, region: undefined, authenticator: SNOWFLAKE, ocsp mode: FAIL_OPEN, os: linux, os version: 6.8.0-101-generic"}
{"level":"INFO","message":"[5:58:06.663 PM]: Connection[id: fa4cb0c1-8c9c-4b6e-bd20-ee6a546f331e] additional details: passcode in password is provided, passcode is not provided, private key is not provided, application: undefined, client name: snowflake-sdk, client version: 2.3.4, retry timeout: 300, private key path: undefined, private key pass is not provided, client store temporary credential: false, browser response timeout: 120000"}
{"level":"INFO","message":"[5:58:06.673 PM]: Connection[id: fa4cb0c1-8c9c-4b6e-bd20-ee6a546f331e] - connection object created successfully."}
{"level":"INFO","message":"[11:51:35.486 AM]: Creating new connection object"}
{"level":"INFO","message":"[11:51:35.556 AM]: Creating Connection[id: 4ad9120c-5cfa-4a3d-bbf0-c5d5f8e100ba] with host: test-account-12345.snowflakecomputing.com, account: test-account-12345, accessUrl: https://test-account-12345.snowflakecomputing.com, user: test-user, role: ACCOUNTADMIN, database: TEST_DB, schema: PUBLIC, warehouse: COMPUTE_WH, proxy was not configured, password is provided, region: undefined, authenticator: SNOWFLAKE, ocsp mode: FAIL_OPEN, os: linux, os version: 6.8.0-101-generic"}
{"level":"INFO","message":"[11:51:35.571 AM]: Connection[id: 4ad9120c-5cfa-4a3d-bbf0-c5d5f8e100ba] additional details: passcode in password is provided, passcode is not provided, private key is not provided, application: undefined, client name: snowflake-sdk, client version: 2.3.4, retry timeout: 300, private key path: undefined, private key pass is not provided, client store temporary credential: false, browser response timeout: 120000"}
{"level":"INFO","message":"[11:51:35.574 AM]: Connection[id: 4ad9120c-5cfa-4a3d-bbf0-c5d5f8e100ba] - connection object created successfully."}
{"level":"INFO","message":"[11:51:45.454 AM]: Creating new connection object"}
{"level":"INFO","message":"[11:51:45.556 AM]: Creating Connection[id: 82194560-5c6e-434d-8977-96fee4f42c0d] with host: test-account-12345.snowflakecomputing.com, account: test-account-12345, accessUrl: https://test-account-12345.snowflakecomputing.com, user: test-user, role: ACCOUNTADMIN, database: TEST_DB, schema: PUBLIC, warehouse: COMPUTE_WH, proxy was not configured, password is provided, region: undefined, authenticator: SNOWFLAKE, ocsp mode: FAIL_OPEN, os: linux, os version: 6.8.0-101-generic"}
{"level":"INFO","message":"[11:51:45.612 AM]: Connection[id: 82194560-5c6e-434d-8977-96fee4f42c0d] additional details: passcode in password is provided, passcode is not provided, private key is not provided, application: undefined, client name: snowflake-sdk, client version: 2.3.4, retry timeout: 300, private key path: undefined, private key pass is not provided, client store temporary credential: false, browser response timeout: 120000"}
{"level":"INFO","message":"[11:51:45.676 AM]: Connection[id: 82194560-5c6e-434d-8977-96fee4f42c0d] - connection object created successfully."}
{"level":"INFO","message":"[11:51:46.684 AM]: Creating new connection object"}
{"level":"INFO","message":"[11:51:47.034 AM]: Creating Connection[id: d0c05d48-61a0-4289-978c-03f4594bff09] with host: test_account.snowflakecomputing.com, account: test_account, accessUrl: https://test_account.snowflakecomputing.com, user: test_user, role: test_role, database: test_database, schema: test_schema, warehouse: test_warehouse, proxy was not configured, password is provided, region: undefined, authenticator: SNOWFLAKE, ocsp mode: FAIL_OPEN, os: linux, os version: 6.8.0-101-generic"}
{"level":"INFO","message":"[11:51:47.055 AM]: Connection[id: d0c05d48-61a0-4289-978c-03f4594bff09] additional details: passcode in password is provided, passcode is not provided, private key is not provided, application: undefined, client name: snowflake-sdk, client version: 2.3.4, retry timeout: 300, private key path: undefined, private key pass is not provided, client store temporary credential: false, browser response timeout: 120000"}
{"level":"INFO","message":"[11:51:47.061 AM]: Connection[id: d0c05d48-61a0-4289-978c-03f4594bff09] - connection object created successfully."}
{"level":"INFO","message":"[11:54:15.052 AM]: Creating new connection object"}
{"level":"INFO","message":"[11:54:15.205 AM]: Creating Connection[id: 3785473c-f5b3-48e4-a756-c06e52346591] with host: test-account-12345.snowflakecomputing.com, account: test-account-12345, accessUrl: https://test-account-12345.snowflakecomputing.com, user: test-user, role: ACCOUNTADMIN, database: TEST_DB, schema: PUBLIC, warehouse: COMPUTE_WH, proxy was not configured, password is provided, region: undefined, authenticator: SNOWFLAKE, ocsp mode: FAIL_OPEN, os: linux, os version: 6.8.0-101-generic"}
{"level":"INFO","message":"[11:54:15.220 AM]: Connection[id: 3785473c-f5b3-48e4-a756-c06e52346591] additional details: passcode in password is provided, passcode is not provided, private key is not provided, application: undefined, client name: snowflake-sdk, client version: 2.3.4, retry timeout: 300, private key path: undefined, private key pass is not provided, client store temporary credential: false, browser response timeout: 120000"}
{"level":"INFO","message":"[11:54:15.223 AM]: Connection[id: 3785473c-f5b3-48e4-a756-c06e52346591] - connection object created successfully."}
{"level":"INFO","message":"[11:54:15.748 AM]: Creating new connection object"}
{"level":"INFO","message":"[11:54:15.853 AM]: Creating Connection[id: 8e94fb9d-c553-4400-913c-e646f234e461] with host: test_account.snowflakecomputing.com, account: test_account, accessUrl: https://test_account.snowflakecomputing.com, user: test_user, role: test_role, database: test_database, schema: test_schema, warehouse: test_warehouse, proxy was not configured, password is provided, region: undefined, authenticator: SNOWFLAKE, ocsp mode: FAIL_OPEN, os: linux, os version: 6.8.0-101-generic"}
{"level":"INFO","message":"[11:54:15.872 AM]: Connection[id: 8e94fb9d-c553-4400-913c-e646f234e461] additional details: passcode in password is provided, passcode is not provided, private key is not provided, application: undefined, client name: snowflake-sdk, client version: 2.3.4, retry timeout: 300, private key path: undefined, private key pass is not provided, client store temporary credential: false, browser response timeout: 120000"}
{"level":"INFO","message":"[11:54:15.876 AM]: Connection[id: 8e94fb9d-c553-4400-913c-e646f234e461] - connection object created successfully."}
{"level":"INFO","message":"[11:54:16.783 AM]: Creating new connection object"}
{"level":"INFO","message":"[11:54:16.817 AM]: Creating Connection[id: 554d3722-1270-460d-8597-20b0d239d204] with host: test-account-12345.snowflakecomputing.com, account: test-account-12345, accessUrl: https://test-account-12345.snowflakecomputing.com, user: test-user, role: ACCOUNTADMIN, database: TEST_DB, schema: PUBLIC, warehouse: COMPUTE_WH, proxy was not configured, password is provided, region: undefined, authenticator: SNOWFLAKE, ocsp mode: FAIL_OPEN, os: linux, os version: 6.8.0-101-generic"}
{"level":"INFO","message":"[11:54:16.821 AM]: Connection[id: 554d3722-1270-460d-8597-20b0d239d204] additional details: passcode in password is provided, passcode is not provided, private key is not provided, application: undefined, client name: snowflake-sdk, client version: 2.3.4, retry timeout: 300, private key path: undefined, private key pass is not provided, client store temporary credential: false, browser response timeout: 120000"}
{"level":"INFO","message":"[11:54:16.828 AM]: Connection[id: 554d3722-1270-460d-8597-20b0d239d204] - connection object created successfully."}
{"level":"INFO","message":"[11:55:12.970 AM]: Creating new connection object"}
{"level":"INFO","message":"[11:55:13.072 AM]: Creating Connection[id: 7096d0ab-1ef8-4bfa-aea7-442ea3f898fe] with host: test_account.snowflakecomputing.com, account: test_account, accessUrl: https://test_account.snowflakecomputing.com, user: test_user, role: test_role, database: test_database, schema: test_schema, warehouse: test_warehouse, proxy was not configured, password is provided, region: undefined, authenticator: SNOWFLAKE, ocsp mode: FAIL_OPEN, os: linux, os version: 6.8.0-101-generic"}
{"level":"INFO","message":"[11:55:13.086 AM]: Connection[id: 7096d0ab-1ef8-4bfa-aea7-442ea3f898fe] additional details: passcode in password is provided, passcode is not provided, private key is not provided, application: undefined, client name: snowflake-sdk, client version: 2.3.4, retry timeout: 300, private key path: undefined, private key pass is not provided, client store temporary credential: false, browser response timeout: 120000"}
{"level":"INFO","message":"[11:55:13.114 AM]: Connection[id: 7096d0ab-1ef8-4bfa-aea7-442ea3f898fe] - connection object created successfully."}
{"level":"INFO","message":"[11:55:13.014 AM]: Creating new connection object"}
{"level":"INFO","message":"[11:55:13.157 AM]: Creating Connection[id: 1b93511e-2071-4c99-9bf0-adbab84435a2] with host: test-account-12345.snowflakecomputing.com, account: test-account-12345, accessUrl: https://test-account-12345.snowflakecomputing.com, user: test-user, role: ACCOUNTADMIN, database: TEST_DB, schema: PUBLIC, warehouse: COMPUTE_WH, proxy was not configured, password is provided, region: undefined, authenticator: SNOWFLAKE, ocsp mode: FAIL_OPEN, os: linux, os version: 6.8.0-101-generic"}
{"level":"INFO","message":"[11:55:13.169 AM]: Connection[id: 1b93511e-2071-4c99-9bf0-adbab84435a2] additional details: passcode in password is provided, passcode is not provided, private key is not provided, application: undefined, client name: snowflake-sdk, client version: 2.3.4, retry timeout: 300, private key path: undefined, private key pass is not provided, client store temporary credential: false, browser response timeout: 120000"}
{"level":"INFO","message":"[11:55:13.172 AM]: Connection[id: 1b93511e-2071-4c99-9bf0-adbab84435a2] - connection object created successfully."}
{"level":"INFO","message":"[11:55:13.404 AM]: Creating new connection object"}
{"level":"INFO","message":"[11:55:13.578 AM]: Creating Connection[id: 3efd39f7-3bad-4774-87ed-803d16cbce0f] with host: test-account-12345.snowflakecomputing.com, account: test-account-12345, accessUrl: https://test-account-12345.snowflakecomputing.com, user: test-user, role: ACCOUNTADMIN, database: TEST_DB, schema: PUBLIC, warehouse: COMPUTE_WH, proxy was not configured, password is provided, region: undefined, authenticator: SNOWFLAKE, ocsp mode: FAIL_OPEN, os: linux, os version: 6.8.0-101-generic"}
{"level":"INFO","message":"[11:55:13.622 AM]: Connection[id: 3efd39f7-3bad-4774-87ed-803d16cbce0f] additional details: passcode in password is provided, passcode is not provided, private key is not provided, application: undefined, client name: snowflake-sdk, client version: 2.3.4, retry timeout: 300, private key path: undefined, private key pass is not provided, client store temporary credential: false, browser response timeout: 120000"}
{"level":"INFO","message":"[11:55:13.629 AM]: Connection[id: 3efd39f7-3bad-4774-87ed-803d16cbce0f] - connection object created successfully."}
{"level":"INFO","message":"[1:51:34.710 PM]: Creating new connection object"}
{"level":"INFO","message":"[1:51:34.768 PM]: Creating Connection[id: 8e53c1dd-3b43-4487-91f0-10089244c7f1] with host: test-account-12345.snowflakecomputing.com, account: test-account-12345, accessUrl: https://test-account-12345.snowflakecomputing.com, user: test-user, role: ACCOUNTADMIN, database: TEST_DB, schema: PUBLIC, warehouse: COMPUTE_WH, proxy was not configured, password is provided, region: undefined, authenticator: SNOWFLAKE, ocsp mode: FAIL_OPEN, os: linux, os version: 6.8.0-101-generic"}
{"level":"INFO","message":"[1:51:34.779 PM]: Connection[id: 8e53c1dd-3b43-4487-91f0-10089244c7f1] additional details: passcode in password is provided, passcode is not provided, private key is not provided, application: undefined, client name: snowflake-sdk, client version: 2.3.4, retry timeout: 300, private key path: undefined, private key pass is not provided, client store temporary credential: false, browser response timeout: 120000"}
{"level":"INFO","message":"[1:51:34.782 PM]: Connection[id: 8e53c1dd-3b43-4487-91f0-10089244c7f1] - connection object created successfully."}
{"level":"INFO","message":"[1:51:34.682 PM]: Creating new connection object"}
{"level":"INFO","message":"[1:51:34.748 PM]: Creating Connection[id: 04fafe75-b619-48cf-b825-384ea2736ceb] with host: test_account.snowflakecomputing.com, account: test_account, accessUrl: https://test_account.snowflakecomputing.com, user: test_user, role: test_role, database: test_database, schema: test_schema, warehouse: test_warehouse, proxy was not configured, password is provided, region: undefined, authenticator: SNOWFLAKE, ocsp mode: FAIL_OPEN, os: linux, os version: 6.8.0-101-generic"}
{"level":"INFO","message":"[1:51:34.756 PM]: Connection[id: 04fafe75-b619-48cf-b825-384ea2736ceb] additional details: passcode in password is provided, passcode is not provided, private key is not provided, application: undefined, client name: snowflake-sdk, client version: 2.3.4, retry timeout: 300, private key path: undefined, private key pass is not provided, client store temporary credential: false, browser response timeout: 120000"}
{"level":"INFO","message":"[1:51:34.760 PM]: Connection[id: 04fafe75-b619-48cf-b825-384ea2736ceb] - connection object created successfully."}
{"level":"INFO","message":"[1:53:17.523 PM]: Creating new connection object"}
{"level":"INFO","message":"[1:53:17.584 PM]: Creating Connection[id: a4c0881e-0b92-447f-82f7-317cd5c0bf65] with host: test-account-12345.snowflakecomputing.com, account: test-account-12345, accessUrl: https://test-account-12345.snowflakecomputing.com, user: test-user, role: ACCOUNTADMIN, database: TEST_DB, schema: PUBLIC, warehouse: COMPUTE_WH, proxy was not configured, password is provided, region: undefined, authenticator: SNOWFLAKE, ocsp mode: FAIL_OPEN, os: linux, os version: 6.8.0-101-generic"}
{"level":"INFO","message":"[1:53:17.592 PM]: Connection[id: a4c0881e-0b92-447f-82f7-317cd5c0bf65] additional details: passcode in password is provided, passcode is not provided, private key is not provided, application: undefined, client name: snowflake-sdk, client version: 2.3.4, retry timeout: 300, private key path: undefined, private key pass is not provided, client store temporary credential: false, browser response timeout: 120000"}
{"level":"INFO","message":"[1:53:17.595 PM]: Connection[id: a4c0881e-0b92-447f-82f7-317cd5c0bf65] - connection object created successfully."}
{"level":"INFO","message":"[1:53:17.704 PM]: Creating new connection object"}
{"level":"INFO","message":"[1:53:17.766 PM]: Creating Connection[id: 80da8f24-51e3-40df-9715-a0ba4901bf46] with host: test_account.snowflakecomputing.com, account: test_account, accessUrl: https://test_account.snowflakecomputing.com, user: test_user, role: test_role, database: test_database, schema: test_schema, warehouse: test_warehouse, proxy was not configured, password is provided, region: undefined, authenticator: SNOWFLAKE, ocsp mode: FAIL_OPEN, os: linux, os version: 6.8.0-101-generic"}
{"level":"INFO","message":"[1:53:17.776 PM]: Connection[id: 80da8f24-51e3-40df-9715-a0ba4901bf46] additional details: passcode in password is provided, passcode is not provided, private key is not provided, application: undefined, client name: snowflake-sdk, client version: 2.3.4, retry timeout: 300, private key path: undefined, private key pass is not provided, client store temporary credential: false, browser response timeout: 120000"}
{"level":"INFO","message":"[1:53:17.778 PM]: Connection[id: 80da8f24-51e3-40df-9715-a0ba4901bf46] - connection object created successfully."}
{"level":"INFO","message":"[1:54:32.494 PM]: Creating new connection object"}
{"level":"INFO","message":"[1:54:32.609 PM]: Creating Connection[id: 8fb021cc-7e71-4922-a33b-09d717cf1dce] with host: test-account-12345.snowflakecomputing.com, account: test-account-12345, accessUrl: https://test-account-12345.snowflakecomputing.com, user: test-user, role: ACCOUNTADMIN, database: TEST_DB, schema: PUBLIC, warehouse: COMPUTE_WH, proxy was not configured, password is provided, region: undefined, authenticator: SNOWFLAKE, ocsp mode: FAIL_OPEN, os: linux, os version: 6.8.0-101-generic"}
{"level":"INFO","message":"[1:54:32.618 PM]: Connection[id: 8fb021cc-7e71-4922-a33b-09d717cf1dce] additional details: passcode in password is provided, passcode is not provided, private key is not provided, application: undefined, client name: snowflake-sdk, client version: 2.3.4, retry timeout: 300, private key path: undefined, private key pass is not provided, client store temporary credential: false, browser response timeout: 120000"}
{"level":"INFO","message":"[1:54:32.621 PM]: Connection[id: 8fb021cc-7e71-4922-a33b-09d717cf1dce] - connection object created successfully."}
{"level":"INFO","message":"[1:54:32.438 PM]: Creating new connection object"}
{"level":"INFO","message":"[1:54:32.608 PM]: Creating Connection[id: d1618c5e-ee9f-4ec6-a547-f5d2058abd7b] with host: test_account.snowflakecomputing.com, account: test_account, accessUrl: https://test_account.snowflakecomputing.com, user: test_user, role: test_role, database: test_database, schema: test_schema, warehouse: test_warehouse, proxy was not configured, password is provided, region: undefined, authenticator: SNOWFLAKE, ocsp mode: FAIL_OPEN, os: linux, os version: 6.8.0-101-generic"}
{"level":"INFO","message":"[1:54:32.621 PM]: Connection[id: d1618c5e-ee9f-4ec6-a547-f5d2058abd7b] additional details: passcode in password is provided, passcode is not provided, private key is not provided, application: undefined, client name: snowflake-sdk, client version: 2.3.4, retry timeout: 300, private key path: undefined, private key pass is not provided, client store temporary credential: false, browser response timeout: 120000"}
{"level":"INFO","message":"[1:54:32.625 PM]: Connection[id: d1618c5e-ee9f-4ec6-a547-f5d2058abd7b] - connection object created successfully."}
{"level":"INFO","message":"[6:14:28.968 PM]: Creating new connection object"}
{"level":"INFO","message":"[6:14:29.042 PM]: Creating Connection[id: 9beb3e53-d78e-4035-a25b-f3c21ef38364] with host: test_account.snowflakecomputing.com, account: test_account, accessUrl: https://test_account.snowflakecomputing.com, user: test_user, role: test_role, database: test_database, schema: test_schema, warehouse: test_warehouse, proxy was not configured, password is provided, region: undefined, authenticator: SNOWFLAKE, ocsp mode: FAIL_OPEN, os: linux, os version: 6.8.0-101-generic"}
{"level":"INFO","message":"[6:14:29.059 PM]: Connection[id: 9beb3e53-d78e-4035-a25b-f3c21ef38364] additional details: passcode in password is provided, passcode is not provided, private key is not provided, application: undefined, client name: snowflake-sdk, client version: 2.3.4, retry timeout: 300, private key path: undefined, private key pass is not provided, client store temporary credential: false, browser response timeout: 120000"}
{"level":"INFO","message":"[6:14:29.063 PM]: Connection[id: 9beb3e53-d78e-4035-a25b-f3c21ef38364] - connection object created successfully."}
{"level":"INFO","message":"[6:37:29.224 PM]: Creating new connection object"}
{"level":"INFO","message":"[6:37:29.346 PM]: Creating Connection[id: 28ad0e76-5f86-46f5-aaef-63b4dbfbdf5f] with host: test-account-12345.snowflakecomputing.com, account: test-account-12345, accessUrl: https://test-account-12345.snowflakecomputing.com, user: test-user, role: ACCOUNTADMIN, database: TEST_DB, schema: PUBLIC, warehouse: COMPUTE_WH, proxy was not configured, password is provided, region: undefined, authenticator: SNOWFLAKE, ocsp mode: FAIL_OPEN, os: linux, os version: 6.8.0-101-generic"}
{"level":"INFO","message":"[6:37:29.362 PM]: Connection[id: 28ad0e76-5f86-46f5-aaef-63b4dbfbdf5f] additional details: passcode in password is provided, passcode is not provided, private key is not provided, application: undefined, client name: snowflake-sdk, client version: 2.3.4, retry timeout: 300, private key path: undefined, private key pass is not provided, client store temporary credential: false, browser response timeout: 120000"}
{"level":"INFO","message":"[6:37:29.365 PM]: Connection[id: 28ad0e76-5f86-46f5-aaef-63b4dbfbdf5f] - connection object created successfully."}
{"level":"INFO","message":"[6:37:42.583 PM]: Creating new connection object"}
{"level":"INFO","message":"[6:37:42.717 PM]: Creating Connection[id: e97ed350-57ef-4211-a089-133da6df69b2] with host: test_account.snowflakecomputing.com, account: test_account, accessUrl: https://test_account.snowflakecomputing.com, user: test_user, role: test_role, database: test_database, schema: test_schema, warehouse: test_warehouse, proxy was not configured, password is provided, region: undefined, authenticator: SNOWFLAKE, ocsp mode: FAIL_OPEN, os: linux, os version: 6.8.0-101-generic"}
{"level":"INFO","message":"[6:37:42.720 PM]: Connection[id: e97ed350-57ef-4211-a089-133da6df69b2] additional details: passcode in password is provided, passcode is not provided, private key is not provided, application: undefined, client name: snowflake-sdk, client version: 2.3.4, retry timeout: 300, private key path: undefined, private key pass is not provided, client store temporary credential: false, browser response timeout: 120000"}
{"level":"INFO","message":"[6:37:42.722 PM]: Connection[id: e97ed350-57ef-4211-a089-133da6df69b2] - connection object created successfully."}
{"level":"INFO","message":"[6:37:56.435 PM]: Creating new connection object"}
{"level":"INFO","message":"[6:37:58.173 PM]: Creating Connection[id: e503fee7-7d9f-4283-8733-4582ef9bb6ee] with host: test-account-12345.snowflakecomputing.com, account: test-account-12345, accessUrl: https://test-account-12345.snowflakecomputing.com, user: test-user, role: ACCOUNTADMIN, database: TEST_DB, schema: PUBLIC, warehouse: COMPUTE_WH, proxy was not configured, password is provided, region: undefined, authenticator: SNOWFLAKE, ocsp mode: FAIL_OPEN, os: linux, os version: 6.8.0-101-generic"}
{"level":"INFO","message":"[6:37:58.213 PM]: Connection[id: e503fee7-7d9f-4283-8733-4582ef9bb6ee] additional details: passcode in password is provided, passcode is not provided, private key is not provided, application: undefined, client name: snowflake-sdk, client version: 2.3.4, retry timeout: 300, private key path: undefined, private key pass is not provided, client store temporary credential: false, browser response timeout: 120000"}
{"level":"INFO","message":"[6:37:58.215 PM]: Connection[id: e503fee7-7d9f-4283-8733-4582ef9bb6ee] - connection object created successfully."}
{"level":"INFO","message":"[6:42:42.938 PM]: Creating new connection object"}
{"level":"INFO","message":"[6:42:43.065 PM]: Creating Connection[id: 2069278e-67fb-4f47-8c63-e9a92321d08c] with host: test-account-12345.snowflakecomputing.com, account: test-account-12345, accessUrl: https://test-account-12345.snowflakecomputing.com, user: test-user, role: ACCOUNTADMIN, database: TEST_DB, schema: PUBLIC, warehouse: COMPUTE_WH, proxy was not configured, password is provided, region: undefined, authenticator: SNOWFLAKE, ocsp mode: FAIL_OPEN, os: linux, os version: 6.8.0-101-generic"}
{"level":"INFO","message":"[6:42:43.094 PM]: Connection[id: 2069278e-67fb-4f47-8c63-e9a92321d08c] additional details: passcode in password is provided, passcode is not provided, private key is not provided, application: undefined, client name: snowflake-sdk, client version: 2.3.4, retry timeout: 300, private key path: undefined, private key pass is not provided, client store temporary credential: false, browser response timeout: 120000"}
{"level":"INFO","message":"[6:42:43.130 PM]: Connection[id: 2069278e-67fb-4f47-8c63-e9a92321d08c] - connection object created successfully."}
{"level":"INFO","message":"[6:42:43.064 PM]: Creating new connection object"}
{"level":"INFO","message":"[6:42:43.193 PM]: Creating Connection[id: e0d3b917-6432-4d64-a4a1-8eaaf0aafc7e] with host: test-account-12345.snowflakecomputing.com, account: test-account-12345, accessUrl: https://test-account-12345.snowflakecomputing.com, user: test-user, role: ACCOUNTADMIN, database: TEST_DB, schema: PUBLIC, warehouse: COMPUTE_WH, proxy was not configured, password is provided, region: undefined, authenticator: SNOWFLAKE, ocsp mode: FAIL_OPEN, os: linux, os version: 6.8.0-101-generic"}
{"level":"INFO","message":"[6:42:43.210 PM]: Connection[id: e0d3b917-6432-4d64-a4a1-8eaaf0aafc7e] additional details: passcode in password is provided, passcode is not provided, private key is not provided, application: undefined, client name: snowflake-sdk, client version: 2.3.4, retry timeout: 300, private key path: undefined, private key pass is not provided, client store temporary credential: false, browser response timeout: 120000"}
{"level":"INFO","message":"[6:42:43.213 PM]: Connection[id: e0d3b917-6432-4d64-a4a1-8eaaf0aafc7e] - connection object created successfully."}
{"level":"INFO","message":"[6:42:42.927 PM]: Creating new connection object"}
{"level":"INFO","message":"[6:42:43.128 PM]: Creating Connection[id: 29214b87-c6b9-42e6-be81-2601fa9d096e] with host: test_account.snowflakecomputing.com, account: test_account, accessUrl: https://test_account.snowflakecomputing.com, user: test_user, role: test_role, database: test_database, schema: test_schema, warehouse: test_warehouse, proxy was not configured, password is provided, region: undefined, authenticator: SNOWFLAKE, ocsp mode: FAIL_OPEN, os: linux, os version: 6.8.0-101-generic"}
{"level":"INFO","message":"[6:42:43.141 PM]: Connection[id: 29214b87-c6b9-42e6-be81-2601fa9d096e] additional details: passcode in password is provided, passcode is not provided, private key is not provided, application: undefined, client name: snowflake-sdk, client version: 2.3.4, retry timeout: 300, private key path: undefined, private key pass is not provided, client store temporary credential: false, browser response timeout: 120000"}
{"level":"INFO","message":"[6:42:43.146 PM]: Connection[id: 29214b87-c6b9-42e6-be81-2601fa9d096e] - connection object created successfully."}
{"level":"INFO","message":"[6:43:15.647 PM]: Creating new connection object"}
{"level":"INFO","message":"[6:43:15.761 PM]: Creating Connection[id: 7143b5db-1324-4e49-a0c0-83ad9b4b1a55] with host: test-account-12345.snowflakecomputing.com, account: test-account-12345, accessUrl: https://test-account-12345.snowflakecomputing.com, user: test-user, role: ACCOUNTADMIN, database: TEST_DB, schema: PUBLIC, warehouse: COMPUTE_WH, proxy was not configured, password is provided, region: undefined, authenticator: SNOWFLAKE, ocsp mode: FAIL_OPEN, os: linux, os version: 6.8.0-101-generic"}
{"level":"INFO","message":"[6:43:15.774 PM]: Connection[id: 7143b5db-1324-4e49-a0c0-83ad9b4b1a55] additional details: passcode in password is provided, passcode is not provided, private key is not provided, application: undefined, client name: snowflake-sdk, client version: 2.3.4, retry timeout: 300, private key path: undefined, private key pass is not provided, client store temporary credential: false, browser response timeout: 120000"}
{"level":"INFO","message":"[6:43:15.778 PM]: Connection[id: 7143b5db-1324-4e49-a0c0-83ad9b4b1a55] - connection object created successfully."}
{"level":"INFO","message":"[6:43:15.786 PM]: Creating new connection object"}
{"level":"INFO","message":"[6:43:15.915 PM]: Creating Connection[id: 983a8c9a-e6be-4371-b0da-8a888e49daa4] with host: test-account-12345.snowflakecomputing.com, account: test-account-12345, accessUrl: https://test-account-12345.snowflakecomputing.com, user: test-user, role: ACCOUNTADMIN, database: TEST_DB, schema: PUBLIC, warehouse: COMPUTE_WH, proxy was not configured, password is provided, region: undefined, authenticator: SNOWFLAKE, ocsp mode: FAIL_OPEN, os: linux, os version: 6.8.0-101-generic"}
{"level":"INFO","message":"[6:43:15.932 PM]: Connection[id: 983a8c9a-e6be-4371-b0da-8a888e49daa4] additional details: passcode in password is provided, passcode is not provided, private key is not provided, application: undefined, client name: snowflake-sdk, client version: 2.3.4, retry timeout: 300, private key path: undefined, private key pass is not provided, client store temporary credential: false, browser response timeout: 120000"}
{"level":"INFO","message":"[6:43:15.936 PM]: Connection[id: 983a8c9a-e6be-4371-b0da-8a888e49daa4] - connection object created successfully."}
{"level":"INFO","message":"[6:43:15.698 PM]: Creating new connection object"}
{"level":"INFO","message":"[6:43:15.945 PM]: Creating Connection[id: c1f5da1c-9bd6-4264-b1dc-27add244140d] with host: test_account.snowflakecomputing.com, account: test_account, accessUrl: https://test_account.snowflakecomputing.com, user: test_user, role: test_role, database: test_database, schema: test_schema, warehouse: test_warehouse, proxy was not configured, password is provided, region: undefined, authenticator: SNOWFLAKE, ocsp mode: FAIL_OPEN, os: linux, os version: 6.8.0-101-generic"}
{"level":"INFO","message":"[6:43:15.972 PM]: Connection[id: c1f5da1c-9bd6-4264-b1dc-27add244140d] additional details: passcode in password is provided, passcode is not provided, private key is not provided, application: undefined, client name: snowflake-sdk, client version: 2.3.4, retry timeout: 300, private key path: undefined, private key pass is not provided, client store temporary credential: false, browser response timeout: 120000"}
{"level":"INFO","message":"[6:43:15.982 PM]: Connection[id: c1f5da1c-9bd6-4264-b1dc-27add244140d] - connection object created successfully."}
{"level":"INFO","message":"[6:46:27.666 PM]: Creating new connection object"}
{"level":"INFO","message":"[6:46:27.557 PM]: Creating new connection object"}
{"level":"INFO","message":"[6:46:27.835 PM]: Creating Connection[id: 1773db3c-303a-4afa-8f07-152703ed3ad9] with host: test-account-12345.snowflakecomputing.com, account: test-account-12345, accessUrl: https://test-account-12345.snowflakecomputing.com, user: test-user, role: ACCOUNTADMIN, database: TEST_DB, schema: PUBLIC, warehouse: COMPUTE_WH, proxy was not configured, password is provided, region: undefined, authenticator: SNOWFLAKE, ocsp mode: FAIL_OPEN, os: linux, os version: 6.8.0-101-generic"}
{"level":"INFO","message":"[6:46:27.849 PM]: Connection[id: 1773db3c-303a-4afa-8f07-152703ed3ad9] additional details: passcode in password is provided, passcode is not provided, private key is not provided, application: undefined, client name: snowflake-sdk, client version: 2.3.4, retry timeout: 300, private key path: undefined, private key pass is not provided, client store temporary credential: false, browser response timeout: 120000"}
{"level":"INFO","message":"[6:46:27.853 PM]: Connection[id: 1773db3c-303a-4afa-8f07-152703ed3ad9] - connection object created successfully."}
{"level":"INFO","message":"[6:46:27.673 PM]: Creating Connection[id: 0948e1c3-f16a-4cb0-be0b-0186b89d0705] with host: test-account-12345.snowflakecomputing.com, account: test-account-12345, accessUrl: https://test-account-12345.snowflakecomputing.com, user: test-user, role: ACCOUNTADMIN, database: TEST_DB, schema: PUBLIC, warehouse: COMPUTE_WH, proxy was not configured, password is provided, region: undefined, authenticator: SNOWFLAKE, ocsp mode: FAIL_OPEN, os: linux, os version: 6.8.0-101-generic"}
{"level":"INFO","message":"[6:46:27.687 PM]: Connection[id: 0948e1c3-f16a-4cb0-be0b-0186b89d0705] additional details: passcode in password is provided, passcode is not provided, private key is not provided, application: undefined, client name: snowflake-sdk, client version: 2.3.4, retry timeout: 300, private key path: undefined, private key pass is not provided, client store temporary credential: false, browser response timeout: 120000"}
{"level":"INFO","message":"[6:46:27.690 PM]: Connection[id: 0948e1c3-f16a-4cb0-be0b-0186b89d0705] - connection object created successfully."}
{"level":"INFO","message":"[6:46:27.444 PM]: Creating new connection object"}
{"level":"INFO","message":"[6:46:27.612 PM]: Creating Connection[id: 018d458c-15ce-4a98-b18c-ea23302999e1] with host: test_account.snowflakecomputing.com, account: test_account, accessUrl: https://test_account.snowflakecomputing.com, user: test_user, role: test_role, database: test_database, schema: test_schema, warehouse: test_warehouse, proxy was not configured, password is provided, region: undefined, authenticator: SNOWFLAKE, ocsp mode: FAIL_OPEN, os: linux, os version: 6.8.0-101-generic"}
{"level":"INFO","message":"[6:46:27.660 PM]: Connection[id: 018d458c-15ce-4a98-b18c-ea23302999e1] additional details: passcode in password is provided, passcode is not provided, private key is not provided, application: undefined, client name: snowflake-sdk, client version: 2.3.4, retry timeout: 300, private key path: undefined, private key pass is not provided, client store temporary credential: false, browser response timeout: 120000"}
{"level":"INFO","message":"[6:46:27.666 PM]: Connection[id: 018d458c-15ce-4a98-b18c-ea23302999e1] - connection object created successfully."}
{"level":"INFO","message":"[6:47:21.480 PM]: Creating new connection object"}
{"level":"INFO","message":"[6:47:21.645 PM]: Creating Connection[id: 8a7b8b77-de00-4f1d-9d1b-abf9806da19d] with host: test-account-12345.snowflakecomputing.com, account: test-account-12345, accessUrl: https://test-account-12345.snowflakecomputing.com, user: test-user, role: ACCOUNTADMIN, database: TEST_DB, schema: PUBLIC, warehouse: COMPUTE_WH, proxy was not configured, password is provided, region: undefined, authenticator: SNOWFLAKE, ocsp mode: FAIL_OPEN, os: linux, os version: 6.8.0-101-generic"}
{"level":"INFO","message":"[6:47:21.673 PM]: Connection[id: 8a7b8b77-de00-4f1d-9d1b-abf9806da19d] additional details: passcode in password is provided, passcode is not provided, private key is not provided, application: undefined, client name: snowflake-sdk, client version: 2.3.4, retry timeout: 300, private key path: undefined, private key pass is not provided, client store temporary credential: false, browser response timeout: 120000"}
{"level":"INFO","message":"[6:47:21.725 PM]: Connection[id: 8a7b8b77-de00-4f1d-9d1b-abf9806da19d] - connection object created successfully."}
{"level":"INFO","message":"[6:47:21.439 PM]: Creating new connection object"}
{"level":"INFO","message":"[6:47:21.624 PM]: Creating Connection[id: 59309d80-5db6-4456-9e78-e30002967c7d] with host: test_account.snowflakecomputing.com, account: test_account, accessUrl: https://test_account.snowflakecomputing.com, user: test_user, role: test_role, database: test_database, schema: test_schema, warehouse: test_warehouse, proxy was not configured, password is provided, region: undefined, authenticator: SNOWFLAKE, ocsp mode: FAIL_OPEN, os: linux, os version: 6.8.0-101-generic"}
{"level":"INFO","message":"[6:47:21.647 PM]: Connection[id: 59309d80-5db6-4456-9e78-e30002967c7d] additional details: passcode in password is provided, passcode is not provided, private key is not provided, application: undefined, client name: snowflake-sdk, client version: 2.3.4, retry timeout: 300, private key path: undefined, private key pass is not provided, client store temporary credential: false, browser response timeout: 120000"}
{"level":"INFO","message":"[6:47:21.650 PM]: Connection[id: 59309d80-5db6-4456-9e78-e30002967c7d] - connection object created successfully."}
{"level":"INFO","message":"[6:47:21.610 PM]: Creating new connection object"}
{"level":"INFO","message":"[6:47:21.754 PM]: Creating Connection[id: cf78d500-30d9-486f-85c3-6e1928f70919] with host: test-account-12345.snowflakecomputing.com, account: test-account-12345, accessUrl: https://test-account-12345.snowflakecomputing.com, user: test-user, role: ACCOUNTADMIN, database: TEST_DB, schema: PUBLIC, warehouse: COMPUTE_WH, proxy was not configured, password is provided, region: undefined, authenticator: SNOWFLAKE, ocsp mode: FAIL_OPEN, os: linux, os version: 6.8.0-101-generic"}
{"level":"INFO","message":"[6:47:21.790 PM]: Connection[id: cf78d500-30d9-486f-85c3-6e1928f70919] additional details: passcode in password is provided, passcode is not provided, private key is not provided, application: undefined, client name: snowflake-sdk, client version: 2.3.4, retry timeout: 300, private key path: undefined, private key pass is not provided, client store temporary credential: false, browser response timeout: 120000"}
{"level":"INFO","message":"[6:47:21.793 PM]: Connection[id: cf78d500-30d9-486f-85c3-6e1928f70919] - connection object created successfully."}
{"level":"INFO","message":"[6:49:46.484 PM]: Creating new connection object"}
{"level":"INFO","message":"[6:49:46.594 PM]: Creating Connection[id: cbf8a39d-666a-430d-85f4-1593869d8c27] with host: test-account-12345.snowflakecomputing.com, account: test-account-12345, accessUrl: https://test-account-12345.snowflakecomputing.com, user: test-user, role: ACCOUNTADMIN, database: TEST_DB, schema: PUBLIC, warehouse: COMPUTE_WH, proxy was not configured, password is provided, region: undefined, authenticator: SNOWFLAKE, ocsp mode: FAIL_OPEN, os: linux, os version: 6.8.0-101-generic"}
{"level":"INFO","message":"[6:49:46.612 PM]: Connection[id: cbf8a39d-666a-430d-85f4-1593869d8c27] additional details: passcode in password is provided, passcode is not provided, private key is not provided, application: undefined, client name: snowflake-sdk, client version: 2.3.4, retry timeout: 300, private key path: undefined, private key pass is not provided, client store temporary credential: false, browser response timeout: 120000"}
{"level":"INFO","message":"[6:49:46.637 PM]: Connection[id: cbf8a39d-666a-430d-85f4-1593869d8c27] - connection object created successfully."}
{"level":"INFO","message":"[6:49:46.597 PM]: Creating new connection object"}
{"level":"INFO","message":"[6:49:46.741 PM]: Creating Connection[id: b7a0658f-ce1f-4de1-8140-ad801a594dc2] with host: test-account-12345.snowflakecomputing.com, account: test-account-12345, accessUrl: https://test-account-12345.snowflakecomputing.com, user: test-user, role: ACCOUNTADMIN, database: TEST_DB, schema: PUBLIC, warehouse: COMPUTE_WH, proxy was not configured, password is provided, region: undefined, authenticator: SNOWFLAKE, ocsp mode: FAIL_OPEN, os: linux, os version: 6.8.0-101-generic"}
{"level":"INFO","message":"[6:49:46.755 PM]: Connection[id: b7a0658f-ce1f-4de1-8140-ad801a594dc2] additional details: passcode in password is provided, passcode is not provided, private key is not provided, application: undefined, client name: snowflake-sdk, client version: 2.3.4, retry timeout: 300, private key path: undefined, private key pass is not provided, client store temporary credential: false, browser response timeout: 120000"}
{"level":"INFO","message":"[6:49:46.759 PM]: Connection[id: b7a0658f-ce1f-4de1-8140-ad801a594dc2] - connection object created successfully."}
{"level":"INFO","message":"[6:49:46.525 PM]: Creating new connection object"}
{"level":"INFO","message":"[6:49:46.736 PM]: Creating Connection[id: 1843d91c-eba8-4e07-b9bc-4d733f5c23d9] with host: test_account.snowflakecomputing.com, account: test_account, accessUrl: https://test_account.snowflakecomputing.com, user: test_user, role: test_role, database: test_database, schema: test_schema, warehouse: test_warehouse, proxy was not configured, password is provided, region: undefined, authenticator: SNOWFLAKE, ocsp mode: FAIL_OPEN, os: linux, os version: 6.8.0-101-generic"}
{"level":"INFO","message":"[6:49:46.752 PM]: Connection[id: 1843d91c-eba8-4e07-b9bc-4d733f5c23d9] additional details: passcode in password is provided, passcode is not provided, private key is not provided, application: undefined, client name: snowflake-sdk, client version: 2.3.4, retry timeout: 300, private key path: undefined, private key pass is not provided, client store temporary credential: false, browser response timeout: 120000"}
{"level":"INFO","message":"[6:49:46.756 PM]: Connection[id: 1843d91c-eba8-4e07-b9bc-4d733f5c23d9] - connection object created successfully."}
{"level":"INFO","message":"[7:02:07.410 PM]: Creating new connection object"}
{"level":"INFO","message":"[7:02:07.470 PM]: Creating new connection object"}
{"level":"INFO","message":"[7:02:08.991 PM]: Creating Connection[id: fbffee03-e28d-4bf3-b47f-9e09a3f563d9] with host: test-account-12345.snowflakecomputing.com, account: test-account-12345, accessUrl: https://test-account-12345.snowflakecomputing.com, user: test-user, role: ACCOUNTADMIN, database: TEST_DB, schema: PUBLIC, warehouse: COMPUTE_WH, proxy was not configured, password is provided, region: undefined, authenticator: SNOWFLAKE, ocsp mode: FAIL_OPEN, os: linux, os version: 6.8.0-101-generic"}
{"level":"INFO","message":"[7:02:09.165 PM]: Connection[id: fbffee03-e28d-4bf3-b47f-9e09a3f563d9] additional details: passcode in password is provided, passcode is not provided, private key is not provided, application: undefined, client name: snowflake-sdk, client version: 2.3.4, retry timeout: 300, private key path: undefined, private key pass is not provided, client store temporary credential: false, browser response timeout: 120000"}
{"level":"INFO","message":"[7:02:09.168 PM]: Connection[id: fbffee03-e28d-4bf3-b47f-9e09a3f563d9] - connection object created successfully."}
{"level":"INFO","message":"[7:02:08.991 PM]: Creating Connection[id: 4e2e7f6b-b32f-4a34-bd93-3cea5da16d16] with host: test-account-12345.snowflakecomputing.com, account: test-account-12345, accessUrl: https://test-account-12345.snowflakecomputing.com, user: test-user, role: ACCOUNTADMIN, database: TEST_DB, schema: PUBLIC, warehouse: COMPUTE_WH, proxy was not configured, password is provided, region: undefined, authenticator: SNOWFLAKE, ocsp mode: FAIL_OPEN, os: linux, os version: 6.8.0-101-generic"}
{"level":"INFO","message":"[7:02:09.120 PM]: Connection[id: 4e2e7f6b-b32f-4a34-bd93-3cea5da16d16] additional details: passcode in password is provided, passcode is not provided, private key is not provided, application: undefined, client name: snowflake-sdk, client version: 2.3.4, retry timeout: 300, private key path: undefined, private key pass is not provided, client store temporary credential: false, browser response timeout: 120000"}
{"level":"INFO","message":"[7:02:09.122 PM]: Connection[id: 4e2e7f6b-b32f-4a34-bd93-3cea5da16d16] - connection object created successfully."}
{"level":"INFO","message":"[7:03:09.600 PM]: Creating new connection object"}
{"level":"INFO","message":"[7:03:10.182 PM]: Creating Connection[id: b8b676df-ea50-4dfd-91d3-bb96b955aee3] with host: test_account.snowflakecomputing.com, account: test_account, accessUrl: https://test_account.snowflakecomputing.com, user: test_user, role: test_role, database: test_database, schema: test_schema, warehouse: test_warehouse, proxy was not configured, password is provided, region: undefined, authenticator: SNOWFLAKE, ocsp mode: FAIL_OPEN, os: linux, os version: 6.8.0-101-generic"}
{"level":"INFO","message":"[7:03:10.253 PM]: Connection[id: b8b676df-ea50-4dfd-91d3-bb96b955aee3] additional details: passcode in password is provided, passcode is not provided, private key is not provided, application: undefined, client name: snowflake-sdk, client version: 2.3.4, retry timeout: 300, private key path: undefined, private key pass is not provided, client store temporary credential: false, browser response timeout: 120000"}
{"level":"INFO","message":"[7:03:10.261 PM]: Connection[id: b8b676df-ea50-4dfd-91d3-bb96b955aee3] - connection object created successfully."}
{"level":"INFO","message":"[7:17:18.442 PM]: Creating new connection object"}
{"level":"INFO","message":"[7:17:18.558 PM]: Creating Connection[id: a50b430b-5d68-4d80-9832-016961093b1b] with host: test-account-12345.snowflakecomputing.com, account: test-account-12345, accessUrl: https://test-account-12345.snowflakecomputing.com, user: test-user, role: ACCOUNTADMIN, database: TEST_DB, schema: PUBLIC, warehouse: COMPUTE_WH, proxy was not configured, password is provided, region: undefined, authenticator: SNOWFLAKE, ocsp mode: FAIL_OPEN, os: linux, os version: 6.8.0-101-generic"}
{"level":"INFO","message":"[7:17:18.593 PM]: Connection[id: a50b430b-5d68-4d80-9832-016961093b1b] additional details: passcode in password is provided, passcode is not provided, private key is not provided, application: undefined, client name: snowflake-sdk, client version: 2.3.4, retry timeout: 300, private key path: undefined, private key pass is not provided, client store temporary credential: false, browser response timeout: 120000"}
{"level":"INFO","message":"[7:17:18.598 PM]: Connection[id: a50b430b-5d68-4d80-9832-016961093b1b] - connection object created successfully."}
{"level":"INFO","message":"[7:17:18.482 PM]: Creating new connection object"}
{"level":"INFO","message":"[7:17:18.604 PM]: Creating Connection[id: 7036ffb5-11da-4d42-ae4a-e3c56c8c3d7f] with host: test-account-12345.snowflakecomputing.com, account: test-account-12345, accessUrl: https://test-account-12345.snowflakecomputing.com, user: test-user, role: ACCOUNTADMIN, database: TEST_DB, schema: PUBLIC, warehouse: COMPUTE_WH, proxy was not configured, password is provided, region: undefined, authenticator: SNOWFLAKE, ocsp mode: FAIL_OPEN, os: linux, os version: 6.8.0-101-generic"}
{"level":"INFO","message":"[7:17:18.619 PM]: Connection[id: 7036ffb5-11da-4d42-ae4a-e3c56c8c3d7f] additional details: passcode in password is provided, passcode is not provided, private key is not provided, application: undefined, client name: snowflake-sdk, client version: 2.3.4, retry timeout: 300, private key path: undefined, private key pass is not provided, client store temporary credential: false, browser response timeout: 120000"}
{"level":"INFO","message":"[7:17:18.623 PM]: Connection[id: 7036ffb5-11da-4d42-ae4a-e3c56c8c3d7f] - connection object created successfully."}
{"level":"INFO","message":"[7:17:18.408 PM]: Creating new connection object"}
{"level":"INFO","message":"[7:17:18.566 PM]: Creating Connection[id: 4707f3bb-501a-41ca-8ec5-1ccd310104b3] with host: test_account.snowflakecomputing.com, account: test_account, accessUrl: https://test_account.snowflakecomputing.com, user: test_user, role: test_role, database: test_database, schema: test_schema, warehouse: test_warehouse, proxy was not configured, password is provided, region: undefined, authenticator: SNOWFLAKE, ocsp mode: FAIL_OPEN, os: linux, os version: 6.8.0-101-generic"}
{"level":"INFO","message":"[7:17:18.582 PM]: Connection[id: 4707f3bb-501a-41ca-8ec5-1ccd310104b3] additional details: passcode in password is provided, passcode is not provided, private key is not provided, application: undefined, client name: snowflake-sdk, client version: 2.3.4, retry timeout: 300, private key path: undefined, private key pass is not provided, client store temporary credential: false, browser response timeout: 120000"}
{"level":"INFO","message":"[7:17:18.588 PM]: Connection[id: 4707f3bb-501a-41ca-8ec5-1ccd310104b3] - connection object created successfully."}
{"level":"INFO","message":"[7:19:36.889 PM]: Creating new connection object"}
{"level":"INFO","message":"[7:19:36.908 PM]: Creating Connection[id: b7590133-304e-4b3f-aba7-43105be1143f] with host: PTKKKYG-MZ22010.snowflakecomputing.com, account: PTKKKYG-MZ22010, accessUrl: https://PTKKKYG-MZ22010.snowflakecomputing.com, user: AYUSH.GUPTA, role: SYSADMIN, database: AT_RISK_ASSETS, schema: SENSOR_DATA, warehouse: AGENTIC_WH, proxy was not configured, password is provided, region: undefined, authenticator: SNOWFLAKE, ocsp mode: FAIL_OPEN, os: linux, os version: 6.8.0-101-generic"}
{"level":"INFO","message":"[7:19:36.910 PM]: Connection[id: b7590133-304e-4b3f-aba7-43105be1143f] additional details: passcode in password is provided, passcode is not provided, private key is not provided, application: undefined, client name: snowflake-sdk, client version: 2.3.4, retry timeout: 300, private key path: undefined, private key pass is not provided, client store temporary credential: false, browser response timeout: 120000"}
{"level":"INFO","message":"[7:19:36.910 PM]: Connection[id: b7590133-304e-4b3f-aba7-43105be1143f] - connection object created successfully."}
{"level":"INFO","message":"[7:21:17.755 PM]: Creating new connection object"}
{"level":"INFO","message":"[7:21:17.766 PM]: Creating Connection[id: 92b12718-98b3-4278-92ff-231ffa8d79e4] with host: PTKKKYG-MZ22010.snowflakecomputing.com, account: PTKKKYG-MZ22010, accessUrl: https://PTKKKYG-MZ22010.snowflakecomputing.com, user: AYUSH.GUPTA, role: SYSADMIN, database: AT_RISK_ASSETS, schema: SENSOR_DATA, warehouse: AGENTIC_WH, proxy was not configured, password is provided, region: undefined, authenticator: SNOWFLAKE, ocsp mode: FAIL_OPEN, os: linux, os version: 6.8.0-101-generic"}
{"level":"INFO","message":"[7:21:17.768 PM]: Connection[id: 92b12718-98b3-4278-92ff-231ffa8d79e4] additional details: passcode in password is provided, passcode is not provided, private key is not provided, application: undefined, client name: snowflake-sdk, client version: 2.3.4, retry timeout: 300, private key path: undefined, private key pass is not provided, client store temporary credential: false, browser response timeout: 120000"}
{"level":"INFO","message":"[7:21:17.769 PM]: Connection[id: 92b12718-98b3-4278-92ff-231ffa8d79e4] - connection object created successfully."}
{"level":"INFO","message":"[7:21:53.846 PM]: Creating new connection object"}
{"level":"INFO","message":"[7:21:53.864 PM]: Creating Connection[id: 74848669-8582-45bf-b349-065e18a58ded] with host: test_account.snowflakecomputing.com, account: test_account, accessUrl: https://test_account.snowflakecomputing.com, user: test_user, role: test_role, database: test_database, schema: test_schema, warehouse: test_warehouse, proxy was not configured, password is provided, region: undefined, authenticator: SNOWFLAKE, ocsp mode: FAIL_OPEN, os: linux, os version: 6.8.0-101-generic"}
{"level":"INFO","message":"[7:21:53.865 PM]: Connection[id: 74848669-8582-45bf-b349-065e18a58ded] additional details: passcode in password is provided, passcode is not provided, private key is not provided, application: undefined, client name: snowflake-sdk, client version: 2.3.4, retry timeout: 300, private key path: undefined, private key pass is not provided, client store temporary credential: false, browser response timeout: 120000"}
{"level":"INFO","message":"[7:21:53.866 PM]: Connection[id: 74848669-8582-45bf-b349-065e18a58ded] - connection object created successfully."}
{"level":"INFO","message":"[7:22:32.478 PM]: Creating new connection object"}
{"level":"INFO","message":"[7:22:32.491 PM]: Creating Connection[id: f7246b25-c842-4af6-9420-0aedfd05854f] with host: PTKKKYG-MZ22010.snowflakecomputing.com, account: PTKKKYG-MZ22010, accessUrl: https://PTKKKYG-MZ22010.snowflakecomputing.com, user: AYUSH.GUPTA, role: SYSADMIN, database: AT_RISK_ASSETS, schema: SENSOR_DATA, warehouse: AGENTIC_WH, proxy was not configured, password is provided, region: undefined, authenticator: SNOWFLAKE, ocsp mode: FAIL_OPEN, os: linux, os version: 6.8.0-101-generic"}
{"level":"INFO","message":"[7:22:32.492 PM]: Connection[id: f7246b25-c842-4af6-9420-0aedfd05854f] additional details: passcode in password is provided, passcode is not provided, private key is not provided, application: undefined, client name: snowflake-sdk, client version: 2.3.4, retry timeout: 300, private key path: undefined, private key pass is not provided, client store temporary credential: false, browser response timeout: 120000"}
{"level":"INFO","message":"[7:22:32.493 PM]: Connection[id: f7246b25-c842-4af6-9420-0aedfd05854f] - connection object created successfully."}
{"level":"INFO","message":"[7:23:16.893 PM]: Creating new connection object"}
{"level":"INFO","message":"[7:23:17.049 PM]: Creating Connection[id: e932668d-c583-46ac-980b-dfa89c5ab42e] with host: test-account-12345.snowflakecomputing.com, account: test-account-12345, accessUrl: https://test-account-12345.snowflakecomputing.com, user: test-user, role: ACCOUNTADMIN, database: TEST_DB, schema: PUBLIC, warehouse: COMPUTE_WH, proxy was not configured, password is provided, region: undefined, authenticator: SNOWFLAKE, ocsp mode: FAIL_OPEN, os: linux, os version: 6.8.0-101-generic"}
{"level":"INFO","message":"[7:23:17.061 PM]: Connection[id: e932668d-c583-46ac-980b-dfa89c5ab42e] additional details: passcode in password is provided, passcode is not provided, private key is not provided, application: undefined, client name: snowflake-sdk, client version: 2.3.4, retry timeout: 300, private key path: undefined, private key pass is not provided, client store temporary credential: false, browser response timeout: 120000"}
{"level":"INFO","message":"[7:23:17.065 PM]: Connection[id: e932668d-c583-46ac-980b-dfa89c5ab42e] - connection object created successfully."}
{"level":"INFO","message":"[7:23:20.470 PM]: Creating new connection object"}
{"level":"INFO","message":"[7:23:20.728 PM]: Creating Connection[id: b5c8fb94-b393-4246-80ff-26268f93026e] with host: test-account-12345.snowflakecomputing.com, account: test-account-12345, accessUrl: https://test-account-12345.snowflakecomputing.com, user: test-user, role: ACCOUNTADMIN, database: TEST_DB, schema: PUBLIC, warehouse: COMPUTE_WH, proxy was not configured, password is provided, region: undefined, authenticator: SNOWFLAKE, ocsp mode: FAIL_OPEN, os: linux, os version: 6.8.0-101-generic"}
{"level":"INFO","message":"[7:23:20.767 PM]: Connection[id: b5c8fb94-b393-4246-80ff-26268f93026e] additional details: passcode in password is provided, passcode is not provided, private key is not provided, application: undefined, client name: snowflake-sdk, client version: 2.3.4, retry timeout: 300, private key path: undefined, private key pass is not provided, client store temporary credential: false, browser response timeout: 120000"}
{"level":"INFO","message":"[7:23:20.770 PM]: Connection[id: b5c8fb94-b393-4246-80ff-26268f93026e] - connection object created successfully."}
{"level":"INFO","message":"[7:23:21.966 PM]: Creating new connection object"}
{"level":"INFO","message":"[7:23:22.059 PM]: Creating Connection[id: 207fa305-832f-4ba2-b39b-6cf56cff4e72] with host: test_account.snowflakecomputing.com, account: test_account, accessUrl: https://test_account.snowflakecomputing.com, user: test_user, role: test_role, database: test_database, schema: test_schema, warehouse: test_warehouse, proxy was not configured, password is provided, region: undefined, authenticator: SNOWFLAKE, ocsp mode: FAIL_OPEN, os: linux, os version: 6.8.0-101-generic"}
{"level":"INFO","message":"[7:23:22.072 PM]: Connection[id: 207fa305-832f-4ba2-b39b-6cf56cff4e72] additional details: passcode in password is provided, passcode is not provided, private key is not provided, application: undefined, client name: snowflake-sdk, client version: 2.3.4, retry timeout: 300, private key path: undefined, private key pass is not provided, client store temporary credential: false, browser response timeout: 120000"}
{"level":"INFO","message":"[7:23:22.075 PM]: Connection[id: 207fa305-832f-4ba2-b39b-6cf56cff4e72] - connection object created successfully."}
{"level":"INFO","message":"[7:26:25.101 PM]: Creating new connection object"}
{"level":"INFO","message":"[7:26:25.236 PM]: Creating Connection[id: c3d58e77-3949-4e78-845e-216dd5a1c376] with host: test-account-12345.snowflakecomputing.com, account: test-account-12345, accessUrl: https://test-account-12345.snowflakecomputing.com, user: test-user, role: ACCOUNTADMIN, database: TEST_DB, schema: PUBLIC, warehouse: COMPUTE_WH, proxy was not configured, password is provided, region: undefined, authenticator: SNOWFLAKE, ocsp mode: FAIL_OPEN, os: linux, os version: 6.8.0-101-generic"}
{"level":"INFO","message":"[7:26:25.288 PM]: Connection[id: c3d58e77-3949-4e78-845e-216dd5a1c376] additional details: passcode in password is provided, passcode is not provided, private key is not provided, application: undefined, client name: snowflake-sdk, client version: 2.3.4, retry timeout: 300, private key path: undefined, private key pass is not provided, client store temporary credential: false, browser response timeout: 120000"}
{"level":"INFO","message":"[7:26:25.300 PM]: Connection[id: c3d58e77-3949-4e78-845e-216dd5a1c376] - connection object created successfully."}
{"level":"INFO","message":"[7:26:26.062 PM]: Creating new connection object"}
{"level":"INFO","message":"[7:26:26.156 PM]: Creating Connection[id: 37aadb0c-8d4f-4a51-b4a2-eb9b1aabab7c] with host: test_account.snowflakecomputing.com, account: test_account, accessUrl: https://test_account.snowflakecomputing.com, user: test_user, role: test_role, database: test_database, schema: test_schema, warehouse: test_warehouse, proxy was not configured, password is provided, region: undefined, authenticator: SNOWFLAKE, ocsp mode: FAIL_OPEN, os: linux, os version: 6.8.0-101-generic"}
{"level":"INFO","message":"[7:26:26.166 PM]: Connection[id: 37aadb0c-8d4f-4a51-b4a2-eb9b1aabab7c] additional details: passcode in password is provided, passcode is not provided, private key is not provided, application: undefined, client name: snowflake-sdk, client version: 2.3.4, retry timeout: 300, private key path: undefined, private key pass is not provided, client store temporary credential: false, browser response timeout: 120000"}
{"level":"INFO","message":"[7:26:26.168 PM]: Connection[id: 37aadb0c-8d4f-4a51-b4a2-eb9b1aabab7c] - connection object created successfully."}
{"level":"INFO","message":"[7:26:26.427 PM]: Creating new connection object"}
{"level":"INFO","message":"[7:26:26.441 PM]: Creating Connection[id: f6360464-b8fd-4ca1-b8e6-40459292387a] with host: test-account-12345.snowflakecomputing.com, account: test-account-12345, accessUrl: https://test-account-12345.snowflakecomputing.com, user: test-user, role: ACCOUNTADMIN, database: TEST_DB, schema: PUBLIC, warehouse: COMPUTE_WH, proxy was not configured, password is provided, region: undefined, authenticator: SNOWFLAKE, ocsp mode: FAIL_OPEN, os: linux, os version: 6.8.0-101-generic"}
{"level":"INFO","message":"[7:26:26.444 PM]: Connection[id: f6360464-b8fd-4ca1-b8e6-40459292387a] additional details: passcode in password is provided, passcode is not provided, private key is not provided, application: undefined, client name: snowflake-sdk, client version: 2.3.4, retry timeout: 300, private key path: undefined, private key pass is not provided, client store temporary credential: false, browser response timeout: 120000"}
{"level":"INFO","message":"[7:26:26.447 PM]: Connection[id: f6360464-b8fd-4ca1-b8e6-40459292387a] - connection object created successfully."}
{"level":"INFO","message":"[5:58:38.027 PM]: Creating new connection object"}
{"level":"INFO","message":"[5:58:38.174 PM]: Creating Connection[id: 65e41330-0d96-4464-968b-6ad08805f26c] with host: test-account-12345.snowflakecomputing.com, account: test-account-12345, accessUrl: https://test-account-12345.snowflakecomputing.com, user: test-user, role: ACCOUNTADMIN, database: TEST_DB, schema: PUBLIC, warehouse: COMPUTE_WH, proxy was not configured, password is provided, region: undefined, authenticator: SNOWFLAKE, ocsp mode: FAIL_OPEN, os: linux, os version: 6.8.0-101-generic"}
{"level":"INFO","message":"[5:58:38.191 PM]: Connection[id: 65e41330-0d96-4464-968b-6ad08805f26c] additional details: passcode in password is provided, passcode is not provided, private key is not provided, application: undefined, client name: snowflake-sdk, client version: 2.3.4, retry timeout: 300, private key path: undefined, private key pass is not provided, client store temporary credential: false, browser response timeout: 120000"}
{"level":"INFO","message":"[5:58:38.198 PM]: Connection[id: 65e41330-0d96-4464-968b-6ad08805f26c] - connection object created successfully."}
{"level":"INFO","message":"[6:20:07.660 PM]: Creating new connection object"}
{"level":"INFO","message":"[6:20:07.700 PM]: Creating Connection[id: 7cf062da-0ca4-4dd7-ad60-9d5f6fda85a3] with host: PTKKKYG-MZ22010.snowflakecomputing.com, account: PTKKKYG-MZ22010, accessUrl: https://PTKKKYG-MZ22010.snowflakecomputing.com, user: AYUSH.GUPTA, role: SYSADMIN, database: AT_RISK_ASSETS, schema: SENSOR_DATA, warehouse: AGENTIC_WH, proxy was not configured, password is provided, region: undefined, authenticator: SNOWFLAKE, ocsp mode: FAIL_OPEN, os: linux, os version: 6.8.0-101-generic"}
{"level":"INFO","message":"[6:20:07.704 PM]: Connection[id: 7cf062da-0ca4-4dd7-ad60-9d5f6fda85a3] additional details: passcode in password is provided, passcode is not provided, private key is not provided, application: undefined, client name: snowflake-sdk, client version: 2.3.4, retry timeout: 300, private key path: undefined, private key pass is not provided, client store temporary credential: false, browser response timeout: 120000"}
{"level":"INFO","message":"[6:20:07.706 PM]: Connection[id: 7cf062da-0ca4-4dd7-ad60-9d5f6fda85a3] - connection object created successfully."}
{"level":"INFO","message":"[6:52:02.234 PM]: Creating new connection object"}
{"level":"INFO","message":"[6:52:02.285 PM]: Creating Connection[id: 922ddc21-26ee-4b71-9b79-fb146e89958a] with host: PTKKKYG-MZ22010.snowflakecomputing.com, account: PTKKKYG-MZ22010, accessUrl: https://PTKKKYG-MZ22010.snowflakecomputing.com, user: AYUSH.GUPTA, role: SYSADMIN, database: AT_RISK_ASSETS, schema: SENSOR_DATA, warehouse: AGENTIC_WH, proxy was not configured, password is provided, region: undefined, authenticator: SNOWFLAKE, ocsp mode: FAIL_OPEN, os: linux, os version: 6.8.0-101-generic"}
{"level":"INFO","message":"[6:52:02.288 PM]: Connection[id: 922ddc21-26ee-4b71-9b79-fb146e89958a] additional details: passcode in password is provided, passcode is not provided, private key is not provided, application: undefined, client name: snowflake-sdk, client version: 2.3.4, retry timeout: 300, private key path: undefined, private key pass is not provided, client store temporary credential: false, browser response timeout: 120000"}
{"level":"INFO","message":"[6:52:02.291 PM]: Connection[id: 922ddc21-26ee-4b71-9b79-fb146e89958a] - connection object created successfully."}
{"level":"INFO","message":"[6:56:13.036 PM]: Creating new connection object"}
{"level":"INFO","message":"[6:56:13.070 PM]: Creating Connection[id: 6475f4e8-a8a4-4f9e-ba92-53ef5e80b66d] with host: PTKKKYG-MZ22010.snowflakecomputing.com, account: PTKKKYG-MZ22010, accessUrl: https://PTKKKYG-MZ22010.snowflakecomputing.com, user: AYUSH.GUPTA, role: SYSADMIN, database: AT_RISK_ASSETS, schema: SENSOR_DATA, warehouse: AGENTIC_WH, proxy was not configured, password is provided, region: undefined, authenticator: SNOWFLAKE, ocsp mode: FAIL_OPEN, os: linux, os version: 6.8.0-101-generic"}
{"level":"INFO","message":"[6:56:13.073 PM]: Connection[id: 6475f4e8-a8a4-4f9e-ba92-53ef5e80b66d] additional details: passcode in password is provided, passcode is not provided, private key is not provided, application: undefined, client name: snowflake-sdk, client version: 2.3.4, retry timeout: 300, private key path: undefined, private key pass is not provided, client store temporary credential: false, browser response timeout: 120000"}
{"level":"INFO","message":"[6:56:13.075 PM]: Connection[id: 6475f4e8-a8a4-4f9e-ba92-53ef5e80b66d] - connection object created successfully."}
{"level":"INFO","message":"[6:56:54.853 PM]: Creating new connection object"}
{"level":"INFO","message":"[6:56:54.894 PM]: Creating Connection[id: 606ccf9f-3a7f-449a-8c08-46ea7bf0ed66] with host: PTKKKYG-MZ22010.snowflakecomputing.com, account: PTKKKYG-MZ22010, accessUrl: https://PTKKKYG-MZ22010.snowflakecomputing.com, user: AYUSH.GUPTA, role: SYSADMIN, database: AT_RISK_ASSETS, schema: SENSOR_DATA, warehouse: AGENTIC_WH, proxy was not configured, password is provided, region: undefined, authenticator: SNOWFLAKE, ocsp mode: FAIL_OPEN, os: linux, os version: 6.8.0-101-generic"}
{"level":"INFO","message":"[6:56:54.897 PM]: Connection[id: 606ccf9f-3a7f-449a-8c08-46ea7bf0ed66] additional details: passcode in password is provided, passcode is not provided, private key is not provided, application: undefined, client name: snowflake-sdk, client version: 2.3.4, retry timeout: 300, private key path: undefined, private key pass is not provided, client store temporary credential: false, browser response timeout: 120000"}
{"level":"INFO","message":"[6:56:54.898 PM]: Connection[id: 606ccf9f-3a7f-449a-8c08-46ea7bf0ed66] - connection object created successfully."}
{"level":"INFO","message":"[6:57:51.212 PM]: Creating new connection object"}
{"level":"INFO","message":"[6:57:51.254 PM]: Creating Connection[id: 80fde23a-90e6-4d51-8c62-611fd11a483b] with host: PTKKKYG-MZ22010.snowflakecomputing.com, account: PTKKKYG-MZ22010, accessUrl: https://PTKKKYG-MZ22010.snowflakecomputing.com, user: AYUSH.GUPTA, role: SYSADMIN, database: AT_RISK_ASSETS, schema: SENSOR_DATA, warehouse: AGENTIC_WH, proxy was not configured, password is provided, region: undefined, authenticator: SNOWFLAKE, ocsp mode: FAIL_OPEN, os: linux, os version: 6.8.0-101-generic"}
{"level":"INFO","message":"[6:57:51.258 PM]: Connection[id: 80fde23a-90e6-4d51-8c62-611fd11a483b] additional details: passcode in password is provided, passcode is not provided, private key is not provided, application: undefined, client name: snowflake-sdk, client version: 2.3.4, retry timeout: 300, private key path: undefined, private key pass is not provided, client store temporary credential: false, browser response timeout: 120000"}
{"level":"INFO","message":"[6:57:51.260 PM]: Connection[id: 80fde23a-90e6-4d51-8c62-611fd11a483b] - connection object created successfully."}
{"level":"INFO","message":"[7:01:39.547 PM]: Creating new connection object"}
{"level":"INFO","message":"[7:01:39.590 PM]: Creating Connection[id: 866ed35f-a309-4b93-9f9c-49c8719358ae] with host: PTKKKYG-MZ22010.snowflakecomputing.com, account: PTKKKYG-MZ22010, accessUrl: https://PTKKKYG-MZ22010.snowflakecomputing.com, user: AYUSH.GUPTA, role: SYSADMIN, database: AT_RISK_ASSETS, schema: SENSOR_DATA, warehouse: AGENTIC_WH, proxy was not configured, password is provided, region: undefined, authenticator: SNOWFLAKE, ocsp mode: FAIL_OPEN, os: linux, os version: 6.8.0-101-generic"}
{"level":"INFO","message":"[7:01:39.594 PM]: Connection[id: 866ed35f-a309-4b93-9f9c-49c8719358ae] additional details: passcode in password is provided, passcode is not provided, private key is not provided, application: undefined, client name: snowflake-sdk, client version: 2.3.4, retry timeout: 300, private key path: undefined, private key pass is not provided, client store temporary credential: false, browser response timeout: 120000"}
{"level":"INFO","message":"[7:01:39.595 PM]: Connection[id: 866ed35f-a309-4b93-9f9c-49c8719358ae] - connection object created successfully."}
{"level":"INFO","message":"[11:54:51.255 AM]: Creating new connection object"}
{"level":"INFO","message":"[11:54:51.294 AM]: Creating Connection[id: ea4b5729-4f38-4d0c-b85c-65a5f092f370] with host: PTKKKYG-MZ22010.snowflakecomputing.com, account: PTKKKYG-MZ22010, accessUrl: https://PTKKKYG-MZ22010.snowflakecomputing.com, user: AYUSH.GUPTA, role: SYSADMIN, database: AT_RISK_ASSETS, schema: SENSOR_DATA, warehouse: AGENTIC_WH, proxy was not configured, password is provided, region: undefined, authenticator: SNOWFLAKE, ocsp mode: FAIL_OPEN, os: linux, os version: 6.8.0-101-generic"}
{"level":"INFO","message":"[11:54:51.297 AM]: Connection[id: ea4b5729-4f38-4d0c-b85c-65a5f092f370] additional details: passcode in password is provided, passcode is not provided, private key is not provided, application: undefined, client name: snowflake-sdk, client version: 2.3.4, retry timeout: 300, private key path: undefined, private key pass is not provided, client store temporary credential: false, browser response timeout: 120000"}
{"level":"INFO","message":"[11:54:51.298 AM]: Connection[id: ea4b5729-4f38-4d0c-b85c-65a5f092f370] - connection object created successfully."}
{"level":"INFO","message":"[12:31:27.641 PM]: Creating new connection object"}
{"level":"INFO","message":"[12:31:27.675 PM]: Creating Connection[id: 7de337e4-f929-4fb6-8291-268d53d2aafe] with host: PTKKKYG-MZ22010.snowflakecomputing.com, account: PTKKKYG-MZ22010, accessUrl: https://PTKKKYG-MZ22010.snowflakecomputing.com, user: AYUSH.GUPTA, role: SYSADMIN, database: AT_RISK_ASSETS, schema: SENSOR_DATA, warehouse: AGENTIC_WH, proxy was not configured, password is provided, region: undefined, authenticator: SNOWFLAKE, ocsp mode: FAIL_OPEN, os: linux, os version: 6.8.0-101-generic"}
{"level":"INFO","message":"[12:31:27.678 PM]: Connection[id: 7de337e4-f929-4fb6-8291-268d53d2aafe] additional details: passcode in password is provided, passcode is not provided, private key is not provided, application: undefined, client name: snowflake-sdk, client version: 2.3.4, retry timeout: 300, private key path: undefined, private key pass is not provided, client store temporary credential: false, browser response timeout: 120000"}
{"level":"INFO","message":"[12:31:27.679 PM]: Connection[id: 7de337e4-f929-4fb6-8291-268d53d2aafe] - connection object created successfully."}
{"level":"INFO","message":"[12:47:57.881 PM]: Creating new connection object"}
{"level":"INFO","message":"[12:47:57.924 PM]: Creating Connection[id: 2b93385f-bc28-4018-b87d-33b4b0b21657] with host: PTKKKYG-MZ22010.snowflakecomputing.com, account: PTKKKYG-MZ22010, accessUrl: https://PTKKKYG-MZ22010.snowflakecomputing.com, user: AYUSH.GUPTA, role: SYSADMIN, database: AT_RISK_ASSETS, schema: SENSOR_DATA, warehouse: AGENTIC_WH, proxy was not configured, password is provided, region: undefined, authenticator: SNOWFLAKE, ocsp mode: FAIL_OPEN, os: linux, os version: 6.8.0-101-generic"}
{"level":"INFO","message":"[12:47:57.928 PM]: Connection[id: 2b93385f-bc28-4018-b87d-33b4b0b21657] additional details: passcode in password is provided, passcode is not provided, private key is not provided, application: undefined, client name: snowflake-sdk, client version: 2.3.4, retry timeout: 300, private key path: undefined, private key pass is not provided, client store temporary credential: false, browser response timeout: 120000"}
{"level":"INFO","message":"[12:47:57.930 PM]: Connection[id: 2b93385f-bc28-4018-b87d-33b4b0b21657] - connection object created successfully."}
{"level":"INFO","message":"[1:10:53.852 PM]: Creating new connection object"}
{"level":"INFO","message":"[1:10:53.885 PM]: Creating Connection[id: d33ddcf8-4bd1-471d-8285-67186b917c0a] with host: PTKKKYG-MZ22010.snowflakecomputing.com, account: PTKKKYG-MZ22010, accessUrl: https://PTKKKYG-MZ22010.snowflakecomputing.com, user: AYUSH.GUPTA, role: SYSADMIN, database: AT_RISK_ASSETS, schema: SENSOR_DATA, warehouse: AGENTIC_WH, proxy was not configured, password is provided, region: undefined, authenticator: SNOWFLAKE, ocsp mode: FAIL_OPEN, os: linux, os version: 6.8.0-101-generic"}
{"level":"INFO","message":"[1:10:53.888 PM]: Connection[id: d33ddcf8-4bd1-471d-8285-67186b917c0a] additional details: passcode in password is provided, passcode is not provided, private key is not provided, application: undefined, client name: snowflake-sdk, client version: 2.3.4, retry timeout: 300, private key path: undefined, private key pass is not provided, client store temporary credential: false, browser response timeout: 120000"}
{"level":"INFO","message":"[1:10:53.889 PM]: Connection[id: d33ddcf8-4bd1-471d-8285-67186b917c0a] - connection object created successfully."}
{"level":"INFO","message":"[1:17:33.014 PM]: Creating new connection object"}
{"level":"INFO","message":"[1:17:33.052 PM]: Creating Connection[id: 04876986-e8e1-4c69-b6c1-eafc79ea4c63] with host: PTKKKYG-MZ22010.snowflakecomputing.com, account: PTKKKYG-MZ22010, accessUrl: https://PTKKKYG-MZ22010.snowflakecomputing.com, user: AYUSH.GUPTA, role: SYSADMIN, database: AT_RISK_ASSETS, schema: SENSOR_DATA, warehouse: AGENTIC_WH, proxy was not configured, password is provided, region: undefined, authenticator: SNOWFLAKE, ocsp mode: FAIL_OPEN, os: linux, os version: 6.8.0-101-generic"}
{"level":"INFO","message":"[1:17:33.055 PM]: Connection[id: 04876986-e8e1-4c69-b6c1-eafc79ea4c63] additional details: passcode in password is provided, passcode is not provided, private key is not provided, application: undefined, client name: snowflake-sdk, client version: 2.3.4, retry timeout: 300, private key path: undefined, private key pass is not provided, client store temporary credential: false, browser response timeout: 120000"}
{"level":"INFO","message":"[1:17:33.056 PM]: Connection[id: 04876986-e8e1-4c69-b6c1-eafc79ea4c63] - connection object created successfully."}
{"level":"INFO","message":"[5:44:32.853 PM]: Creating new connection object"}
{"level":"INFO","message":"[5:44:32.888 PM]: Creating Connection[id: 20f22e0c-cd1b-4101-8f71-124fcf88565a] with host: PTKKKYG-MZ22010.snowflakecomputing.com, account: PTKKKYG-MZ22010, accessUrl: https://PTKKKYG-MZ22010.snowflakecomputing.com, user: AYUSH.GUPTA, role: SYSADMIN, database: AT_RISK_ASSETS, schema: SENSOR_DATA, warehouse: AGENTIC_WH, proxy was not configured, password is provided, region: undefined, authenticator: SNOWFLAKE, ocsp mode: FAIL_OPEN, os: linux, os version: 6.8.0-101-generic"}
{"level":"INFO","message":"[5:44:32.891 PM]: Connection[id: 20f22e0c-cd1b-4101-8f71-124fcf88565a] additional details: passcode in password is provided, passcode is not provided, private key is not provided, application: undefined, client name: snowflake-sdk, client version: 2.3.4, retry timeout: 300, private key path: undefined, private key pass is not provided, client store temporary credential: false, browser response timeout: 120000"}
{"level":"INFO","message":"[5:44:32.892 PM]: Connection[id: 20f22e0c-cd1b-4101-8f71-124fcf88565a] - connection object created successfully."}
{"level":"INFO","message":"[5:44:51.485 PM]: Creating new connection object"}
{"level":"INFO","message":"[5:44:51.522 PM]: Creating Connection[id: 8a95fbef-1a54-4650-9cc5-a84e00e50b38] with host: PTKKKYG-MZ22010.snowflakecomputing.com, account: PTKKKYG-MZ22010, accessUrl: https://PTKKKYG-MZ22010.snowflakecomputing.com, user: AYUSH.GUPTA, role: SYSADMIN, database: AT_RISK_ASSETS, schema: SENSOR_DATA, warehouse: AGENTIC_WH, proxy was not configured, password is provided, region: undefined, authenticator: SNOWFLAKE, ocsp mode: FAIL_OPEN, os: linux, os version: 6.8.0-101-generic"}
{"level":"INFO","message":"[5:44:51.525 PM]: Connection[id: 8a95fbef-1a54-4650-9cc5-a84e00e50b38] additional details: passcode in password is provided, passcode is not provided, private key is not provided, application: undefined, client name: snowflake-sdk, client version: 2.3.4, retry timeout: 300, private key path: undefined, private key pass is not provided, client store temporary credential: false, browser response timeout: 120000"}
{"level":"INFO","message":"[5:44:51.527 PM]: Connection[id: 8a95fbef-1a54-4650-9cc5-a84e00e50b38] - connection object created successfully."}
{"level":"INFO","message":"[11:17:48.948 AM]: Creating new connection object"}
{"level":"INFO","message":"[11:17:48.983 AM]: Creating Connection[id: 6194110a-8264-4a5a-9a1d-eaf32bf3b6e2] with host: PTKKKYG-MZ22010.snowflakecomputing.com, account: PTKKKYG-MZ22010, accessUrl: https://PTKKKYG-MZ22010.snowflakecomputing.com, user: AYUSH.GUPTA, role: SYSADMIN, database: AT_RISK_ASSETS, schema: SENSOR_DATA, warehouse: AGENTIC_WH, proxy was not configured, password is provided, region: undefined, authenticator: SNOWFLAKE, ocsp mode: FAIL_OPEN, os: linux, os version: 6.8.0-101-generic"}
{"level":"INFO","message":"[11:17:48.986 AM]: Connection[id: 6194110a-8264-4a5a-9a1d-eaf32bf3b6e2] additional details: passcode in password is provided, passcode is not provided, private key is not provided, application: undefined, client name: snowflake-sdk, client version: 2.3.4, retry timeout: 300, private key path: undefined, private key pass is not provided, client store temporary credential: false, browser response timeout: 120000"}
{"level":"INFO","message":"[11:17:48.987 AM]: Connection[id: 6194110a-8264-4a5a-9a1d-eaf32bf3b6e2] - connection object created successfully."}
{"level":"INFO","message":"[11:48:00.334 AM]: Creating new connection object"}
{"level":"INFO","message":"[11:48:00.370 AM]: Creating Connection[id: 748e06d6-f831-4327-951c-ec6bda965901] with host: PTKKKYG-MZ22010.snowflakecomputing.com, account: PTKKKYG-MZ22010, accessUrl: https://PTKKKYG-MZ22010.snowflakecomputing.com, user: AYUSH.GUPTA, role: SYSADMIN, database: AT_RISK_ASSETS, schema: SENSOR_DATA, warehouse: AGENTIC_WH, proxy was not configured, password is provided, region: undefined, authenticator: SNOWFLAKE, ocsp mode: FAIL_OPEN, os: linux, os version: 6.8.0-101-generic"}
{"level":"INFO","message":"[11:48:00.373 AM]: Connection[id: 748e06d6-f831-4327-951c-ec6bda965901] additional details: passcode in password is provided, passcode is not provided, private key is not provided, application: undefined, client name: snowflake-sdk, client version: 2.3.4, retry timeout: 300, private key path: undefined, private key pass is not provided, client store temporary credential: false, browser response timeout: 120000"}
{"level":"INFO","message":"[11:48:00.375 AM]: Connection[id: 748e06d6-f831-4327-951c-ec6bda965901] - connection object created successfully."}
{"level":"INFO","message":"[1:25:03.033 PM]: Creating new connection object"}
{"level":"INFO","message":"[1:25:03.065 PM]: Creating Connection[id: a7e5df73-dc3d-4390-8bd2-1c791ba76bb6] with host: PTKKKYG-MZ22010.snowflakecomputing.com, account: PTKKKYG-MZ22010, accessUrl: https://PTKKKYG-MZ22010.snowflakecomputing.com, user: AYUSH.GUPTA, role: SYSADMIN, database: AT_RISK_ASSETS, schema: SENSOR_DATA, warehouse: AGENTIC_WH, proxy was not configured, password is provided, region: undefined, authenticator: SNOWFLAKE, ocsp mode: FAIL_OPEN, os: linux, os version: 6.8.0-101-generic"}
{"level":"INFO","message":"[1:25:03.068 PM]: Connection[id: a7e5df73-dc3d-4390-8bd2-1c791ba76bb6] additional details: passcode in password is provided, passcode is not provided, private key is not provided, application: undefined, client name: snowflake-sdk, client version: 2.3.4, retry timeout: 300, private key path: undefined, private key pass is not provided, client store temporary credential: false, browser response timeout: 120000"}
{"level":"INFO","message":"[1:25:03.070 PM]: Connection[id: a7e5df73-dc3d-4390-8bd2-1c791ba76bb6] - connection object created successfully."}
{"level":"INFO","message":"[2:58:29.330 PM]: Creating new connection object"}
{"level":"INFO","message":"[2:58:29.365 PM]: Creating Connection[id: aa3c2551-3112-4aed-b9cd-3d3b3d268741] with host: PTKKKYG-MZ22010.snowflakecomputing.com, account: PTKKKYG-MZ22010, accessUrl: https://PTKKKYG-MZ22010.snowflakecomputing.com, user: AYUSH.GUPTA, role: SYSADMIN, database: AT_RISK_ASSETS, schema: SENSOR_DATA, warehouse: AGENTIC_WH, proxy was not configured, password is provided, region: undefined, authenticator: SNOWFLAKE, ocsp mode: FAIL_OPEN, os: linux, os version: 6.8.0-101-generic"}
{"level":"INFO","message":"[2:58:29.367 PM]: Connection[id: aa3c2551-3112-4aed-b9cd-3d3b3d268741] additional details: passcode in password is provided, passcode is not provided, private key is not provided, application: undefined, client name: snowflake-sdk, client version: 2.3.4, retry timeout: 300, private key path: undefined, private key pass is not provided, client store temporary credential: false, browser response timeout: 120000"}
{"level":"INFO","message":"[2:58:29.368 PM]: Connection[id: aa3c2551-3112-4aed-b9cd-3d3b3d268741] - connection object created successfully."}
{"level":"INFO","message":"[2:58:43.787 PM]: Creating new connection object"}
{"level":"INFO","message":"[2:58:43.827 PM]: Creating Connection[id: d855e70e-f774-4aa4-8b7f-b0150fe3abfb] with host: PTKKKYG-MZ22010.snowflakecomputing.com, account: PTKKKYG-MZ22010, accessUrl: https://PTKKKYG-MZ22010.snowflakecomputing.com, user: AYUSH.GUPTA, role: SYSADMIN, database: AT_RISK_ASSETS, schema: SENSOR_DATA, warehouse: AGENTIC_WH, proxy was not configured, password is provided, region: undefined, authenticator: SNOWFLAKE, ocsp mode: FAIL_OPEN, os: linux, os version: 6.8.0-101-generic"}
{"level":"INFO","message":"[2:58:43.831 PM]: Connection[id: d855e70e-f774-4aa4-8b7f-b0150fe3abfb] additional details: passcode in password is provided, passcode is not provided, private key is not provided, application: undefined, client name: snowflake-sdk, client version: 2.3.4, retry timeout: 300, private key path: undefined, private key pass is not provided, client store temporary credential: false, browser response timeout: 120000"}
{"level":"INFO","message":"[2:58:43.833 PM]: Connection[id: d855e70e-f774-4aa4-8b7f-b0150fe3abfb] - connection object created successfully."}
{"level":"INFO","message":"[2:58:57.684 PM]: Creating new connection object"}
{"level":"INFO","message":"[2:58:57.714 PM]: Creating Connection[id: 2b29e415-38d4-4dd4-bdb0-d43dea83b5be] with host: PTKKKYG-MZ22010.snowflakecomputing.com, account: PTKKKYG-MZ22010, accessUrl: https://PTKKKYG-MZ22010.snowflakecomputing.com, user: AYUSH.GUPTA, role: SYSADMIN, database: AT_RISK_ASSETS, schema: SENSOR_DATA, warehouse: AGENTIC_WH, proxy was not configured, password is provided, region: undefined, authenticator: SNOWFLAKE, ocsp mode: FAIL_OPEN, os: linux, os version: 6.8.0-101-generic"}
{"level":"INFO","message":"[2:58:57.718 PM]: Connection[id: 2b29e415-38d4-4dd4-bdb0-d43dea83b5be] additional details: passcode in password is provided, passcode is not provided, private key is not provided, application: undefined, client name: snowflake-sdk, client version: 2.3.4, retry timeout: 300, private key path: undefined, private key pass is not provided, client store temporary credential: false, browser response timeout: 120000"}
{"level":"INFO","message":"[2:58:57.719 PM]: Connection[id: 2b29e415-38d4-4dd4-bdb0-d43dea83b5be] - connection object created successfully."}
{"level":"INFO","message":"[3:04:53.170 PM]: Creating new connection object"}
{"level":"INFO","message":"[3:04:53.206 PM]: Creating Connection[id: cbda8c68-bf06-4486-bb93-e8c3a354ddb5] with host: PTKKKYG-MZ22010.snowflakecomputing.com, account: PTKKKYG-MZ22010, accessUrl: https://PTKKKYG-MZ22010.snowflakecomputing.com, user: AYUSH.GUPTA, role: SYSADMIN, database: AT_RISK_ASSETS, schema: SENSOR_DATA, warehouse: AGENTIC_WH, proxy was not configured, password is provided, region: undefined, authenticator: SNOWFLAKE, ocsp mode: FAIL_OPEN, os: linux, os version: 6.8.0-101-generic"}
{"level":"INFO","message":"[3:04:53.209 PM]: Connection[id: cbda8c68-bf06-4486-bb93-e8c3a354ddb5] additional details: passcode in password is provided, passcode is not provided, private key is not provided, application: undefined, client name: snowflake-sdk, client version: 2.3.4, retry timeout: 300, private key path: undefined, private key pass is not provided, client store temporary credential: false, browser response timeout: 120000"}
{"level":"INFO","message":"[3:04:53.211 PM]: Connection[id: cbda8c68-bf06-4486-bb93-e8c3a354ddb5] - connection object created successfully."}
{"level":"INFO","message":"[3:05:06.039 PM]: Creating new connection object"}
{"level":"INFO","message":"[3:05:06.078 PM]: Creating Connection[id: 86cd361b-3936-4db8-9de9-cd47126b05d4] with host: PTKKKYG-MZ22010.snowflakecomputing.com, account: PTKKKYG-MZ22010, accessUrl: https://PTKKKYG-MZ22010.snowflakecomputing.com, user: AYUSH.GUPTA, role: SYSADMIN, database: AT_RISK_ASSETS, schema: SENSOR_DATA, warehouse: AGENTIC_WH, proxy was not configured, password is provided, region: undefined, authenticator: SNOWFLAKE, ocsp mode: FAIL_OPEN, os: linux, os version: 6.8.0-101-generic"}
{"level":"INFO","message":"[3:05:06.081 PM]: Connection[id: 86cd361b-3936-4db8-9de9-cd47126b05d4] additional details: passcode in password is provided, passcode is not provided, private key is not provided, application: undefined, client name: snowflake-sdk, client version: 2.3.4, retry timeout: 300, private key path: undefined, private key pass is not provided, client store temporary credential: false, browser response timeout: 120000"}
{"level":"INFO","message":"[3:05:06.083 PM]: Connection[id: 86cd361b-3936-4db8-9de9-cd47126b05d4] - connection object created successfully."}
{"level":"INFO","message":"[3:15:33.949 PM]: Creating new connection object"}
{"level":"INFO","message":"[3:15:33.980 PM]: Creating Connection[id: 9df7d9e4-3d10-4363-8923-f7ef15949b62] with host: PTKKKYG-MZ22010.snowflakecomputing.com, account: PTKKKYG-MZ22010, accessUrl: https://PTKKKYG-MZ22010.snowflakecomputing.com, user: AYUSH.GUPTA, role: SYSADMIN, database: AT_RISK_ASSETS, schema: SENSOR_DATA, warehouse: AGENTIC_WH, proxy was not configured, password is provided, region: undefined, authenticator: SNOWFLAKE, ocsp mode: FAIL_OPEN, os: linux, os version: 6.8.0-101-generic"}
{"level":"INFO","message":"[3:15:33.983 PM]: Connection[id: 9df7d9e4-3d10-4363-8923-f7ef15949b62] additional details: passcode in password is provided, passcode is not provided, private key is not provided, application: undefined, client name: snowflake-sdk, client version: 2.3.4, retry timeout: 300, private key path: undefined, private key pass is not provided, client store temporary credential: false, browser response timeout: 120000"}
{"level":"INFO","message":"[3:15:33.985 PM]: Connection[id: 9df7d9e4-3d10-4363-8923-f7ef15949b62] - connection object created successfully."}
{"level":"INFO","message":"[3:21:26.722 PM]: Creating new connection object"}
{"level":"INFO","message":"[3:21:26.756 PM]: Creating Connection[id: c1756258-dcc7-4efc-b219-9188cd6418cb] with host: PTKKKYG-MZ22010.snowflakecomputing.com, account: PTKKKYG-MZ22010, accessUrl: https://PTKKKYG-MZ22010.snowflakecomputing.com, user: AYUSH.GUPTA, role: SYSADMIN, database: AT_RISK_ASSETS, schema: SENSOR_DATA, warehouse: AGENTIC_WH, proxy was not configured, password is provided, region: undefined, authenticator: SNOWFLAKE, ocsp mode: FAIL_OPEN, os: linux, os version: 6.8.0-101-generic"}
{"level":"INFO","message":"[3:21:26.758 PM]: Connection[id: c1756258-dcc7-4efc-b219-9188cd6418cb] additional details: passcode in password is provided, passcode is not provided, private key is not provided, application: undefined, client name: snowflake-sdk, client version: 2.3.4, retry timeout: 300, private key path: undefined, private key pass is not provided, client store temporary credential: false, browser response timeout: 120000"}
{"level":"INFO","message":"[3:21:26.760 PM]: Connection[id: c1756258-dcc7-4efc-b219-9188cd6418cb] - connection object created successfully."}
{"level":"INFO","message":"[3:21:37.154 PM]: Creating new connection object"}
{"level":"INFO","message":"[3:21:37.195 PM]: Creating Connection[id: 6fafa684-f4f0-4f6b-aadf-df48bf2977ab] with host: PTKKKYG-MZ22010.snowflakecomputing.com, account: PTKKKYG-MZ22010, accessUrl: https://PTKKKYG-MZ22010.snowflakecomputing.com, user: AYUSH.GUPTA, role: SYSADMIN, database: AT_RISK_ASSETS, schema: SENSOR_DATA, warehouse: AGENTIC_WH, proxy was not configured, password is provided, region: undefined, authenticator: SNOWFLAKE, ocsp mode: FAIL_OPEN, os: linux, os version: 6.8.0-101-generic"}
{"level":"INFO","message":"[3:21:37.199 PM]: Connection[id: 6fafa684-f4f0-4f6b-aadf-df48bf2977ab] additional details: passcode in password is provided, passcode is not provided, private key is not provided, application: undefined, client name: snowflake-sdk, client version: 2.3.4, retry timeout: 300, private key path: undefined, private key pass is not provided, client store temporary credential: false, browser response timeout: 120000"}
{"level":"INFO","message":"[3:21:37.201 PM]: Connection[id: 6fafa684-f4f0-4f6b-aadf-df48bf2977ab] - connection object created successfully."}
{"level":"INFO","message":"[3:22:03.396 PM]: Creating new connection object"}
{"level":"INFO","message":"[3:22:03.432 PM]: Creating Connection[id: f6edb051-fd82-4d97-bb93-9171653a9313] with host: PTKKKYG-MZ22010.snowflakecomputing.com, account: PTKKKYG-MZ22010, accessUrl: https://PTKKKYG-MZ22010.snowflakecomputing.com, user: AYUSH.GUPTA, role: SYSADMIN, database: AT_RISK_ASSETS, schema: SENSOR_DATA, warehouse: AGENTIC_WH, proxy was not configured, password is provided, region: undefined, authenticator: SNOWFLAKE, ocsp mode: FAIL_OPEN, os: linux, os version: 6.8.0-101-generic"}
{"level":"INFO","message":"[3:22:03.436 PM]: Connection[id: f6edb051-fd82-4d97-bb93-9171653a9313] additional details: passcode in password is provided, passcode is not provided, private key is not provided, application: undefined, client name: snowflake-sdk, client version: 2.3.4, retry timeout: 300, private key path: undefined, private key pass is not provided, client store temporary credential: false, browser response timeout: 120000"}
{"level":"INFO","message":"[3:22:03.438 PM]: Connection[id: f6edb051-fd82-4d97-bb93-9171653a9313] - connection object created successfully."}
{"level":"INFO","message":"[3:22:23.686 PM]: Creating new connection object"}
{"level":"INFO","message":"[3:22:23.740 PM]: Creating Connection[id: 0c4bca23-5dbe-4fdd-9074-94b4c0c6a9e4] with host: PTKKKYG-MZ22010.snowflakecomputing.com, account: PTKKKYG-MZ22010, accessUrl: https://PTKKKYG-MZ22010.snowflakecomputing.com, user: AYUSH.GUPTA, role: SYSADMIN, database: AT_RISK_ASSETS, schema: SENSOR_DATA, warehouse: AGENTIC_WH, proxy was not configured, password is provided, region: undefined, authenticator: SNOWFLAKE, ocsp mode: FAIL_OPEN, os: linux, os version: 6.8.0-101-generic"}
{"level":"INFO","message":"[3:22:23.743 PM]: Connection[id: 0c4bca23-5dbe-4fdd-9074-94b4c0c6a9e4] additional details: passcode in password is provided, passcode is not provided, private key is not provided, application: undefined, client name: snowflake-sdk, client version: 2.3.4, retry timeout: 300, private key path: undefined, private key pass is not provided, client store temporary credential: false, browser response timeout: 120000"}
{"level":"INFO","message":"[3:22:23.746 PM]: Connection[id: 0c4bca23-5dbe-4fdd-9074-94b4c0c6a9e4] - connection object created successfully."}
{"level":"INFO","message":"[3:30:14.119 PM]: Creating new connection object"}
{"level":"INFO","message":"[3:30:14.155 PM]: Creating Connection[id: 336d4d1a-3d13-48a8-bd3b-34a82d227480] with host: PTKKKYG-MZ22010.snowflakecomputing.com, account: PTKKKYG-MZ22010, accessUrl: https://PTKKKYG-MZ22010.snowflakecomputing.com, user: AYUSH.GUPTA, role: SYSADMIN, database: AT_RISK_ASSETS, schema: SENSOR_DATA, warehouse: AGENTIC_WH, proxy was not configured, password is provided, region: undefined, authenticator: SNOWFLAKE, ocsp mode: FAIL_OPEN, os: linux, os version: 6.8.0-101-generic"}
{"level":"INFO","message":"[3:30:14.158 PM]: Connection[id: 336d4d1a-3d13-48a8-bd3b-34a82d227480] additional details: passcode in password is provided, passcode is not provided, private key is not provided, application: undefined, client name: snowflake-sdk, client version: 2.3.4, retry timeout: 300, private key path: undefined, private key pass is not provided, client store temporary credential: false, browser response timeout: 120000"}
{"level":"INFO","message":"[3:30:14.159 PM]: Connection[id: 336d4d1a-3d13-48a8-bd3b-34a82d227480] - connection object created successfully."}
{"level":"INFO","message":"[3:30:23.352 PM]: Creating new connection object"}
{"level":"INFO","message":"[3:30:23.390 PM]: Creating Connection[id: 48312359-bf82-4b23-bcc9-8e5f6f338eb9] with host: PTKKKYG-MZ22010.snowflakecomputing.com, account: PTKKKYG-MZ22010, accessUrl: https://PTKKKYG-MZ22010.snowflakecomputing.com, user: AYUSH.GUPTA, role: SYSADMIN, database: AT_RISK_ASSETS, schema: SENSOR_DATA, warehouse: AGENTIC_WH, proxy was not configured, password is provided, region: undefined, authenticator: SNOWFLAKE, ocsp mode: FAIL_OPEN, os: linux, os version: 6.8.0-101-generic"}
{"level":"INFO","message":"[3:30:23.394 PM]: Connection[id: 48312359-bf82-4b23-bcc9-8e5f6f338eb9] additional details: passcode in password is provided, passcode is not provided, private key is not provided, application: undefined, client name: snowflake-sdk, client version: 2.3.4, retry timeout: 300, private key path: undefined, private key pass is not provided, client store temporary credential: false, browser response timeout: 120000"}
{"level":"INFO","message":"[3:30:23.396 PM]: Connection[id: 48312359-bf82-4b23-bcc9-8e5f6f338eb9] - connection object created successfully."}
{"level":"INFO","message":"[3:31:47.047 PM]: Creating new connection object"}
{"level":"INFO","message":"[3:31:47.089 PM]: Creating Connection[id: 2e5729b5-0954-4a81-ab8d-fa53c252d7fa] with host: PTKKKYG-MZ22010.snowflakecomputing.com, account: PTKKKYG-MZ22010, accessUrl: https://PTKKKYG-MZ22010.snowflakecomputing.com, user: AYUSH.GUPTA, role: SYSADMIN, database: AT_RISK_ASSETS, schema: SENSOR_DATA, warehouse: AGENTIC_WH, proxy was not configured, password is provided, region: undefined, authenticator: SNOWFLAKE, ocsp mode: FAIL_OPEN, os: linux, os version: 6.8.0-101-generic"}
{"level":"INFO","message":"[3:31:47.092 PM]: Connection[id: 2e5729b5-0954-4a81-ab8d-fa53c252d7fa] additional details: passcode in password is provided, passcode is not provided, private key is not provided, application: undefined, client name: snowflake-sdk, client version: 2.3.4, retry timeout: 300, private key path: undefined, private key pass is not provided, client store temporary credential: false, browser response timeout: 120000"}
{"level":"INFO","message":"[3:31:47.095 PM]: Connection[id: 2e5729b5-0954-4a81-ab8d-fa53c252d7fa] - connection object created successfully."}
{"level":"INFO","message":"[3:36:41.790 PM]: Creating new connection object"}
{"level":"INFO","message":"[3:36:41.830 PM]: Creating Connection[id: b25c289d-42f2-41b6-bd50-44c64e939e42] with host: PTKKKYG-MZ22010.snowflakecomputing.com, account: PTKKKYG-MZ22010, accessUrl: https://PTKKKYG-MZ22010.snowflakecomputing.com, user: AYUSH.GUPTA, role: SYSADMIN, database: AT_RISK_ASSETS, schema: SENSOR_DATA, warehouse: AGENTIC_WH, proxy was not configured, password is provided, region: undefined, authenticator: SNOWFLAKE, ocsp mode: FAIL_OPEN, os: linux, os version: 6.8.0-101-generic"}
{"level":"INFO","message":"[3:36:41.833 PM]: Connection[id: b25c289d-42f2-41b6-bd50-44c64e939e42] additional details: passcode in password is provided, passcode is not provided, private key is not provided, application: undefined, client name: snowflake-sdk, client version: 2.3.4, retry timeout: 300, private key path: undefined, private key pass is not provided, client store temporary credential: false, browser response timeout: 120000"}
{"level":"INFO","message":"[3:36:41.835 PM]: Connection[id: b25c289d-42f2-41b6-bd50-44c64e939e42] - connection object created successfully."}
{"level":"INFO","message":"[3:38:36.963 PM]: Creating new connection object"}
{"level":"INFO","message":"[3:38:37.000 PM]: Creating Connection[id: 5bd7dac5-8b3e-4cc6-b353-7a5bcf042d12] with host: PTKKKYG-MZ22010.snowflakecomputing.com, account: PTKKKYG-MZ22010, accessUrl: https://PTKKKYG-MZ22010.snowflakecomputing.com, user: AYUSH.GUPTA, role: SYSADMIN, database: AT_RISK_ASSETS, schema: SENSOR_DATA, warehouse: AGENTIC_WH, proxy was not configured, password is provided, region: undefined, authenticator: SNOWFLAKE, ocsp mode: FAIL_OPEN, os: linux, os version: 6.8.0-101-generic"}
{"level":"INFO","message":"[3:38:37.002 PM]: Connection[id: 5bd7dac5-8b3e-4cc6-b353-7a5bcf042d12] additional details: passcode in password is provided, passcode is not provided, private key is not provided, application: undefined, client name: snowflake-sdk, client version: 2.3.4, retry timeout: 300, private key path: undefined, private key pass is not provided, client store temporary credential: false, browser response timeout: 120000"}
{"level":"INFO","message":"[3:38:37.005 PM]: Connection[id: 5bd7dac5-8b3e-4cc6-b353-7a5bcf042d12] - connection object created successfully."}
{"level":"INFO","message":"[3:42:43.864 PM]: Creating new connection object"}
{"level":"INFO","message":"[3:42:43.906 PM]: Creating Connection[id: 70ff7b60-f5f5-44b3-b7ab-857db16f90df] with host: PTKKKYG-MZ22010.snowflakecomputing.com, account: PTKKKYG-MZ22010, accessUrl: https://PTKKKYG-MZ22010.snowflakecomputing.com, user: AYUSH.GUPTA, role: SYSADMIN, database: AT_RISK_ASSETS, schema: SENSOR_DATA, warehouse: AGENTIC_WH, proxy was not configured, password is provided, region: undefined, authenticator: SNOWFLAKE, ocsp mode: FAIL_OPEN, os: linux, os version: 6.8.0-101-generic"}
{"level":"INFO","message":"[3:42:43.909 PM]: Connection[id: 70ff7b60-f5f5-44b3-b7ab-857db16f90df] additional details: passcode in password is provided, passcode is not provided, private key is not provided, application: undefined, client name: snowflake-sdk, client version: 2.3.4, retry timeout: 300, private key path: undefined, private key pass is not provided, client store temporary credential: false, browser response timeout: 120000"}
{"level":"INFO","message":"[3:42:43.911 PM]: Connection[id: 70ff7b60-f5f5-44b3-b7ab-857db16f90df] - connection object created successfully."}
{"level":"INFO","message":"[3:42:53.537 PM]: Creating new connection object"}
{"level":"INFO","message":"[3:42:53.576 PM]: Creating Connection[id: 7eda869b-22af-42d2-a92e-f454556c3f4f] with host: PTKKKYG-MZ22010.snowflakecomputing.com, account: PTKKKYG-MZ22010, accessUrl: https://PTKKKYG-MZ22010.snowflakecomputing.com, user: AYUSH.GUPTA, role: SYSADMIN, database: AT_RISK_ASSETS, schema: SENSOR_DATA, warehouse: AGENTIC_WH, proxy was not configured, password is provided, region: undefined, authenticator: SNOWFLAKE, ocsp mode: FAIL_OPEN, os: linux, os version: 6.8.0-101-generic"}
{"level":"INFO","message":"[3:42:53.578 PM]: Connection[id: 7eda869b-22af-42d2-a92e-f454556c3f4f] additional details: passcode in password is provided, passcode is not provided, private key is not provided, application: undefined, client name: snowflake-sdk, client version: 2.3.4, retry timeout: 300, private key path: undefined, private key pass is not provided, client store temporary credential: false, browser response timeout: 120000"}
{"level":"INFO","message":"[3:42:53.581 PM]: Connection[id: 7eda869b-22af-42d2-a92e-f454556c3f4f] - connection object created successfully."}
{"level":"INFO","message":"[3:49:25.090 PM]: Creating new connection object"}
{"level":"INFO","message":"[3:49:25.127 PM]: Creating Connection[id: 0d9896b3-7e06-4ea0-b37b-f20fc4ccd594] with host: PTKKKYG-MZ22010.snowflakecomputing.com, account: PTKKKYG-MZ22010, accessUrl: https://PTKKKYG-MZ22010.snowflakecomputing.com, user: AYUSH.GUPTA, role: SYSADMIN, database: AT_RISK_ASSETS, schema: SENSOR_DATA, warehouse: AGENTIC_WH, proxy was not configured, password is provided, region: undefined, authenticator: SNOWFLAKE, ocsp mode: FAIL_OPEN, os: linux, os version: 6.8.0-101-generic"}
{"level":"INFO","message":"[3:49:25.130 PM]: Connection[id: 0d9896b3-7e06-4ea0-b37b-f20fc4ccd594] additional details: passcode in password is provided, passcode is not provided, private key is not provided, application: undefined, client name: snowflake-sdk, client version: 2.3.4, retry timeout: 300, private key path: undefined, private key pass is not provided, client store temporary credential: false, browser response timeout: 120000"}
{"level":"INFO","message":"[3:49:25.132 PM]: Connection[id: 0d9896b3-7e06-4ea0-b37b-f20fc4ccd594] - connection object created successfully."}
{"level":"INFO","message":"[3:49:39.498 PM]: Creating new connection object"}
{"level":"INFO","message":"[3:49:39.555 PM]: Creating Connection[id: 3bea5f8f-bb7c-4dae-b2e0-22a7edc1ed8e] with host: PTKKKYG-MZ22010.snowflakecomputing.com, account: PTKKKYG-MZ22010, accessUrl: https://PTKKKYG-MZ22010.snowflakecomputing.com, user: AYUSH.GUPTA, role: SYSADMIN, database: AT_RISK_ASSETS, schema: SENSOR_DATA, warehouse: AGENTIC_WH, proxy was not configured, password is provided, region: undefined, authenticator: SNOWFLAKE, ocsp mode: FAIL_OPEN, os: linux, os version: 6.8.0-101-generic"}
{"level":"INFO","message":"[3:49:39.559 PM]: Connection[id: 3bea5f8f-bb7c-4dae-b2e0-22a7edc1ed8e] additional details: passcode in password is provided, passcode is not provided, private key is not provided, application: undefined, client name: snowflake-sdk, client version: 2.3.4, retry timeout: 300, private key path: undefined, private key pass is not provided, client store temporary credential: false, browser response timeout: 120000"}
{"level":"INFO","message":"[3:49:39.562 PM]: Connection[id: 3bea5f8f-bb7c-4dae-b2e0-22a7edc1ed8e] - connection object created successfully."}
{"level":"INFO","message":"[3:50:02.765 PM]: Creating new connection object"}
{"level":"INFO","message":"[3:50:02.805 PM]: Creating Connection[id: a6855b9c-8934-44ba-abc1-32146b6fe51d] with host: PTKKKYG-MZ22010.snowflakecomputing.com, account: PTKKKYG-MZ22010, accessUrl: https://PTKKKYG-MZ22010.snowflakecomputing.com, user: AYUSH.GUPTA, role: SYSADMIN, database: AT_RISK_ASSETS, schema: SENSOR_DATA, warehouse: AGENTIC_WH, proxy was not configured, password is provided, region: undefined, authenticator: SNOWFLAKE, ocsp mode: FAIL_OPEN, os: linux, os version: 6.8.0-101-generic"}
{"level":"INFO","message":"[3:50:02.807 PM]: Connection[id: a6855b9c-8934-44ba-abc1-32146b6fe51d] additional details: passcode in password is provided, passcode is not provided, private key is not provided, application: undefined, client name: snowflake-sdk, client version: 2.3.4, retry timeout: 300, private key path: undefined, private key pass is not provided, client store temporary credential: false, browser response timeout: 120000"}
{"level":"INFO","message":"[3:50:02.809 PM]: Connection[id: a6855b9c-8934-44ba-abc1-32146b6fe51d] - connection object created successfully."}
{"level":"INFO","message":"[3:50:29.905 PM]: Creating new connection object"}
{"level":"INFO","message":"[3:50:29.940 PM]: Creating Connection[id: 9f97e53b-7da8-412a-95e8-3193e519a772] with host: PTKKKYG-MZ22010.snowflakecomputing.com, account: PTKKKYG-MZ22010, accessUrl: https://PTKKKYG-MZ22010.snowflakecomputing.com, user: AYUSH.GUPTA, role: SYSADMIN, database: AT_RISK_ASSETS, schema: SENSOR_DATA, warehouse: AGENTIC_WH, proxy was not configured, password is provided, region: undefined, authenticator: SNOWFLAKE, ocsp mode: FAIL_OPEN, os: linux, os version: 6.8.0-101-generic"}
{"level":"INFO","message":"[3:50:29.942 PM]: Connection[id: 9f97e53b-7da8-412a-95e8-3193e519a772] additional details: passcode in password is provided, passcode is not provided, private key is not provided, application: undefined, client name: snowflake-sdk, client version: 2.3.4, retry timeout: 300, private key path: undefined, private key pass is not provided, client store temporary credential: false, browser response timeout: 120000"}
{"level":"INFO","message":"[3:50:29.944 PM]: Connection[id: 9f97e53b-7da8-412a-95e8-3193e519a772] - connection object created successfully."}
{"level":"INFO","message":"[3:53:00.882 PM]: Creating new connection object"}
{"level":"INFO","message":"[3:53:00.918 PM]: Creating Connection[id: c29e0081-7f79-4139-8536-28c8f61d12ec] with host: PTKKKYG-MZ22010.snowflakecomputing.com, account: PTKKKYG-MZ22010, accessUrl: https://PTKKKYG-MZ22010.snowflakecomputing.com, user: AYUSH.GUPTA, role: SYSADMIN, database: AT_RISK_ASSETS, schema: SENSOR_DATA, warehouse: AGENTIC_WH, proxy was not configured, password is provided, region: undefined, authenticator: SNOWFLAKE, ocsp mode: FAIL_OPEN, os: linux, os version: 6.8.0-101-generic"}
{"level":"INFO","message":"[3:53:00.921 PM]: Connection[id: c29e0081-7f79-4139-8536-28c8f61d12ec] additional details: passcode in password is provided, passcode is not provided, private key is not provided, application: undefined, client name: snowflake-sdk, client version: 2.3.4, retry timeout: 300, private key path: undefined, private key pass is not provided, client store temporary credential: false, browser response timeout: 120000"}
{"level":"INFO","message":"[3:53:00.923 PM]: Connection[id: c29e0081-7f79-4139-8536-28c8f61d12ec] - connection object created successfully."}
{"level":"INFO","message":"[3:53:16.447 PM]: Creating new connection object"}
{"level":"INFO","message":"[3:53:16.482 PM]: Creating Connection[id: ae286d53-2424-4867-bbd4-db7976511e1c] with host: PTKKKYG-MZ22010.snowflakecomputing.com, account: PTKKKYG-MZ22010, accessUrl: https://PTKKKYG-MZ22010.snowflakecomputing.com, user: AYUSH.GUPTA, role: SYSADMIN, database: AT_RISK_ASSETS, schema: SENSOR_DATA, warehouse: AGENTIC_WH, proxy was not configured, password is provided, region: undefined, authenticator: SNOWFLAKE, ocsp mode: FAIL_OPEN, os: linux, os version: 6.8.0-101-generic"}
{"level":"INFO","message":"[3:53:16.484 PM]: Connection[id: ae286d53-2424-4867-bbd4-db7976511e1c] additional details: passcode in password is provided, passcode is not provided, private key is not provided, application: undefined, client name: snowflake-sdk, client version: 2.3.4, retry timeout: 300, private key path: undefined, private key pass is not provided, client store temporary credential: false, browser response timeout: 120000"}
{"level":"INFO","message":"[3:53:16.486 PM]: Connection[id: ae286d53-2424-4867-bbd4-db7976511e1c] - connection object created successfully."}
{"level":"INFO","message":"[3:53:28.690 PM]: Creating new connection object"}
{"level":"INFO","message":"[3:53:28.730 PM]: Creating Connection[id: 92ced792-88ee-4b54-b3aa-0223a499069e] with host: PTKKKYG-MZ22010.snowflakecomputing.com, account: PTKKKYG-MZ22010, accessUrl: https://PTKKKYG-MZ22010.snowflakecomputing.com, user: AYUSH.GUPTA, role: SYSADMIN, database: AT_RISK_ASSETS, schema: SENSOR_DATA, warehouse: AGENTIC_WH, proxy was not configured, password is provided, region: undefined, authenticator: SNOWFLAKE, ocsp mode: FAIL_OPEN, os: linux, os version: 6.8.0-101-generic"}
{"level":"INFO","message":"[3:53:28.733 PM]: Connection[id: 92ced792-88ee-4b54-b3aa-0223a499069e] additional details: passcode in password is provided, passcode is not provided, private key is not provided, application: undefined, client name: snowflake-sdk, client version: 2.3.4, retry timeout: 300, private key path: undefined, private key pass is not provided, client store temporary credential: false, browser response timeout: 120000"}
{"level":"INFO","message":"[3:53:28.735 PM]: Connection[id: 92ced792-88ee-4b54-b3aa-0223a499069e] - connection object created successfully."}
{"level":"INFO","message":"[3:53:43.044 PM]: Creating new connection object"}
{"level":"INFO","message":"[3:53:43.089 PM]: Creating Connection[id: 96ec8775-1a7e-4192-ba60-ec9c45493bc7] with host: PTKKKYG-MZ22010.snowflakecomputing.com, account: PTKKKYG-MZ22010, accessUrl: https://PTKKKYG-MZ22010.snowflakecomputing.com, user: AYUSH.GUPTA, role: SYSADMIN, database: AT_RISK_ASSETS, schema: SENSOR_DATA, warehouse: AGENTIC_WH, proxy was not configured, password is provided, region: undefined, authenticator: SNOWFLAKE, ocsp mode: FAIL_OPEN, os: linux, os version: 6.8.0-101-generic"}
{"level":"INFO","message":"[3:53:43.093 PM]: Connection[id: 96ec8775-1a7e-4192-ba60-ec9c45493bc7] additional details: passcode in password is provided, passcode is not provided, private key is not provided, application: undefined, client name: snowflake-sdk, client version: 2.3.4, retry timeout: 300, private key path: undefined, private key pass is not provided, client store temporary credential: false, browser response timeout: 120000"}
{"level":"INFO","message":"[3:53:43.096 PM]: Connection[id: 96ec8775-1a7e-4192-ba60-ec9c45493bc7] - connection object created successfully."}
{"level":"INFO","message":"[3:56:27.852 PM]: Creating new connection object"}
{"level":"INFO","message":"[3:56:27.888 PM]: Creating Connection[id: 20be28a8-eeac-4ab9-a60d-847cb052e43d] with host: PTKKKYG-MZ22010.snowflakecomputing.com, account: PTKKKYG-MZ22010, accessUrl: https://PTKKKYG-MZ22010.snowflakecomputing.com, user: AYUSH.GUPTA, role: SYSADMIN, database: AT_RISK_ASSETS, schema: SENSOR_DATA, warehouse: AGENTIC_WH, proxy was not configured, password is provided, region: undefined, authenticator: SNOWFLAKE, ocsp mode: FAIL_OPEN, os: linux, os version: 6.8.0-101-generic"}
{"level":"INFO","message":"[3:56:27.890 PM]: Connection[id: 20be28a8-eeac-4ab9-a60d-847cb052e43d] additional details: passcode in password is provided, passcode is not provided, private key is not provided, application: undefined, client name: snowflake-sdk, client version: 2.3.4, retry timeout: 300, private key path: undefined, private key pass is not provided, client store temporary credential: false, browser response timeout: 120000"}
{"level":"INFO","message":"[3:56:27.892 PM]: Connection[id: 20be28a8-eeac-4ab9-a60d-847cb052e43d] - connection object created successfully."}
{"level":"INFO","message":"[4:02:48.862 PM]: Creating new connection object"}
{"level":"INFO","message":"[4:02:48.895 PM]: Creating Connection[id: 3c1bee56-7204-4120-9f84-c8c9031008e5] with host: PTKKKYG-MZ22010.snowflakecomputing.com, account: PTKKKYG-MZ22010, accessUrl: https://PTKKKYG-MZ22010.snowflakecomputing.com, user: AYUSH.GUPTA, role: SYSADMIN, database: AT_RISK_ASSETS, schema: SENSOR_DATA, warehouse: AGENTIC_WH, proxy was not configured, password is provided, region: undefined, authenticator: SNOWFLAKE, ocsp mode: FAIL_OPEN, os: linux, os version: 6.8.0-101-generic"}
{"level":"INFO","message":"[4:02:48.898 PM]: Connection[id: 3c1bee56-7204-4120-9f84-c8c9031008e5] additional details: passcode in password is provided, passcode is not provided, private key is not provided, application: undefined, client name: snowflake-sdk, client version: 2.3.4, retry timeout: 300, private key path: undefined, private key pass is not provided, client store temporary credential: false, browser response timeout: 120000"}
{"level":"INFO","message":"[4:02:48.899 PM]: Connection[id: 3c1bee56-7204-4120-9f84-c8c9031008e5] - connection object created successfully."}
{"level":"INFO","message":"[4:07:00.660 PM]: Creating new connection object"}
{"level":"INFO","message":"[4:07:00.703 PM]: Creating Connection[id: 7f30e510-a284-4a21-9771-d3d55ac9eb16] with host: PTKKKYG-MZ22010.snowflakecomputing.com, account: PTKKKYG-MZ22010, accessUrl: https://PTKKKYG-MZ22010.snowflakecomputing.com, user: AYUSH.GUPTA, role: SYSADMIN, database: AT_RISK_ASSETS, schema: SENSOR_DATA, warehouse: AGENTIC_WH, proxy was not configured, password is provided, region: undefined, authenticator: SNOWFLAKE, ocsp mode: FAIL_OPEN, os: linux, os version: 6.8.0-101-generic"}
{"level":"INFO","message":"[4:07:00.707 PM]: Connection[id: 7f30e510-a284-4a21-9771-d3d55ac9eb16] additional details: passcode in password is provided, passcode is not provided, private key is not provided, application: undefined, client name: snowflake-sdk, client version: 2.3.4, retry timeout: 300, private key path: undefined, private key pass is not provided, client store temporary credential: false, browser response timeout: 120000"}
{"level":"INFO","message":"[4:07:00.709 PM]: Connection[id: 7f30e510-a284-4a21-9771-d3d55ac9eb16] - connection object created successfully."}
{"level":"INFO","message":"[4:42:35.777 PM]: Creating new connection object"}
{"level":"INFO","message":"[4:42:35.817 PM]: Creating Connection[id: 5937612b-a1d1-49e5-ac43-a0664132eef2] with host: PTKKKYG-MZ22010.snowflakecomputing.com, account: PTKKKYG-MZ22010, accessUrl: https://PTKKKYG-MZ22010.snowflakecomputing.com, user: AYUSH.GUPTA, role: SYSADMIN, database: AT_RISK_ASSETS, schema: SENSOR_DATA, warehouse: AGENTIC_WH, proxy was not configured, password is provided, region: undefined, authenticator: SNOWFLAKE, ocsp mode: FAIL_OPEN, os: linux, os version: 6.8.0-101-generic"}
{"level":"INFO","message":"[4:42:35.819 PM]: Connection[id: 5937612b-a1d1-49e5-ac43-a0664132eef2] additional details: passcode in password is provided, passcode is not provided, private key is not provided, application: undefined, client name: snowflake-sdk, client version: 2.3.4, retry timeout: 300, private key path: undefined, private key pass is not provided, client store temporary credential: false, browser response timeout: 120000"}
{"level":"INFO","message":"[4:42:35.821 PM]: Connection[id: 5937612b-a1d1-49e5-ac43-a0664132eef2] - connection object created successfully."}
{"level":"INFO","message":"[12:42:36.913 PM]: Creating new connection object"}
{"level":"INFO","message":"[12:42:36.948 PM]: Creating Connection[id: ffb6d42a-7e11-4cfc-9686-18842f87a9b8] with host: PTKKKYG-MZ22010.snowflakecomputing.com, account: PTKKKYG-MZ22010, accessUrl: https://PTKKKYG-MZ22010.snowflakecomputing.com, user: AYUSH.GUPTA, role: SYSADMIN, database: AT_RISK_ASSETS, schema: SENSOR_DATA, warehouse: AGENTIC_WH, proxy was not configured, password is provided, region: undefined, authenticator: SNOWFLAKE, ocsp mode: FAIL_OPEN, os: linux, os version: 6.8.0-106-generic"}
{"level":"INFO","message":"[12:42:36.951 PM]: Connection[id: ffb6d42a-7e11-4cfc-9686-18842f87a9b8] additional details: passcode in password is provided, passcode is not provided, private key is not provided, application: undefined, client name: snowflake-sdk, client version: 2.3.4, retry timeout: 300, private key path: undefined, private key pass is not provided, client store temporary credential: false, browser response timeout: 120000"}
{"level":"INFO","message":"[12:42:36.953 PM]: Connection[id: ffb6d42a-7e11-4cfc-9686-18842f87a9b8] - connection object created successfully."}
{"level":"INFO","message":"[12:48:03.292 PM]: Creating new connection object"}
{"level":"INFO","message":"[12:48:03.321 PM]: Creating Connection[id: acf2f200-5094-49de-987c-f2e054a69d9f] with host: PTKKKYG-MZ22010.snowflakecomputing.com, account: PTKKKYG-MZ22010, accessUrl: https://PTKKKYG-MZ22010.snowflakecomputing.com, user: AYUSH.GUPTA, role: SYSADMIN, database: AT_RISK_ASSETS, schema: SENSOR_DATA, warehouse: AGENTIC_WH, proxy was not configured, password is provided, region: undefined, authenticator: SNOWFLAKE, ocsp mode: FAIL_OPEN, os: linux, os version: 6.8.0-106-generic"}
{"level":"INFO","message":"[12:48:03.324 PM]: Connection[id: acf2f200-5094-49de-987c-f2e054a69d9f] additional details: passcode in password is provided, passcode is not provided, private key is not provided, application: undefined, client name: snowflake-sdk, client version: 2.3.4, retry timeout: 300, private key path: undefined, private key pass is not provided, client store temporary credential: false, browser response timeout: 120000"}
{"level":"INFO","message":"[12:48:03.325 PM]: Connection[id: acf2f200-5094-49de-987c-f2e054a69d9f] - connection object created successfully."}
{"level":"INFO","message":"[12:54:46.246 PM]: Creating new connection object"}
{"level":"INFO","message":"[12:54:46.291 PM]: Creating Connection[id: e7bb2877-abe3-4d9d-b4e8-160c0678754c] with host: PTKKKYG-MZ22010.snowflakecomputing.com, account: PTKKKYG-MZ22010, accessUrl: https://PTKKKYG-MZ22010.snowflakecomputing.com, user: AYUSH.GUPTA, role: SYSADMIN, database: AT_RISK_ASSETS, schema: SENSOR_DATA, warehouse: AGENTIC_WH, proxy was not configured, password is provided, region: undefined, authenticator: SNOWFLAKE, ocsp mode: FAIL_OPEN, os: linux, os version: 6.8.0-106-generic"}
{"level":"INFO","message":"[12:54:46.294 PM]: Connection[id: e7bb2877-abe3-4d9d-b4e8-160c0678754c] additional details: passcode in password is provided, passcode is not provided, private key is not provided, application: undefined, client name: snowflake-sdk, client version: 2.3.4, retry timeout: 300, private key path: undefined, private key pass is not provided, client store temporary credential: false, browser response timeout: 120000"}
{"level":"INFO","message":"[12:54:46.296 PM]: Connection[id: e7bb2877-abe3-4d9d-b4e8-160c0678754c] - connection object created successfully."}
{"level":"INFO","message":"[1:00:01.172 PM]: Creating new connection object"}
{"level":"INFO","message":"[1:00:01.224 PM]: Creating Connection[id: 7854cac0-3bd3-40d5-a9e9-36eca9b0dc75] with host: PTKKKYG-MZ22010.snowflakecomputing.com, account: PTKKKYG-MZ22010, accessUrl: https://PTKKKYG-MZ22010.snowflakecomputing.com, user: AYUSH.GUPTA, role: SYSADMIN, database: AT_RISK_ASSETS, schema: SENSOR_DATA, warehouse: AGENTIC_WH, proxy was not configured, password is provided, region: undefined, authenticator: SNOWFLAKE, ocsp mode: FAIL_OPEN, os: linux, os version: 6.8.0-106-generic"}
{"level":"INFO","message":"[1:00:01.227 PM]: Connection[id: 7854cac0-3bd3-40d5-a9e9-36eca9b0dc75] additional details: passcode in password is provided, passcode is not provided, private key is not provided, application: undefined, client name: snowflake-sdk, client version: 2.3.4, retry timeout: 300, private key path: undefined, private key pass is not provided, client store temporary credential: false, browser response timeout: 120000"}
{"level":"INFO","message":"[1:00:01.230 PM]: Connection[id: 7854cac0-3bd3-40d5-a9e9-36eca9b0dc75] - connection object created successfully."}
{"level":"INFO","message":"[1:00:07.017 PM]: Creating new connection object"}
{"level":"INFO","message":"[1:00:07.069 PM]: Creating Connection[id: f70fd0be-b2e3-42b7-952a-32a187badbd9] with host: PTKKKYG-MZ22010.snowflakecomputing.com, account: PTKKKYG-MZ22010, accessUrl: https://PTKKKYG-MZ22010.snowflakecomputing.com, user: AYUSH.GUPTA, role: SYSADMIN, database: AT_RISK_ASSETS, schema: SENSOR_DATA, warehouse: AGENTIC_WH, proxy was not configured, password is provided, region: undefined, authenticator: SNOWFLAKE, ocsp mode: FAIL_OPEN, os: linux, os version: 6.8.0-106-generic"}
{"level":"INFO","message":"[1:00:07.073 PM]: Connection[id: f70fd0be-b2e3-42b7-952a-32a187badbd9] additional details: passcode in password is provided, passcode is not provided, private key is not provided, application: undefined, client name: snowflake-sdk, client version: 2.3.4, retry timeout: 300, private key path: undefined, private key pass is not provided, client store temporary credential: false, browser response timeout: 120000"}
{"level":"INFO","message":"[1:00:07.076 PM]: Connection[id: f70fd0be-b2e3-42b7-952a-32a187badbd9] - connection object created successfully."}
{"level":"INFO","message":"[1:00:14.739 PM]: Creating new connection object"}
{"level":"INFO","message":"[1:00:14.766 PM]: Creating Connection[id: 0f0fe8da-e4f2-4893-a834-83ade2655ba1] with host: PTKKKYG-MZ22010.snowflakecomputing.com, account: PTKKKYG-MZ22010, accessUrl: https://PTKKKYG-MZ22010.snowflakecomputing.com, user: AYUSH.GUPTA, role: SYSADMIN, database: AT_RISK_ASSETS, schema: SENSOR_DATA, warehouse: AGENTIC_WH, proxy was not configured, password is provided, region: undefined, authenticator: SNOWFLAKE, ocsp mode: FAIL_OPEN, os: linux, os version: 6.8.0-106-generic"}
{"level":"INFO","message":"[1:00:14.769 PM]: Connection[id: 0f0fe8da-e4f2-4893-a834-83ade2655ba1] additional details: passcode in password is provided, passcode is not provided, private key is not provided, application: undefined, client name: snowflake-sdk, client version: 2.3.4, retry timeout: 300, private key path: undefined, private key pass is not provided, client store temporary credential: false, browser response timeout: 120000"}
{"level":"INFO","message":"[1:00:14.770 PM]: Connection[id: 0f0fe8da-e4f2-4893-a834-83ade2655ba1] - connection object created successfully."}
{"level":"INFO","message":"[1:13:54.757 PM]: Creating new connection object"}
{"level":"INFO","message":"[1:13:54.792 PM]: Creating Connection[id: a2d469c2-92b6-426e-847b-c196b6b3bcdf] with host: PTKKKYG-MZ22010.snowflakecomputing.com, account: PTKKKYG-MZ22010, accessUrl: https://PTKKKYG-MZ22010.snowflakecomputing.com, user: AYUSH.GUPTA, role: SYSADMIN, database: AT_RISK_ASSETS, schema: SENSOR_DATA, warehouse: AGENTIC_WH, proxy was not configured, password is provided, region: undefined, authenticator: SNOWFLAKE, ocsp mode: FAIL_OPEN, os: linux, os version: 6.8.0-106-generic"}
{"level":"INFO","message":"[1:13:54.795 PM]: Connection[id: a2d469c2-92b6-426e-847b-c196b6b3bcdf] additional details: passcode in password is provided, passcode is not provided, private key is not provided, application: undefined, client name: snowflake-sdk, client version: 2.3.4, retry timeout: 300, private key path: undefined, private key pass is not provided, client store temporary credential: false, browser response timeout: 120000"}
{"level":"INFO","message":"[1:13:54.796 PM]: Connection[id: a2d469c2-92b6-426e-847b-c196b6b3bcdf] - connection object created successfully."}
{"level":"INFO","message":"[3:48:19.213 PM]: Creating new connection object"}
{"level":"INFO","message":"[3:48:19.243 PM]: Creating Connection[id: 1f6a12ab-f95d-485c-a3d2-fd2ab813c2d0] with host: PTKKKYG-MZ22010.snowflakecomputing.com, account: PTKKKYG-MZ22010, accessUrl: https://PTKKKYG-MZ22010.snowflakecomputing.com, user: AYUSH.GUPTA, role: SYSADMIN, database: AT_RISK_ASSETS, schema: SENSOR_DATA, warehouse: AGENTIC_WH, proxy was not configured, password is provided, region: undefined, authenticator: SNOWFLAKE, ocsp mode: FAIL_OPEN, os: linux, os version: 6.8.0-106-generic"}
{"level":"INFO","message":"[3:48:19.246 PM]: Connection[id: 1f6a12ab-f95d-485c-a3d2-fd2ab813c2d0] additional details: passcode in password is provided, passcode is not provided, private key is not provided, application: undefined, client name: snowflake-sdk, client version: 2.3.4, retry timeout: 300, private key path: undefined, private key pass is not provided, client store temporary credential: false, browser response timeout: 120000"}
{"level":"INFO","message":"[3:48:19.248 PM]: Connection[id: 1f6a12ab-f95d-485c-a3d2-fd2ab813c2d0] - connection object created successfully."}
{"level":"INFO","message":"[3:48:31.152 PM]: Creating new connection object"}
{"level":"INFO","message":"[3:48:31.188 PM]: Creating Connection[id: 50095f8b-d2d6-44fd-9843-1dc4d2d718a7] with host: PTKKKYG-MZ22010.snowflakecomputing.com, account: PTKKKYG-MZ22010, accessUrl: https://PTKKKYG-MZ22010.snowflakecomputing.com, user: AYUSH.GUPTA, role: SYSADMIN, database: AT_RISK_ASSETS, schema: SENSOR_DATA, warehouse: AGENTIC_WH, proxy was not configured, password is provided, region: undefined, authenticator: SNOWFLAKE, ocsp mode: FAIL_OPEN, os: linux, os version: 6.8.0-106-generic"}
{"level":"INFO","message":"[3:48:31.191 PM]: Connection[id: 50095f8b-d2d6-44fd-9843-1dc4d2d718a7] additional details: passcode in password is provided, passcode is not provided, private key is not provided, application: undefined, client name: snowflake-sdk, client version: 2.3.4, retry timeout: 300, private key path: undefined, private key pass is not provided, client store temporary credential: false, browser response timeout: 120000"}
{"level":"INFO","message":"[3:48:31.192 PM]: Connection[id: 50095f8b-d2d6-44fd-9843-1dc4d2d718a7] - connection object created successfully."}
{"level":"INFO","message":"[3:48:43.439 PM]: Creating new connection object"}
{"level":"INFO","message":"[3:48:43.472 PM]: Creating Connection[id: ba3815b3-f4f8-428f-9fe1-baa4ceaa1240] with host: PTKKKYG-MZ22010.snowflakecomputing.com, account: PTKKKYG-MZ22010, accessUrl: https://PTKKKYG-MZ22010.snowflakecomputing.com, user: AYUSH.GUPTA, role: SYSADMIN, database: AT_RISK_ASSETS, schema: SENSOR_DATA, warehouse: AGENTIC_WH, proxy was not configured, password is provided, region: undefined, authenticator: SNOWFLAKE, ocsp mode: FAIL_OPEN, os: linux, os version: 6.8.0-106-generic"}
{"level":"INFO","message":"[3:48:43.475 PM]: Connection[id: ba3815b3-f4f8-428f-9fe1-baa4ceaa1240] additional details: passcode in password is provided, passcode is not provided, private key is not provided, application: undefined, client name: snowflake-sdk, client version: 2.3.4, retry timeout: 300, private key path: undefined, private key pass is not provided, client store temporary credential: false, browser response timeout: 120000"}
{"level":"INFO","message":"[3:48:43.476 PM]: Connection[id: ba3815b3-f4f8-428f-9fe1-baa4ceaa1240] - connection object created successfully."}
{"level":"INFO","message":"[3:49:01.236 PM]: Creating new connection object"}
{"level":"INFO","message":"[3:49:01.277 PM]: Creating Connection[id: 1f8bc664-4e2d-463f-98d3-1aac284ccea7] with host: PTKKKYG-MZ22010.snowflakecomputing.com, account: PTKKKYG-MZ22010, accessUrl: https://PTKKKYG-MZ22010.snowflakecomputing.com, user: AYUSH.GUPTA, role: SYSADMIN, database: AT_RISK_ASSETS, schema: SENSOR_DATA, warehouse: AGENTIC_WH, proxy was not configured, password is provided, region: undefined, authenticator: SNOWFLAKE, ocsp mode: FAIL_OPEN, os: linux, os version: 6.8.0-106-generic"}
{"level":"INFO","message":"[3:49:01.281 PM]: Connection[id: 1f8bc664-4e2d-463f-98d3-1aac284ccea7] additional details: passcode in password is provided, passcode is not provided, private key is not provided, application: undefined, client name: snowflake-sdk, client version: 2.3.4, retry timeout: 300, private key path: undefined, private key pass is not provided, client store temporary credential: false, browser response timeout: 120000"}
{"level":"INFO","message":"[3:49:01.283 PM]: Connection[id: 1f8bc664-4e2d-463f-98d3-1aac284ccea7] - connection object created successfully."}
{"level":"INFO","message":"[11:38:56.118 AM]: Creating new connection object"}
{"level":"INFO","message":"[11:38:56.156 AM]: Creating Connection[id: d37648d7-b4a5-480f-a386-56918e6689b0] with host: PTKKKYG-MZ22010.snowflakecomputing.com, account: PTKKKYG-MZ22010, accessUrl: https://PTKKKYG-MZ22010.snowflakecomputing.com, user: AYUSH.GUPTA, role: SYSADMIN, database: AT_RISK_ASSETS, schema: SENSOR_DATA, warehouse: AGENTIC_WH, proxy was not configured, password is provided, region: undefined, authenticator: SNOWFLAKE, ocsp mode: FAIL_OPEN, os: linux, os version: 6.8.0-106-generic"}
{"level":"INFO","message":"[11:38:56.161 AM]: Connection[id: d37648d7-b4a5-480f-a386-56918e6689b0] additional details: passcode in password is provided, passcode is not provided, private key is not provided, application: undefined, client name: snowflake-sdk, client version: 2.3.4, retry timeout: 300, private key path: undefined, private key pass is not provided, client store temporary credential: false, browser response timeout: 120000"}
{"level":"INFO","message":"[11:38:56.163 AM]: Connection[id: d37648d7-b4a5-480f-a386-56918e6689b0] - connection object created successfully."}
{"level":"INFO","message":"[11:43:47.578 AM]: Creating new connection object"}
{"level":"INFO","message":"[11:43:47.612 AM]: Creating Connection[id: 0994b563-7f7f-4d35-b963-c573acd91059] with host: PTKKKYG-MZ22010.snowflakecomputing.com, account: PTKKKYG-MZ22010, accessUrl: https://PTKKKYG-MZ22010.snowflakecomputing.com, user: AYUSH.GUPTA, role: SYSADMIN, database: AT_RISK_ASSETS, schema: SENSOR_DATA, warehouse: AGENTIC_WH, proxy was not configured, password is provided, region: undefined, authenticator: SNOWFLAKE, ocsp mode: FAIL_OPEN, os: linux, os version: 6.8.0-106-generic"}
{"level":"INFO","message":"[11:43:47.616 AM]: Connection[id: 0994b563-7f7f-4d35-b963-c573acd91059] additional details: passcode in password is provided, passcode is not provided, private key is not provided, application: undefined, client name: snowflake-sdk, client version: 2.3.4, retry timeout: 300, private key path: undefined, private key pass is not provided, client store temporary credential: false, browser response timeout: 120000"}
{"level":"INFO","message":"[11:43:47.618 AM]: Connection[id: 0994b563-7f7f-4d35-b963-c573acd91059] - connection object created successfully."}
{"level":"INFO","message":"[11:45:38.642 AM]: Creating new connection object"}
{"level":"INFO","message":"[11:45:38.682 AM]: Creating Connection[id: 9d50c044-0072-4b86-b42d-ea5049f1a0d9] with host: PTKKKYG-MZ22010.snowflakecomputing.com, account: PTKKKYG-MZ22010, accessUrl: https://PTKKKYG-MZ22010.snowflakecomputing.com, user: AYUSH.GUPTA, role: SYSADMIN, database: AT_RISK_ASSETS, schema: SENSOR_DATA, warehouse: AGENTIC_WH, proxy was not configured, password is provided, region: undefined, authenticator: SNOWFLAKE, ocsp mode: FAIL_OPEN, os: linux, os version: 6.8.0-106-generic"}
{"level":"INFO","message":"[11:45:38.686 AM]: Connection[id: 9d50c044-0072-4b86-b42d-ea5049f1a0d9] additional details: passcode in password is provided, passcode is not provided, private key is not provided, application: undefined, client name: snowflake-sdk, client version: 2.3.4, retry timeout: 300, private key path: undefined, private key pass is not provided, client store temporary credential: false, browser response timeout: 120000"}
{"level":"INFO","message":"[11:45:38.688 AM]: Connection[id: 9d50c044-0072-4b86-b42d-ea5049f1a0d9] - connection object created successfully."}
{"level":"INFO","message":"[11:58:25.649 AM]: Creating new connection object"}
{"level":"INFO","message":"[11:58:25.678 AM]: Creating Connection[id: 109acaf4-89ec-495b-8460-58ac12a9db94] with host: PTKKKYG-MZ22010.snowflakecomputing.com, account: PTKKKYG-MZ22010, accessUrl: https://PTKKKYG-MZ22010.snowflakecomputing.com, user: AYUSH.GUPTA, role: SYSADMIN, database: AT_RISK_ASSETS, schema: SENSOR_DATA, warehouse: AGENTIC_WH, proxy was not configured, password is provided, region: undefined, authenticator: SNOWFLAKE, ocsp mode: FAIL_OPEN, os: linux, os version: 6.8.0-106-generic"}
{"level":"INFO","message":"[11:58:25.681 AM]: Connection[id: 109acaf4-89ec-495b-8460-58ac12a9db94] additional details: passcode in password is provided, passcode is not provided, private key is not provided, application: undefined, client name: snowflake-sdk, client version: 2.3.4, retry timeout: 300, private key path: undefined, private key pass is not provided, client store temporary credential: false, browser response timeout: 120000"}
{"level":"INFO","message":"[11:58:25.682 AM]: Connection[id: 109acaf4-89ec-495b-8460-58ac12a9db94] - connection object created successfully."}
{"level":"INFO","message":"[12:04:19.512 PM]: Creating new connection object"}
{"level":"INFO","message":"[12:04:19.541 PM]: Creating Connection[id: 2bb48f66-9034-455a-81a1-4705699ae8a6] with host: PTKKKYG-MZ22010.snowflakecomputing.com, account: PTKKKYG-MZ22010, accessUrl: https://PTKKKYG-MZ22010.snowflakecomputing.com, user: AYUSH.GUPTA, role: SYSADMIN, database: AT_RISK_ASSETS, schema: SENSOR_DATA, warehouse: AGENTIC_WH, proxy was not configured, password is provided, region: undefined, authenticator: SNOWFLAKE, ocsp mode: FAIL_OPEN, os: linux, os version: 6.8.0-106-generic"}
{"level":"INFO","message":"[12:04:19.544 PM]: Connection[id: 2bb48f66-9034-455a-81a1-4705699ae8a6] additional details: passcode in password is provided, passcode is not provided, private key is not provided, application: undefined, client name: snowflake-sdk, client version: 2.3.4, retry timeout: 300, private key path: undefined, private key pass is not provided, client store temporary credential: false, browser response timeout: 120000"}
{"level":"INFO","message":"[12:04:19.546 PM]: Connection[id: 2bb48f66-9034-455a-81a1-4705699ae8a6] - connection object created successfully."}
{"level":"INFO","message":"[12:12:18.108 PM]: Creating new connection object"}
{"level":"INFO","message":"[12:12:18.145 PM]: Creating Connection[id: 47927314-fb10-4811-97b2-2a3113c4e5b8] with host: PTKKKYG-MZ22010.snowflakecomputing.com, account: PTKKKYG-MZ22010, accessUrl: https://PTKKKYG-MZ22010.snowflakecomputing.com, user: AYUSH.GUPTA, role: SYSADMIN, database: AT_RISK_ASSETS, schema: SENSOR_DATA, warehouse: AGENTIC_WH, proxy was not configured, password is provided, region: undefined, authenticator: SNOWFLAKE, ocsp mode: FAIL_OPEN, os: linux, os version: 6.8.0-106-generic"}
{"level":"INFO","message":"[12:12:18.148 PM]: Connection[id: 47927314-fb10-4811-97b2-2a3113c4e5b8] additional details: passcode in password is provided, passcode is not provided, private key is not provided, application: undefined, client name: snowflake-sdk, client version: 2.3.4, retry timeout: 300, private key path: undefined, private key pass is not provided, client store temporary credential: false, browser response timeout: 120000"}
{"level":"INFO","message":"[12:12:18.149 PM]: Connection[id: 47927314-fb10-4811-97b2-2a3113c4e5b8] - connection object created successfully."}
{"level":"INFO","message":"[12:20:48.348 PM]: Creating new connection object"}
{"level":"INFO","message":"[12:20:48.382 PM]: Creating Connection[id: d98036ac-3a8d-4f23-ae5a-3b55b3000fbb] with host: PTKKKYG-MZ22010.snowflakecomputing.com, account: PTKKKYG-MZ22010, accessUrl: https://PTKKKYG-MZ22010.snowflakecomputing.com, user: AYUSH.GUPTA, role: SYSADMIN, database: AT_RISK_ASSETS, schema: SENSOR_DATA, warehouse: AGENTIC_WH, proxy was not configured, password is provided, region: undefined, authenticator: SNOWFLAKE, ocsp mode: FAIL_OPEN, os: linux, os version: 6.8.0-106-generic"}
{"level":"INFO","message":"[12:20:48.384 PM]: Connection[id: d98036ac-3a8d-4f23-ae5a-3b55b3000fbb] additional details: passcode in password is provided, passcode is not provided, private key is not provided, application: undefined, client name: snowflake-sdk, client version: 2.3.4, retry timeout: 300, private key path: undefined, private key pass is not provided, client store temporary credential: false, browser response timeout: 120000"}
{"level":"INFO","message":"[12:20:48.386 PM]: Connection[id: d98036ac-3a8d-4f23-ae5a-3b55b3000fbb] - connection object created successfully."}
{"level":"INFO","message":"[12:21:16.679 PM]: Creating new connection object"}
{"level":"INFO","message":"[12:21:16.718 PM]: Creating Connection[id: 73c3cd89-d2c0-4ca6-8de6-12e0851fd32d] with host: PTKKKYG-MZ22010.snowflakecomputing.com, account: PTKKKYG-MZ22010, accessUrl: https://PTKKKYG-MZ22010.snowflakecomputing.com, user: AYUSH.GUPTA, role: SYSADMIN, database: AT_RISK_ASSETS, schema: SENSOR_DATA, warehouse: AGENTIC_WH, proxy was not configured, password is provided, region: undefined, authenticator: SNOWFLAKE, ocsp mode: FAIL_OPEN, os: linux, os version: 6.8.0-106-generic"}
{"level":"INFO","message":"[12:21:16.721 PM]: Connection[id: 73c3cd89-d2c0-4ca6-8de6-12e0851fd32d] additional details: passcode in password is provided, passcode is not provided, private key is not provided, application: undefined, client name: snowflake-sdk, client version: 2.3.4, retry timeout: 300, private key path: undefined, private key pass is not provided, client store temporary credential: false, browser response timeout: 120000"}
{"level":"INFO","message":"[12:21:16.722 PM]: Connection[id: 73c3cd89-d2c0-4ca6-8de6-12e0851fd32d] - connection object created successfully."}
{"level":"INFO","message":"[12:21:25.154 PM]: Creating new connection object"}
{"level":"INFO","message":"[12:21:25.190 PM]: Creating Connection[id: 11b69644-93d3-47fb-9518-64fa926e4af8] with host: PTKKKYG-MZ22010.snowflakecomputing.com, account: PTKKKYG-MZ22010, accessUrl: https://PTKKKYG-MZ22010.snowflakecomputing.com, user: AYUSH.GUPTA, role: SYSADMIN, database: AT_RISK_ASSETS, schema: SENSOR_DATA, warehouse: AGENTIC_WH, proxy was not configured, password is provided, region: undefined, authenticator: SNOWFLAKE, ocsp mode: FAIL_OPEN, os: linux, os version: 6.8.0-106-generic"}
{"level":"INFO","message":"[12:21:25.193 PM]: Connection[id: 11b69644-93d3-47fb-9518-64fa926e4af8] additional details: passcode in password is provided, passcode is not provided, private key is not provided, application: undefined, client name: snowflake-sdk, client version: 2.3.4, retry timeout: 300, private key path: undefined, private key pass is not provided, client store temporary credential: false, browser response timeout: 120000"}
{"level":"INFO","message":"[12:21:25.194 PM]: Connection[id: 11b69644-93d3-47fb-9518-64fa926e4af8] - connection object created successfully."}
{"level":"INFO","message":"[12:24:53.924 PM]: Creating new connection object"}
{"level":"INFO","message":"[12:24:53.962 PM]: Creating Connection[id: 4f34a62e-c820-449f-bc57-06be9c045bb5] with host: PTKKKYG-MZ22010.snowflakecomputing.com, account: PTKKKYG-MZ22010, accessUrl: https://PTKKKYG-MZ22010.snowflakecomputing.com, user: AYUSH.GUPTA, role: SYSADMIN, database: AT_RISK_ASSETS, schema: SENSOR_DATA, warehouse: AGENTIC_WH, proxy was not configured, password is provided, region: undefined, authenticator: SNOWFLAKE, ocsp mode: FAIL_OPEN, os: linux, os version: 6.8.0-106-generic"}
{"level":"INFO","message":"[12:24:53.964 PM]: Connection[id: 4f34a62e-c820-449f-bc57-06be9c045bb5] additional details: passcode in password is provided, passcode is not provided, private key is not provided, application: undefined, client name: snowflake-sdk, client version: 2.3.4, retry timeout: 300, private key path: undefined, private key pass is not provided, client store temporary credential: false, browser response timeout: 120000"}
{"level":"INFO","message":"[12:24:53.966 PM]: Connection[id: 4f34a62e-c820-449f-bc57-06be9c045bb5] - connection object created successfully."}
{"level":"INFO","message":"[12:25:06.360 PM]: Creating new connection object"}
{"level":"INFO","message":"[12:25:06.396 PM]: Creating Connection[id: d3611bf6-8fb7-4b08-9131-8cac430d35be] with host: PTKKKYG-MZ22010.snowflakecomputing.com, account: PTKKKYG-MZ22010, accessUrl: https://PTKKKYG-MZ22010.snowflakecomputing.com, user: AYUSH.GUPTA, role: SYSADMIN, database: AT_RISK_ASSETS, schema: SENSOR_DATA, warehouse: AGENTIC_WH, proxy was not configured, password is provided, region: undefined, authenticator: SNOWFLAKE, ocsp mode: FAIL_OPEN, os: linux, os version: 6.8.0-106-generic"}
{"level":"INFO","message":"[12:25:06.398 PM]: Connection[id: d3611bf6-8fb7-4b08-9131-8cac430d35be] additional details: passcode in password is provided, passcode is not provided, private key is not provided, application: undefined, client name: snowflake-sdk, client version: 2.3.4, retry timeout: 300, private key path: undefined, private key pass is not provided, client store temporary credential: false, browser response timeout: 120000"}
{"level":"INFO","message":"[12:25:06.400 PM]: Connection[id: d3611bf6-8fb7-4b08-9131-8cac430d35be] - connection object created successfully."}
{"level":"INFO","message":"[12:31:43.735 PM]: Creating new connection object"}
{"level":"INFO","message":"[12:31:43.767 PM]: Creating Connection[id: 4f31c6e0-55cb-44a3-9d15-71061a8b7212] with host: PTKKKYG-MZ22010.snowflakecomputing.com, account: PTKKKYG-MZ22010, accessUrl: https://PTKKKYG-MZ22010.snowflakecomputing.com, user: AYUSH.GUPTA, role: SYSADMIN, database: AT_RISK_ASSETS, schema: SENSOR_DATA, warehouse: AGENTIC_WH, proxy was not configured, password is provided, region: undefined, authenticator: SNOWFLAKE, ocsp mode: FAIL_OPEN, os: linux, os version: 6.8.0-106-generic"}
{"level":"INFO","message":"[12:31:43.769 PM]: Connection[id: 4f31c6e0-55cb-44a3-9d15-71061a8b7212] additional details: passcode in password is provided, passcode is not provided, private key is not provided, application: undefined, client name: snowflake-sdk, client version: 2.3.4, retry timeout: 300, private key path: undefined, private key pass is not provided, client store temporary credential: false, browser response timeout: 120000"}
{"level":"INFO","message":"[12:31:43.771 PM]: Connection[id: 4f31c6e0-55cb-44a3-9d15-71061a8b7212] - connection object created successfully."}
{"level":"INFO","message":"[12:35:14.367 PM]: Creating new connection object"}
{"level":"INFO","message":"[12:35:14.398 PM]: Creating Connection[id: 0e74dcfe-eabc-4851-abff-20f2d8edce22] with host: PTKKKYG-MZ22010.snowflakecomputing.com, account: PTKKKYG-MZ22010, accessUrl: https://PTKKKYG-MZ22010.snowflakecomputing.com, user: AYUSH.GUPTA, role: SYSADMIN, database: AT_RISK_ASSETS, schema: SENSOR_DATA, warehouse: AGENTIC_WH, proxy was not configured, password is provided, region: undefined, authenticator: SNOWFLAKE, ocsp mode: FAIL_OPEN, os: linux, os version: 6.8.0-106-generic"}
{"level":"INFO","message":"[12:35:14.400 PM]: Connection[id: 0e74dcfe-eabc-4851-abff-20f2d8edce22] additional details: passcode in password is provided, passcode is not provided, private key is not provided, application: undefined, client name: snowflake-sdk, client version: 2.3.4, retry timeout: 300, private key path: undefined, private key pass is not provided, client store temporary credential: false, browser response timeout: 120000"}
{"level":"INFO","message":"[12:35:14.402 PM]: Connection[id: 0e74dcfe-eabc-4851-abff-20f2d8edce22] - connection object created successfully."}
{"level":"INFO","message":"[12:35:28.891 PM]: Creating new connection object"}
{"level":"INFO","message":"[12:35:28.937 PM]: Creating Connection[id: c38ac12c-cee9-4791-909b-5e32b36a9744] with host: PTKKKYG-MZ22010.snowflakecomputing.com, account: PTKKKYG-MZ22010, accessUrl: https://PTKKKYG-MZ22010.snowflakecomputing.com, user: AYUSH.GUPTA, role: SYSADMIN, database: AT_RISK_ASSETS, schema: SENSOR_DATA, warehouse: AGENTIC_WH, proxy was not configured, password is provided, region: undefined, authenticator: SNOWFLAKE, ocsp mode: FAIL_OPEN, os: linux, os version: 6.8.0-106-generic"}
{"level":"INFO","message":"[12:35:28.940 PM]: Connection[id: c38ac12c-cee9-4791-909b-5e32b36a9744] additional details: passcode in password is provided, passcode is not provided, private key is not provided, application: undefined, client name: snowflake-sdk, client version: 2.3.4, retry timeout: 300, private key path: undefined, private key pass is not provided, client store temporary credential: false, browser response timeout: 120000"}
{"level":"INFO","message":"[12:35:28.943 PM]: Connection[id: c38ac12c-cee9-4791-909b-5e32b36a9744] - connection object created successfully."}
{"level":"INFO","message":"[12:38:26.249 PM]: Creating new connection object"}
{"level":"INFO","message":"[12:38:26.282 PM]: Creating Connection[id: ef32c2b0-62e1-406a-b647-4b0d875611dc] with host: PTKKKYG-MZ22010.snowflakecomputing.com, account: PTKKKYG-MZ22010, accessUrl: https://PTKKKYG-MZ22010.snowflakecomputing.com, user: AYUSH.GUPTA, role: SYSADMIN, database: AT_RISK_ASSETS, schema: SENSOR_DATA, warehouse: AGENTIC_WH, proxy was not configured, password is provided, region: undefined, authenticator: SNOWFLAKE, ocsp mode: FAIL_OPEN, os: linux, os version: 6.8.0-106-generic"}
{"level":"INFO","message":"[12:38:26.284 PM]: Connection[id: ef32c2b0-62e1-406a-b647-4b0d875611dc] additional details: passcode in password is provided, passcode is not provided, private key is not provided, application: undefined, client name: snowflake-sdk, client version: 2.3.4, retry timeout: 300, private key path: undefined, private key pass is not provided, client store temporary credential: false, browser response timeout: 120000"}
{"level":"INFO","message":"[12:38:26.286 PM]: Connection[id: ef32c2b0-62e1-406a-b647-4b0d875611dc] - connection object created successfully."}
{"level":"INFO","message":"[12:38:46.398 PM]: Creating new connection object"}
{"level":"INFO","message":"[12:38:46.434 PM]: Creating Connection[id: e6b443be-f7d0-413b-96fe-0a5c09496a6e] with host: PTKKKYG-MZ22010.snowflakecomputing.com, account: PTKKKYG-MZ22010, accessUrl: https://PTKKKYG-MZ22010.snowflakecomputing.com, user: AYUSH.GUPTA, role: SYSADMIN, database: AT_RISK_ASSETS, schema: SENSOR_DATA, warehouse: AGENTIC_WH, proxy was not configured, password is provided, region: undefined, authenticator: SNOWFLAKE, ocsp mode: FAIL_OPEN, os: linux, os version: 6.8.0-106-generic"}
{"level":"INFO","message":"[12:38:46.437 PM]: Connection[id: e6b443be-f7d0-413b-96fe-0a5c09496a6e] additional details: passcode in password is provided, passcode is not provided, private key is not provided, application: undefined, client name: snowflake-sdk, client version: 2.3.4, retry timeout: 300, private key path: undefined, private key pass is not provided, client store temporary credential: false, browser response timeout: 120000"}
{"level":"INFO","message":"[12:38:46.439 PM]: Connection[id: e6b443be-f7d0-413b-96fe-0a5c09496a6e] - connection object created successfully."}
{"level":"INFO","message":"[12:38:59.287 PM]: Creating new connection object"}
{"level":"INFO","message":"[12:38:59.325 PM]: Creating Connection[id: f93636cd-416e-4f33-9792-07fac68af07a] with host: PTKKKYG-MZ22010.snowflakecomputing.com, account: PTKKKYG-MZ22010, accessUrl: https://PTKKKYG-MZ22010.snowflakecomputing.com, user: AYUSH.GUPTA, role: SYSADMIN, database: AT_RISK_ASSETS, schema: SENSOR_DATA, warehouse: AGENTIC_WH, proxy was not configured, password is provided, region: undefined, authenticator: SNOWFLAKE, ocsp mode: FAIL_OPEN, os: linux, os version: 6.8.0-106-generic"}
{"level":"INFO","message":"[12:38:59.328 PM]: Connection[id: f93636cd-416e-4f33-9792-07fac68af07a] additional details: passcode in password is provided, passcode is not provided, private key is not provided, application: undefined, client name: snowflake-sdk, client version: 2.3.4, retry timeout: 300, private key path: undefined, private key pass is not provided, client store temporary credential: false, browser response timeout: 120000"}
{"level":"INFO","message":"[12:38:59.329 PM]: Connection[id: f93636cd-416e-4f33-9792-07fac68af07a] - connection object created successfully."}
{"level":"INFO","message":"[12:39:11.383 PM]: Creating new connection object"}
{"level":"INFO","message":"[12:39:11.422 PM]: Creating Connection[id: bc6edfed-df05-4c91-8191-70863be56de9] with host: PTKKKYG-MZ22010.snowflakecomputing.com, account: PTKKKYG-MZ22010, accessUrl: https://PTKKKYG-MZ22010.snowflakecomputing.com, user: AYUSH.GUPTA, role: SYSADMIN, database: AT_RISK_ASSETS, schema: SENSOR_DATA, warehouse: AGENTIC_WH, proxy was not configured, password is provided, region: undefined, authenticator: SNOWFLAKE, ocsp mode: FAIL_OPEN, os: linux, os version: 6.8.0-106-generic"}
{"level":"INFO","message":"[12:39:11.425 PM]: Connection[id: bc6edfed-df05-4c91-8191-70863be56de9] additional details: passcode in password is provided, passcode is not provided, private key is not provided, application: undefined, client name: snowflake-sdk, client version: 2.3.4, retry timeout: 300, private key path: undefined, private key pass is not provided, client store temporary credential: false, browser response timeout: 120000"}
{"level":"INFO","message":"[12:39:11.427 PM]: Connection[id: bc6edfed-df05-4c91-8191-70863be56de9] - connection object created successfully."}
{"level":"INFO","message":"[12:40:22.012 PM]: Creating new connection object"}
{"level":"INFO","message":"[12:40:22.046 PM]: Creating Connection[id: cdfb7160-57ca-44b6-a7da-9cf4824bd8e3] with host: PTKKKYG-MZ22010.snowflakecomputing.com, account: PTKKKYG-MZ22010, accessUrl: https://PTKKKYG-MZ22010.snowflakecomputing.com, user: AYUSH.GUPTA, role: SYSADMIN, database: AT_RISK_ASSETS, schema: SENSOR_DATA, warehouse: AGENTIC_WH, proxy was not configured, password is provided, region: undefined, authenticator: SNOWFLAKE, ocsp mode: FAIL_OPEN, os: linux, os version: 6.8.0-106-generic"}
{"level":"INFO","message":"[12:40:22.049 PM]: Connection[id: cdfb7160-57ca-44b6-a7da-9cf4824bd8e3] additional details: passcode in password is provided, passcode is not provided, private key is not provided, application: undefined, client name: snowflake-sdk, client version: 2.3.4, retry timeout: 300, private key path: undefined, private key pass is not provided, client store temporary credential: false, browser response timeout: 120000"}
{"level":"INFO","message":"[12:40:22.051 PM]: Connection[id: cdfb7160-57ca-44b6-a7da-9cf4824bd8e3] - connection object created successfully."}
{"level":"INFO","message":"[12:40:43.670 PM]: Creating new connection object"}
{"level":"INFO","message":"[12:40:43.705 PM]: Creating Connection[id: d7dbe779-64b2-4434-89af-858328569b3c] with host: PTKKKYG-MZ22010.snowflakecomputing.com, account: PTKKKYG-MZ22010, accessUrl: https://PTKKKYG-MZ22010.snowflakecomputing.com, user: AYUSH.GUPTA, role: SYSADMIN, database: AT_RISK_ASSETS, schema: SENSOR_DATA, warehouse: AGENTIC_WH, proxy was not configured, password is provided, region: undefined, authenticator: SNOWFLAKE, ocsp mode: FAIL_OPEN, os: linux, os version: 6.8.0-106-generic"}
{"level":"INFO","message":"[12:40:43.708 PM]: Connection[id: d7dbe779-64b2-4434-89af-858328569b3c] additional details: passcode in password is provided, passcode is not provided, private key is not provided, application: undefined, client name: snowflake-sdk, client version: 2.3.4, retry timeout: 300, private key path: undefined, private key pass is not provided, client store temporary credential: false, browser response timeout: 120000"}
{"level":"INFO","message":"[12:40:43.710 PM]: Connection[id: d7dbe779-64b2-4434-89af-858328569b3c] - connection object created successfully."}
{"level":"INFO","message":"[12:54:02.771 PM]: Creating new connection object"}
{"level":"INFO","message":"[12:54:02.803 PM]: Creating Connection[id: 8e3eda0e-45f7-4765-97cc-a870fd86c781] with host: PTKKKYG-MZ22010.snowflakecomputing.com, account: PTKKKYG-MZ22010, accessUrl: https://PTKKKYG-MZ22010.snowflakecomputing.com, user: AYUSH.GUPTA, role: SYSADMIN, database: AT_RISK_ASSETS, schema: SENSOR_DATA, warehouse: AGENTIC_WH, proxy was not configured, password is provided, region: undefined, authenticator: SNOWFLAKE, ocsp mode: FAIL_OPEN, os: linux, os version: 6.8.0-106-generic"}
{"level":"INFO","message":"[12:54:02.806 PM]: Connection[id: 8e3eda0e-45f7-4765-97cc-a870fd86c781] additional details: passcode in password is provided, passcode is not provided, private key is not provided, application: undefined, client name: snowflake-sdk, client version: 2.3.4, retry timeout: 300, private key path: undefined, private key pass is not provided, client store temporary credential: false, browser response timeout: 120000"}
{"level":"INFO","message":"[12:54:02.807 PM]: Connection[id: 8e3eda0e-45f7-4765-97cc-a870fd86c781] - connection object created successfully."}
{"level":"INFO","message":"[1:08:54.371 PM]: Creating new connection object"}
{"level":"INFO","message":"[1:08:54.397 PM]: Creating Connection[id: f3cb7a5f-f091-4d37-b492-50f21a6846f8] with host: PTKKKYG-MZ22010.snowflakecomputing.com, account: PTKKKYG-MZ22010, accessUrl: https://PTKKKYG-MZ22010.snowflakecomputing.com, user: AYUSH.GUPTA, role: SYSADMIN, database: AT_RISK_ASSETS, schema: SENSOR_DATA, warehouse: AGENTIC_WH, proxy was not configured, password is provided, region: undefined, authenticator: SNOWFLAKE, ocsp mode: FAIL_OPEN, os: linux, os version: 6.8.0-106-generic"}
{"level":"INFO","message":"[1:08:54.399 PM]: Connection[id: f3cb7a5f-f091-4d37-b492-50f21a6846f8] additional details: passcode in password is provided, passcode is not provided, private key is not provided, application: undefined, client name: snowflake-sdk, client version: 2.3.4, retry timeout: 300, private key path: undefined, private key pass is not provided, client store temporary credential: false, browser response timeout: 120000"}
{"level":"INFO","message":"[1:08:54.400 PM]: Connection[id: f3cb7a5f-f091-4d37-b492-50f21a6846f8] - connection object created successfully."}
{"level":"INFO","message":"[1:11:27.868 PM]: Creating new connection object"}
{"level":"INFO","message":"[1:11:27.875 PM]: Creating Connection[id: 371f2f3d-8891-4d5e-93d6-a422ac2249cb] with host: PTKKKYG-MZ22010.snowflakecomputing.com, account: PTKKKYG-MZ22010, accessUrl: https://PTKKKYG-MZ22010.snowflakecomputing.com, user: AYUSH.GUPTA, role: SYSADMIN, database: AT_RISK_ASSETS, schema: SENSOR_DATA, warehouse: AGENTIC_WH, proxy was not configured, password is provided, region: undefined, authenticator: SNOWFLAKE, ocsp mode: FAIL_OPEN, os: linux, os version: 6.8.0-106-generic"}
{"level":"INFO","message":"[1:11:27.876 PM]: Connection[id: 371f2f3d-8891-4d5e-93d6-a422ac2249cb] additional details: passcode in password is provided, passcode is not provided, private key is not provided, application: undefined, client name: snowflake-sdk, client version: 2.3.4, retry timeout: 300, private key path: undefined, private key pass is not provided, client store temporary credential: false, browser response timeout: 120000"}
{"level":"INFO","message":"[1:11:27.877 PM]: Connection[id: 371f2f3d-8891-4d5e-93d6-a422ac2249cb] - connection object created successfully."}
{"level":"INFO","message":"[1:11:27.880 PM]: Connection[id: 371f2f3d-8891-4d5e-93d6-a422ac2249cb] - connecting. Associated Snowflake domain: GLOBAL"}
{"level":"INFO","message":"[1:11:27.884 PM]: Connection[id: 371f2f3d-8891-4d5e-93d6-a422ac2249cb] - authentication successful using: SNOWFLAKE"}
{"level":"INFO","message":"[1:11:27.887 PM]: Trying to initialize Easy Logging"}
{"level":"INFO","message":"[1:11:27.907 PM]: No client config detected."}
{"level":"INFO","message":"[1:11:27.908 PM]: No config file path found. Client config will not be used."}
{"level":"INFO","message":"[1:11:27.908 PM]: Easy Logging is disabled as no config has been found"}
{"level":"ERROR","message":"[1:11:31.662 PM]: Connection[id: 371f2f3d-8891-4d5e-93d6-a422ac2249cb] - connection failed after 3781.8 milliseconds. Error: Failed to authenticate: MFA with TOTP is required. To authenticate, provide both your password and a current TOTP passcode."}
{"level":"INFO","message":"[1:19:36.076 PM]: Creating new connection object"}
{"level":"INFO","message":"[1:19:36.110 PM]: Creating Connection[id: 2d19fc93-e648-4653-b4c7-be05cb26c36d] with host: PTKKKYG-MZ22010.snowflakecomputing.com, account: PTKKKYG-MZ22010, accessUrl: https://PTKKKYG-MZ22010.snowflakecomputing.com, user: AYUSH.GUPTA, role: SYSADMIN, database: AT_RISK_ASSETS, schema: SENSOR_DATA, warehouse: AGENTIC_WH, proxy was not configured, password is provided, region: undefined, authenticator: SNOWFLAKE, ocsp mode: FAIL_OPEN, os: linux, os version: 6.8.0-106-generic"}
{"level":"INFO","message":"[1:19:36.113 PM]: Connection[id: 2d19fc93-e648-4653-b4c7-be05cb26c36d] additional details: passcode in password is provided, passcode is not provided, private key is not provided, application: undefined, client name: snowflake-sdk, client version: 2.3.4, retry timeout: 300, private key path: undefined, private key pass is not provided, client store temporary credential: false, browser response timeout: 120000"}
{"level":"INFO","message":"[1:19:36.114 PM]: Connection[id: 2d19fc93-e648-4653-b4c7-be05cb26c36d] - connection object created successfully."}
{"level":"INFO","message":"[1:20:43.914 PM]: Creating new connection object"}
{"level":"INFO","message":"[1:20:43.920 PM]: Creating Connection[id: aed6e6ce-7795-47e8-a1b8-a0d4ed601548] with host: PTKKKYG-MZ22010.snowflakecomputing.com, account: PTKKKYG-MZ22010, accessUrl: https://PTKKKYG-MZ22010.snowflakecomputing.com, user: AYUSH.GUPTA, role: SYSADMIN, database: AT_RISK_ASSETS, schema: SENSOR_DATA, warehouse: AGENTIC_WH, proxy was not configured, password is provided, region: undefined, authenticator: SNOWFLAKE, ocsp mode: FAIL_OPEN, os: linux, os version: 6.8.0-106-generic"}
{"level":"INFO","message":"[1:20:43.922 PM]: Connection[id: aed6e6ce-7795-47e8-a1b8-a0d4ed601548] additional details: passcode in password is provided, passcode is not provided, private key is not provided, application: undefined, client name: snowflake-sdk, client version: 2.3.4, retry timeout: 300, private key path: undefined, private key pass is not provided, client store temporary credential: false, browser response timeout: 120000"}
{"level":"INFO","message":"[1:20:43.924 PM]: Connection[id: aed6e6ce-7795-47e8-a1b8-a0d4ed601548] - connection object created successfully."}
{"level":"INFO","message":"[1:20:43.926 PM]: Connection[id: aed6e6ce-7795-47e8-a1b8-a0d4ed601548] - connecting. Associated Snowflake domain: GLOBAL"}
{"level":"INFO","message":"[1:20:43.930 PM]: Connection[id: aed6e6ce-7795-47e8-a1b8-a0d4ed601548] - authentication successful using: SNOWFLAKE"}
{"level":"INFO","message":"[1:20:43.933 PM]: Trying to initialize Easy Logging"}
{"level":"INFO","message":"[1:20:43.954 PM]: No client config detected."}
{"level":"INFO","message":"[1:20:43.955 PM]: No config file path found. Client config will not be used."}
{"level":"INFO","message":"[1:20:43.956 PM]: Easy Logging is disabled as no config has been found"}
{"level":"ERROR","message":"[1:20:47.311 PM]: Connection[id: aed6e6ce-7795-47e8-a1b8-a0d4ed601548] - connection failed after 3384.97 milliseconds. Error: Failed to authenticate: MFA with TOTP is required. To authenticate, provide both your password and a current TOTP passcode."}
{"level":"INFO","message":"[1:24:11.221 PM]: Creating new connection object"}
{"level":"INFO","message":"[1:24:11.254 PM]: Creating Connection[id: e39adfdf-2425-41ab-a737-70eae4c2f79a] with host: PTKKKYG-MZ22010.snowflakecomputing.com, account: PTKKKYG-MZ22010, accessUrl: https://PTKKKYG-MZ22010.snowflakecomputing.com, user: AYUSH.GUPTA, role: SYSADMIN, database: AT_RISK_ASSETS, schema: SENSOR_DATA, warehouse: AGENTIC_WH, proxy was not configured, password is provided, region: undefined, authenticator: SNOWFLAKE, ocsp mode: FAIL_OPEN, os: linux, os version: 6.8.0-106-generic"}
{"level":"INFO","message":"[1:24:11.256 PM]: Connection[id: e39adfdf-2425-41ab-a737-70eae4c2f79a] additional details: passcode in password is provided, passcode is not provided, private key is not provided, application: undefined, client name: snowflake-sdk, client version: 2.3.4, retry timeout: 300, private key path: undefined, private key pass is not provided, client store temporary credential: false, browser response timeout: 120000"}
{"level":"INFO","message":"[1:24:11.258 PM]: Connection[id: e39adfdf-2425-41ab-a737-70eae4c2f79a] - connection object created successfully."}
{"level":"INFO","message":"[1:25:25.133 PM]: Creating new connection object"}
{"level":"INFO","message":"[1:25:25.139 PM]: Creating Connection[id: b186533e-21e7-45b6-8b14-77b2fe756ca6] with host: PTKKKYG-MZ22010.snowflakecomputing.com, account: PTKKKYG-MZ22010, accessUrl: https://PTKKKYG-MZ22010.snowflakecomputing.com, user: AYUSH.GUPTA, role: SYSADMIN, database: AT_RISK_ASSETS, schema: SENSOR_DATA, warehouse: AGENTIC_WH, proxy was not configured, password is provided, region: undefined, authenticator: SNOWFLAKE, ocsp mode: FAIL_OPEN, os: linux, os version: 6.8.0-106-generic"}
{"level":"INFO","message":"[1:25:25.140 PM]: Connection[id: b186533e-21e7-45b6-8b14-77b2fe756ca6] additional details: passcode in password is provided, passcode is not provided, private key is not provided, application: undefined, client name: snowflake-sdk, client version: 2.3.4, retry timeout: 300, private key path: undefined, private key pass is not provided, client store temporary credential: false, browser response timeout: 120000"}
{"level":"INFO","message":"[1:25:25.141 PM]: Connection[id: b186533e-21e7-45b6-8b14-77b2fe756ca6] - connection object created successfully."}
{"level":"INFO","message":"[1:25:25.143 PM]: Connection[id: b186533e-21e7-45b6-8b14-77b2fe756ca6] - connecting. Associated Snowflake domain: GLOBAL"}
{"level":"INFO","message":"[1:25:25.147 PM]: Connection[id: b186533e-21e7-45b6-8b14-77b2fe756ca6] - authentication successful using: SNOWFLAKE"}
{"level":"INFO","message":"[1:25:25.149 PM]: Trying to initialize Easy Logging"}
{"level":"INFO","message":"[1:25:25.170 PM]: No client config detected."}
{"level":"INFO","message":"[1:25:25.171 PM]: No config file path found. Client config will not be used."}
{"level":"INFO","message":"[1:25:25.172 PM]: Easy Logging is disabled as no config has been found"}
{"level":"ERROR","message":"[1:25:28.298 PM]: Connection[id: b186533e-21e7-45b6-8b14-77b2fe756ca6] - connection failed after 3154.95 milliseconds. Error: Failed to authenticate: MFA with TOTP is required. To authenticate, provide both your password and a current TOTP passcode."}
{"level":"INFO","message":"[1:27:14.066 PM]: Creating new connection object"}
{"level":"INFO","message":"[1:27:14.072 PM]: Creating Connection[id: 8b0cdaf1-5bb4-4dea-b774-2e7c80ac4e96] with host: PTKKKYG-MZ22010.snowflakecomputing.com, account: PTKKKYG-MZ22010, accessUrl: https://PTKKKYG-MZ22010.snowflakecomputing.com, user: AYUSH.GUPTA, role: SYSADMIN, database: AT_RISK_ASSETS, schema: SENSOR_DATA, warehouse: AGENTIC_WH, proxy was not configured, password is provided, region: undefined, authenticator: SNOWFLAKE, ocsp mode: FAIL_OPEN, os: linux, os version: 6.8.0-106-generic"}
{"level":"INFO","message":"[1:27:14.074 PM]: Connection[id: 8b0cdaf1-5bb4-4dea-b774-2e7c80ac4e96] additional details: passcode in password is provided, passcode is not provided, private key is not provided, application: undefined, client name: snowflake-sdk, client version: 2.3.4, retry timeout: 300, private key path: undefined, private key pass is not provided, client store temporary credential: false, browser response timeout: 120000"}
{"level":"INFO","message":"[1:27:14.075 PM]: Connection[id: 8b0cdaf1-5bb4-4dea-b774-2e7c80ac4e96] - connection object created successfully."}
{"level":"INFO","message":"[1:27:14.076 PM]: Connection[id: 8b0cdaf1-5bb4-4dea-b774-2e7c80ac4e96] - connecting. Associated Snowflake domain: GLOBAL"}
{"level":"INFO","message":"[1:27:14.077 PM]: Connection[id: 8b0cdaf1-5bb4-4dea-b774-2e7c80ac4e96] - authentication successful using: SNOWFLAKE"}
{"level":"ERROR","message":"[1:27:15.517 PM]: Connection[id: 8b0cdaf1-5bb4-4dea-b774-2e7c80ac4e96] - connection failed after 1441.71 milliseconds. Error: Failed to authenticate: MFA with TOTP is required. To authenticate, provide both your password and a current TOTP passcode."}
{"level":"INFO","message":"[1:28:28.863 PM]: Creating new connection object"}
{"level":"INFO","message":"[1:28:28.896 PM]: Creating Connection[id: 0c785363-13f4-4aee-bf50-fd0595907c08] with host: PTKKKYG-MZ22010.snowflakecomputing.com, account: PTKKKYG-MZ22010, accessUrl: https://PTKKKYG-MZ22010.snowflakecomputing.com, user: AYUSH.GUPTA, role: SYSADMIN, database: AT_RISK_ASSETS, schema: SENSOR_DATA, warehouse: AGENTIC_WH, proxy was not configured, password is provided, region: undefined, authenticator: SNOWFLAKE, ocsp mode: FAIL_OPEN, os: linux, os version: 6.8.0-106-generic"}
{"level":"INFO","message":"[1:28:28.899 PM]: Connection[id: 0c785363-13f4-4aee-bf50-fd0595907c08] additional details: passcode in password is provided, passcode is not provided, private key is not provided, application: undefined, client name: snowflake-sdk, client version: 2.3.4, retry timeout: 300, private key path: undefined, private key pass is not provided, client store temporary credential: false, browser response timeout: 120000"}
{"level":"INFO","message":"[1:28:28.900 PM]: Connection[id: 0c785363-13f4-4aee-bf50-fd0595907c08] - connection object created successfully."}
{"level":"INFO","message":"[1:29:34.898 PM]: Creating new connection object"}
{"level":"INFO","message":"[1:29:34.904 PM]: Creating Connection[id: bfb2abb8-592c-414c-9d3d-1d791edd3cd7] with host: PTKKKYG-MZ22010.snowflakecomputing.com, account: PTKKKYG-MZ22010, accessUrl: https://PTKKKYG-MZ22010.snowflakecomputing.com, user: AYUSH.GUPTA, role: SYSADMIN, database: AT_RISK_ASSETS, schema: SENSOR_DATA, warehouse: AGENTIC_WH, proxy was not configured, password is provided, region: undefined, authenticator: SNOWFLAKE, ocsp mode: FAIL_OPEN, os: linux, os version: 6.8.0-106-generic"}
{"level":"INFO","message":"[1:29:34.906 PM]: Connection[id: bfb2abb8-592c-414c-9d3d-1d791edd3cd7] additional details: passcode in password is provided, passcode is not provided, private key is not provided, application: undefined, client name: snowflake-sdk, client version: 2.3.4, retry timeout: 300, private key path: undefined, private key pass is not provided, client store temporary credential: false, browser response timeout: 120000"}
{"level":"INFO","message":"[1:29:34.908 PM]: Connection[id: bfb2abb8-592c-414c-9d3d-1d791edd3cd7] - connection object created successfully."}
{"level":"INFO","message":"[1:29:34.911 PM]: Connection[id: bfb2abb8-592c-414c-9d3d-1d791edd3cd7] - connecting. Associated Snowflake domain: GLOBAL"}
{"level":"INFO","message":"[1:29:34.916 PM]: Connection[id: bfb2abb8-592c-414c-9d3d-1d791edd3cd7] - authentication successful using: SNOWFLAKE"}
{"level":"INFO","message":"[1:29:34.918 PM]: Trying to initialize Easy Logging"}
{"level":"INFO","message":"[1:29:34.940 PM]: No client config detected."}
{"level":"INFO","message":"[1:29:34.941 PM]: No config file path found. Client config will not be used."}
{"level":"INFO","message":"[1:29:34.941 PM]: Easy Logging is disabled as no config has been found"}
{"level":"ERROR","message":"[1:29:38.219 PM]: Connection[id: bfb2abb8-592c-414c-9d3d-1d791edd3cd7] - connection failed after 3308.03 milliseconds. Error: Failed to authenticate: MFA with TOTP is required. To authenticate, provide both your password and a current TOTP passcode."}
{"level":"INFO","message":"[1:30:13.814 PM]: Creating new connection object"}
{"level":"INFO","message":"[1:30:13.818 PM]: Creating Connection[id: 9f266b41-196b-4a01-86f4-dedc480eb3ba] with host: PTKKKYG-MZ22010.snowflakecomputing.com, account: PTKKKYG-MZ22010, accessUrl: https://PTKKKYG-MZ22010.snowflakecomputing.com, user: AYUSH.GUPTA, role: SYSADMIN, database: AT_RISK_ASSETS, schema: SENSOR_DATA, warehouse: AGENTIC_WH, proxy was not configured, password is provided, region: undefined, authenticator: SNOWFLAKE, ocsp mode: FAIL_OPEN, os: linux, os version: 6.8.0-106-generic"}
{"level":"INFO","message":"[1:30:13.820 PM]: Connection[id: 9f266b41-196b-4a01-86f4-dedc480eb3ba] additional details: passcode in password is provided, passcode is not provided, private key is not provided, application: undefined, client name: snowflake-sdk, client version: 2.3.4, retry timeout: 300, private key path: undefined, private key pass is not provided, client store temporary credential: false, browser response timeout: 120000"}
{"level":"INFO","message":"[1:30:13.821 PM]: Connection[id: 9f266b41-196b-4a01-86f4-dedc480eb3ba] - connection object created successfully."}
{"level":"INFO","message":"[1:30:13.821 PM]: Connection[id: 9f266b41-196b-4a01-86f4-dedc480eb3ba] - connecting. Associated Snowflake domain: GLOBAL"}
{"level":"INFO","message":"[1:30:13.823 PM]: Connection[id: 9f266b41-196b-4a01-86f4-dedc480eb3ba] - authentication successful using: SNOWFLAKE"}
{"level":"ERROR","message":"[1:30:14.507 PM]: Connection[id: 9f266b41-196b-4a01-86f4-dedc480eb3ba] - connection failed after 685.3 milliseconds. Error: Failed to authenticate: MFA with TOTP is required. To authenticate, provide both your password and a current TOTP passcode."}
{"level":"INFO","message":"[2:47:32.829 PM]: Creating new connection object"}
{"level":"INFO","message":"[2:47:32.864 PM]: Creating Connection[id: ff8f8e05-a032-40b6-aa29-9fa027eb1869] with host: PTKKKYG-MZ22010.snowflakecomputing.com, account: PTKKKYG-MZ22010, accessUrl: https://PTKKKYG-MZ22010.snowflakecomputing.com, user: AYUSH.GUPTA, role: SYSADMIN, database: AT_RISK_ASSETS, schema: SENSOR_DATA, warehouse: AGENTIC_WH, proxy was not configured, password is provided, region: undefined, authenticator: SNOWFLAKE, ocsp mode: FAIL_OPEN, os: linux, os version: 6.8.0-106-generic"}
{"level":"INFO","message":"[2:47:32.866 PM]: Connection[id: ff8f8e05-a032-40b6-aa29-9fa027eb1869] additional details: passcode in password is provided, passcode is not provided, private key is not provided, application: undefined, client name: snowflake-sdk, client version: 2.3.4, retry timeout: 300, private key path: undefined, private key pass is not provided, client store temporary credential: false, browser response timeout: 120000"}
{"level":"INFO","message":"[2:47:32.868 PM]: Connection[id: ff8f8e05-a032-40b6-aa29-9fa027eb1869] - connection object created successfully."}
{"level":"INFO","message":"[2:50:31.856 PM]: Creating new connection object"}
{"level":"INFO","message":"[2:50:31.906 PM]: Creating Connection[id: 26bcb041-1663-4091-a4f3-68de202d6235] with host: PTKKKYG-MZ22010.snowflakecomputing.com, account: PTKKKYG-MZ22010, accessUrl: https://PTKKKYG-MZ22010.snowflakecomputing.com, user: AYUSH.GUPTA, role: SYSADMIN, database: AT_RISK_ASSETS, schema: SENSOR_DATA, warehouse: AGENTIC_WH, proxy was not configured, password is provided, region: undefined, authenticator: SNOWFLAKE, ocsp mode: FAIL_OPEN, os: linux, os version: 6.8.0-106-generic"}
{"level":"INFO","message":"[2:50:31.910 PM]: Connection[id: 26bcb041-1663-4091-a4f3-68de202d6235] additional details: passcode in password is provided, passcode is not provided, private key is not provided, application: undefined, client name: snowflake-sdk, client version: 2.3.4, retry timeout: 300, private key path: undefined, private key pass is not provided, client store temporary credential: false, browser response timeout: 120000"}
{"level":"INFO","message":"[2:50:31.912 PM]: Connection[id: 26bcb041-1663-4091-a4f3-68de202d6235] - connection object created successfully."}
{"level":"INFO","message":"[2:50:40.165 PM]: Creating new connection object"}
{"level":"INFO","message":"[2:50:40.196 PM]: Creating Connection[id: 9ce630af-6d83-4f2d-ad01-9b563ff4be8a] with host: PTKKKYG-MZ22010.snowflakecomputing.com, account: PTKKKYG-MZ22010, accessUrl: https://PTKKKYG-MZ22010.snowflakecomputing.com, user: AYUSH.GUPTA, role: SYSADMIN, database: AT_RISK_ASSETS, schema: SENSOR_DATA, warehouse: AGENTIC_WH, proxy was not configured, password is provided, region: undefined, authenticator: SNOWFLAKE, ocsp mode: FAIL_OPEN, os: linux, os version: 6.8.0-106-generic"}
{"level":"INFO","message":"[2:50:40.198 PM]: Connection[id: 9ce630af-6d83-4f2d-ad01-9b563ff4be8a] additional details: passcode in password is provided, passcode is not provided, private key is not provided, application: undefined, client name: snowflake-sdk, client version: 2.3.4, retry timeout: 300, private key path: undefined, private key pass is not provided, client store temporary credential: false, browser response timeout: 120000"}
{"level":"INFO","message":"[2:50:40.200 PM]: Connection[id: 9ce630af-6d83-4f2d-ad01-9b563ff4be8a] - connection object created successfully."}
{"level":"INFO","message":"[2:50:53.496 PM]: Creating new connection object"}
{"level":"INFO","message":"[2:50:53.551 PM]: Creating Connection[id: 338e58ee-a476-49b6-acb8-f281e925b5c9] with host: PTKKKYG-MZ22010.snowflakecomputing.com, account: PTKKKYG-MZ22010, accessUrl: https://PTKKKYG-MZ22010.snowflakecomputing.com, user: AYUSH.GUPTA, role: SYSADMIN, database: AT_RISK_ASSETS, schema: SENSOR_DATA, warehouse: AGENTIC_WH, proxy was not configured, password is provided, region: undefined, authenticator: SNOWFLAKE, ocsp mode: FAIL_OPEN, os: linux, os version: 6.8.0-106-generic"}
{"level":"INFO","message":"[2:50:53.555 PM]: Connection[id: 338e58ee-a476-49b6-acb8-f281e925b5c9] additional details: passcode in password is provided, passcode is not provided, private key is not provided, application: undefined, client name: snowflake-sdk, client version: 2.3.4, retry timeout: 300, private key path: undefined, private key pass is not provided, client store temporary credential: false, browser response timeout: 120000"}
{"level":"INFO","message":"[2:50:53.557 PM]: Connection[id: 338e58ee-a476-49b6-acb8-f281e925b5c9] - connection object created successfully."}
{"level":"INFO","message":"[2:52:21.445 PM]: Creating new connection object"}
{"level":"INFO","message":"[2:52:21.494 PM]: Creating Connection[id: 2ed7ad4d-be2b-439a-b4fa-c40064dcd105] with host: PTKKKYG-MZ22010.snowflakecomputing.com, account: PTKKKYG-MZ22010, accessUrl: https://PTKKKYG-MZ22010.snowflakecomputing.com, user: AYUSH.GUPTA, role: SYSADMIN, database: AT_RISK_ASSETS, schema: SENSOR_DATA, warehouse: AGENTIC_WH, proxy was not configured, password is provided, region: undefined, authenticator: SNOWFLAKE, ocsp mode: FAIL_OPEN, os: linux, os version: 6.8.0-106-generic"}
{"level":"INFO","message":"[2:52:21.498 PM]: Connection[id: 2ed7ad4d-be2b-439a-b4fa-c40064dcd105] additional details: passcode in password is provided, passcode is not provided, private key is not provided, application: undefined, client name: snowflake-sdk, client version: 2.3.4, retry timeout: 300, private key path: undefined, private key pass is not provided, client store temporary credential: false, browser response timeout: 120000"}
{"level":"INFO","message":"[2:52:21.500 PM]: Connection[id: 2ed7ad4d-be2b-439a-b4fa-c40064dcd105] - connection object created successfully."}
{"level":"INFO","message":"[2:54:13.351 PM]: Creating new connection object"}
{"level":"INFO","message":"[2:54:13.382 PM]: Creating Connection[id: dd5f9f64-db0e-401a-9ac2-4dc365ff3982] with host: PTKKKYG-MZ22010.snowflakecomputing.com, account: PTKKKYG-MZ22010, accessUrl: https://PTKKKYG-MZ22010.snowflakecomputing.com, user: AYUSH.GUPTA, role: SYSADMIN, database: AT_RISK_ASSETS, schema: SENSOR_DATA, warehouse: AGENTIC_WH, proxy was not configured, password is provided, region: undefined, authenticator: SNOWFLAKE, ocsp mode: FAIL_OPEN, os: linux, os version: 6.8.0-106-generic"}
{"level":"INFO","message":"[2:54:13.385 PM]: Connection[id: dd5f9f64-db0e-401a-9ac2-4dc365ff3982] additional details: passcode in password is provided, passcode is not provided, private key is not provided, application: undefined, client name: snowflake-sdk, client version: 2.3.4, retry timeout: 300, private key path: undefined, private key pass is not provided, client store temporary credential: false, browser response timeout: 120000"}
{"level":"INFO","message":"[2:54:13.386 PM]: Connection[id: dd5f9f64-db0e-401a-9ac2-4dc365ff3982] - connection object created successfully."}
{"level":"INFO","message":"[3:01:03.852 PM]: Creating new connection object"}
{"level":"INFO","message":"[3:01:03.879 PM]: Creating Connection[id: 4c4d458b-d1f0-4a19-afec-1365c4e91779] with host: PTKKKYG-MZ22010.snowflakecomputing.com, account: PTKKKYG-MZ22010, accessUrl: https://PTKKKYG-MZ22010.snowflakecomputing.com, user: AYUSH.GUPTA, role: SYSADMIN, database: AT_RISK_ASSETS, schema: SENSOR_DATA, warehouse: AGENTIC_WH, proxy was not configured, password is provided, region: undefined, authenticator: SNOWFLAKE, ocsp mode: FAIL_OPEN, os: linux, os version: 6.8.0-106-generic"}
{"level":"INFO","message":"[3:01:03.881 PM]: Connection[id: 4c4d458b-d1f0-4a19-afec-1365c4e91779] additional details: passcode in password is provided, passcode is not provided, private key is not provided, application: undefined, client name: snowflake-sdk, client version: 2.3.4, retry timeout: 300, private key path: undefined, private key pass is not provided, client store temporary credential: false, browser response timeout: 120000"}
{"level":"INFO","message":"[3:01:03.883 PM]: Connection[id: 4c4d458b-d1f0-4a19-afec-1365c4e91779] - connection object created successfully."}
{"level":"INFO","message":"[3:09:07.887 PM]: Creating new connection object"}
{"level":"INFO","message":"[3:09:07.912 PM]: Creating Connection[id: c47c254c-3e14-47cf-a45d-ce2cf08088a1] with host: PTKKKYG-MZ22010.snowflakecomputing.com, account: PTKKKYG-MZ22010, accessUrl: https://PTKKKYG-MZ22010.snowflakecomputing.com, user: AYUSH.GUPTA, role: SYSADMIN, database: AT_RISK_ASSETS, schema: SENSOR_DATA, warehouse: AGENTIC_WH, proxy was not configured, password is provided, region: undefined, authenticator: SNOWFLAKE, ocsp mode: FAIL_OPEN, os: linux, os version: 6.8.0-106-generic"}
{"level":"INFO","message":"[3:09:07.914 PM]: Connection[id: c47c254c-3e14-47cf-a45d-ce2cf08088a1] additional details: passcode in password is provided, passcode is not provided, private key is not provided, application: undefined, client name: snowflake-sdk, client version: 2.3.4, retry timeout: 300, private key path: undefined, private key pass is not provided, client store temporary credential: false, browser response timeout: 120000"}
{"level":"INFO","message":"[3:09:07.915 PM]: Connection[id: c47c254c-3e14-47cf-a45d-ce2cf08088a1] - connection object created successfully."}
{"level":"INFO","message":"[3:10:19.517 PM]: Creating new connection object"}
{"level":"INFO","message":"[3:10:19.548 PM]: Creating Connection[id: 7775fad9-ce40-4ea9-b2ab-1acb256d5e47] with host: PTKKKYG-MZ22010.snowflakecomputing.com, account: PTKKKYG-MZ22010, accessUrl: https://PTKKKYG-MZ22010.snowflakecomputing.com, user: AYUSH.GUPTA, role: SYSADMIN, database: AT_RISK_ASSETS, schema: SENSOR_DATA, warehouse: AGENTIC_WH, proxy was not configured, password is provided, region: undefined, authenticator: SNOWFLAKE, ocsp mode: FAIL_OPEN, os: linux, os version: 6.8.0-106-generic"}
{"level":"INFO","message":"[3:10:19.551 PM]: Connection[id: 7775fad9-ce40-4ea9-b2ab-1acb256d5e47] additional details: passcode in password is provided, passcode is not provided, private key is not provided, application: undefined, client name: snowflake-sdk, client version: 2.3.4, retry timeout: 300, private key path: undefined, private key pass is not provided, client store temporary credential: false, browser response timeout: 120000"}
{"level":"INFO","message":"[3:10:19.553 PM]: Connection[id: 7775fad9-ce40-4ea9-b2ab-1acb256d5e47] - connection object created successfully."}
{"level":"INFO","message":"[3:19:53.080 PM]: Creating new connection object"}
{"level":"INFO","message":"[3:19:53.107 PM]: Creating Connection[id: f8167ecb-5c28-4d70-9739-0162bb7a640f] with host: PTKKKYG-MZ22010.snowflakecomputing.com, account: PTKKKYG-MZ22010, accessUrl: https://PTKKKYG-MZ22010.snowflakecomputing.com, user: AYUSH.GUPTA, role: SYSADMIN, database: AT_RISK_ASSETS, schema: SENSOR_DATA, warehouse: AGENTIC_WH, proxy was not configured, password is provided, region: undefined, authenticator: SNOWFLAKE, ocsp mode: FAIL_OPEN, os: linux, os version: 6.8.0-106-generic"}
{"level":"INFO","message":"[3:19:53.109 PM]: Connection[id: f8167ecb-5c28-4d70-9739-0162bb7a640f] additional details: passcode in password is provided, passcode is not provided, private key is not provided, application: undefined, client name: snowflake-sdk, client version: 2.3.4, retry timeout: 300, private key path: undefined, private key pass is not provided, client store temporary credential: false, browser response timeout: 120000"}
{"level":"INFO","message":"[3:19:53.111 PM]: Connection[id: f8167ecb-5c28-4d70-9739-0162bb7a640f] - connection object created successfully."}
{"level":"INFO","message":"[3:21:58.301 PM]: Creating new connection object"}
{"level":"INFO","message":"[3:21:58.306 PM]: Creating Connection[id: 66f20b1f-e3ef-4b40-a375-23784bdaa6d3] with host: PTKKKYG-MZ22010.snowflakecomputing.com, account: PTKKKYG-MZ22010, accessUrl: https://PTKKKYG-MZ22010.snowflakecomputing.com, user: AYUSH.GUPTA, role: SYSADMIN, database: AT_RISK_ASSETS, schema: SENSOR_DATA, warehouse: AGENTIC_WH, proxy was not configured, password is provided, region: undefined, authenticator: SNOWFLAKE, ocsp mode: FAIL_OPEN, os: linux, os version: 6.8.0-106-generic"}
{"level":"INFO","message":"[3:21:58.307 PM]: Connection[id: 66f20b1f-e3ef-4b40-a375-23784bdaa6d3] additional details: passcode in password is provided, passcode is not provided, private key is not provided, application: undefined, client name: snowflake-sdk, client version: 2.3.4, retry timeout: 300, private key path: undefined, private key pass is not provided, client store temporary credential: false, browser response timeout: 120000"}
{"level":"INFO","message":"[3:21:58.309 PM]: Connection[id: 66f20b1f-e3ef-4b40-a375-23784bdaa6d3] - connection object created successfully."}
{"level":"INFO","message":"[3:21:58.311 PM]: Connection[id: 66f20b1f-e3ef-4b40-a375-23784bdaa6d3] - connecting. Associated Snowflake domain: GLOBAL"}
{"level":"INFO","message":"[3:21:58.314 PM]: Connection[id: 66f20b1f-e3ef-4b40-a375-23784bdaa6d3] - authentication successful using: SNOWFLAKE"}
{"level":"INFO","message":"[3:21:58.316 PM]: Trying to initialize Easy Logging"}
{"level":"INFO","message":"[3:21:58.350 PM]: No client config detected."}
{"level":"INFO","message":"[3:21:58.351 PM]: No config file path found. Client config will not be used."}
{"level":"INFO","message":"[3:21:58.351 PM]: Easy Logging is disabled as no config has been found"}
{"level":"ERROR","message":"[3:22:01.075 PM]: Connection[id: 66f20b1f-e3ef-4b40-a375-23784bdaa6d3] - connection failed after 2764.69 milliseconds. Error: Failed to authenticate: MFA with TOTP is required. To authenticate, provide both your password and a current TOTP passcode."}
{"level":"INFO","message":"[3:46:38.373 PM]: Creating new connection object"}
{"level":"INFO","message":"[3:46:38.409 PM]: Creating Connection[id: 6cd5c9ab-6be2-4a83-a640-fa9058ff1779] with host: PTKKKYG-MZ22010.snowflakecomputing.com, account: PTKKKYG-MZ22010, accessUrl: https://PTKKKYG-MZ22010.snowflakecomputing.com, user: AYUSH.GUPTA, role: SYSADMIN, database: AT_RISK_ASSETS, schema: SENSOR_DATA, warehouse: AGENTIC_WH, proxy was not configured, password is provided, region: undefined, authenticator: SNOWFLAKE, ocsp mode: FAIL_OPEN, os: linux, os version: 6.8.0-106-generic"}
{"level":"INFO","message":"[3:46:38.411 PM]: Connection[id: 6cd5c9ab-6be2-4a83-a640-fa9058ff1779] additional details: passcode in password is provided, passcode is not provided, private key is not provided, application: undefined, client name: snowflake-sdk, client version: 2.3.4, retry timeout: 300, private key path: undefined, private key pass is not provided, client store temporary credential: false, browser response timeout: 120000"}
{"level":"INFO","message":"[3:46:38.412 PM]: Connection[id: 6cd5c9ab-6be2-4a83-a640-fa9058ff1779] - connection object created successfully."}
{"level":"INFO","message":"[3:46:50.017 PM]: Creating new connection object"}
{"level":"INFO","message":"[3:46:50.057 PM]: Creating Connection[id: 3646aca9-c3b9-4b01-b9bc-9b5b84a21b2b] with host: PTKKKYG-MZ22010.snowflakecomputing.com, account: PTKKKYG-MZ22010, accessUrl: https://PTKKKYG-MZ22010.snowflakecomputing.com, user: AYUSH.GUPTA, role: SYSADMIN, database: AT_RISK_ASSETS, schema: SENSOR_DATA, warehouse: AGENTIC_WH, proxy was not configured, password is provided, region: undefined, authenticator: SNOWFLAKE, ocsp mode: FAIL_OPEN, os: linux, os version: 6.8.0-106-generic"}
{"level":"INFO","message":"[3:46:50.059 PM]: Connection[id: 3646aca9-c3b9-4b01-b9bc-9b5b84a21b2b] additional details: passcode in password is provided, passcode is not provided, private key is not provided, application: undefined, client name: snowflake-sdk, client version: 2.3.4, retry timeout: 300, private key path: undefined, private key pass is not provided, client store temporary credential: false, browser response timeout: 120000"}
{"level":"INFO","message":"[3:46:50.061 PM]: Connection[id: 3646aca9-c3b9-4b01-b9bc-9b5b84a21b2b] - connection object created successfully."}
{"level":"INFO","message":"[3:56:50.872 PM]: Creating new connection object"}
{"level":"INFO","message":"[3:56:50.903 PM]: Creating Connection[id: 501b8ab9-10eb-4d53-b414-8ee6f3a18124] with host: PTKKKYG-MZ22010.snowflakecomputing.com, account: PTKKKYG-MZ22010, accessUrl: https://PTKKKYG-MZ22010.snowflakecomputing.com, user: AYUSH.GUPTA, role: SYSADMIN, database: AT_RISK_ASSETS, schema: SENSOR_DATA, warehouse: AGENTIC_WH, proxy was not configured, password is provided, region: undefined, authenticator: SNOWFLAKE, ocsp mode: FAIL_OPEN, os: linux, os version: 6.8.0-106-generic"}
{"level":"INFO","message":"[3:56:50.905 PM]: Connection[id: 501b8ab9-10eb-4d53-b414-8ee6f3a18124] additional details: passcode in password is provided, passcode is not provided, private key is not provided, application: undefined, client name: snowflake-sdk, client version: 2.3.4, retry timeout: 300, private key path: undefined, private key pass is not provided, client store temporary credential: false, browser response timeout: 120000"}
{"level":"INFO","message":"[3:56:50.907 PM]: Connection[id: 501b8ab9-10eb-4d53-b414-8ee6f3a18124] - connection object created successfully."}
{"level":"INFO","message":"[3:59:12.232 PM]: Creating new connection object"}
{"level":"INFO","message":"[3:59:12.268 PM]: Creating Connection[id: 10626ae9-81e4-42e0-a412-7ac96eb48882] with host: PTKKKYG-MZ22010.snowflakecomputing.com, account: PTKKKYG-MZ22010, accessUrl: https://PTKKKYG-MZ22010.snowflakecomputing.com, user: AYUSH.GUPTA, role: SYSADMIN, database: AT_RISK_ASSETS, schema: SENSOR_DATA, warehouse: AGENTIC_WH, proxy was not configured, password is provided, region: undefined, authenticator: SNOWFLAKE, ocsp mode: FAIL_OPEN, os: linux, os version: 6.8.0-106-generic"}
{"level":"INFO","message":"[3:59:12.271 PM]: Connection[id: 10626ae9-81e4-42e0-a412-7ac96eb48882] additional details: passcode in password is provided, passcode is not provided, private key is not provided, application: undefined, client name: snowflake-sdk, client version: 2.3.4, retry timeout: 300, private key path: undefined, private key pass is not provided, client store temporary credential: false, browser response timeout: 120000"}
{"level":"INFO","message":"[3:59:12.272 PM]: Connection[id: 10626ae9-81e4-42e0-a412-7ac96eb48882] - connection object created successfully."}
{"level":"INFO","message":"[4:01:00.959 PM]: Creating new connection object"}
{"level":"INFO","message":"[4:01:00.992 PM]: Creating Connection[id: 66df8423-32f3-4a22-8e55-790456749877] with host: PTKKKYG-MZ22010.snowflakecomputing.com, account: PTKKKYG-MZ22010, accessUrl: https://PTKKKYG-MZ22010.snowflakecomputing.com, user: AYUSH.GUPTA, role: SYSADMIN, database: AT_RISK_ASSETS, schema: SENSOR_DATA, warehouse: AGENTIC_WH, proxy was not configured, password is provided, region: undefined, authenticator: SNOWFLAKE, ocsp mode: FAIL_OPEN, os: linux, os version: 6.8.0-106-generic"}
{"level":"INFO","message":"[4:01:00.995 PM]: Connection[id: 66df8423-32f3-4a22-8e55-790456749877] additional details: passcode in password is provided, passcode is not provided, private key is not provided, application: undefined, client name: snowflake-sdk, client version: 2.3.4, retry timeout: 300, private key path: undefined, private key pass is not provided, client store temporary credential: false, browser response timeout: 120000"}
{"level":"INFO","message":"[4:01:00.997 PM]: Connection[id: 66df8423-32f3-4a22-8e55-790456749877] - connection object created successfully."}
{"level":"INFO","message":"[4:05:59.654 PM]: Creating new connection object"}
{"level":"INFO","message":"[4:05:59.686 PM]: Creating Connection[id: 4275052e-522d-48fb-962c-a23d39ad840f] with host: PTKKKYG-MZ22010.snowflakecomputing.com, account: PTKKKYG-MZ22010, accessUrl: https://PTKKKYG-MZ22010.snowflakecomputing.com, user: AYUSH.GUPTA, role: SYSADMIN, database: AT_RISK_ASSETS, schema: SENSOR_DATA, warehouse: AGENTIC_WH, proxy was not configured, password is provided, region: undefined, authenticator: SNOWFLAKE, ocsp mode: FAIL_OPEN, os: linux, os version: 6.8.0-106-generic"}
{"level":"INFO","message":"[4:05:59.689 PM]: Connection[id: 4275052e-522d-48fb-962c-a23d39ad840f] additional details: passcode in password is provided, passcode is not provided, private key is not provided, application: undefined, client name: snowflake-sdk, client version: 2.3.4, retry timeout: 300, private key path: undefined, private key pass is not provided, client store temporary credential: false, browser response timeout: 120000"}
{"level":"INFO","message":"[4:05:59.690 PM]: Connection[id: 4275052e-522d-48fb-962c-a23d39ad840f] - connection object created successfully."}
{"level":"INFO","message":"[4:06:11.532 PM]: Creating new connection object"}
{"level":"INFO","message":"[4:06:11.567 PM]: Creating Connection[id: c0fbe10c-1f02-4a17-bdcf-81af91cb19f0] with host: PTKKKYG-MZ22010.snowflakecomputing.com, account: PTKKKYG-MZ22010, accessUrl: https://PTKKKYG-MZ22010.snowflakecomputing.com, user: AYUSH.GUPTA, role: SYSADMIN, database: AT_RISK_ASSETS, schema: SENSOR_DATA, warehouse: AGENTIC_WH, proxy was not configured, password is provided, region: undefined, authenticator: SNOWFLAKE, ocsp mode: FAIL_OPEN, os: linux, os version: 6.8.0-106-generic"}
{"level":"INFO","message":"[4:06:11.569 PM]: Connection[id: c0fbe10c-1f02-4a17-bdcf-81af91cb19f0] additional details: passcode in password is provided, passcode is not provided, private key is not provided, application: undefined, client name: snowflake-sdk, client version: 2.3.4, retry timeout: 300, private key path: undefined, private key pass is not provided, client store temporary credential: false, browser response timeout: 120000"}
{"level":"INFO","message":"[4:06:11.571 PM]: Connection[id: c0fbe10c-1f02-4a17-bdcf-81af91cb19f0] - connection object created successfully."}
{"level":"INFO","message":"[4:30:38.088 PM]: Creating new connection object"}
{"level":"INFO","message":"[4:30:38.125 PM]: Creating Connection[id: 982016b1-1d54-4952-8957-975e01482eea] with host: PTKKKYG-MZ22010.snowflakecomputing.com, account: PTKKKYG-MZ22010, accessUrl: https://PTKKKYG-MZ22010.snowflakecomputing.com, user: AYUSH.GUPTA, role: SYSADMIN, database: AT_RISK_ASSETS, schema: SENSOR_DATA, warehouse: AGENTIC_WH, proxy was not configured, password is provided, region: undefined, authenticator: SNOWFLAKE, ocsp mode: FAIL_OPEN, os: linux, os version: 6.8.0-106-generic"}
{"level":"INFO","message":"[4:30:38.128 PM]: Connection[id: 982016b1-1d54-4952-8957-975e01482eea] additional details: passcode in password is provided, passcode is not provided, private key is not provided, application: undefined, client name: snowflake-sdk, client version: 2.3.4, retry timeout: 300, private key path: undefined, private key pass is not provided, client store temporary credential: false, browser response timeout: 120000"}
{"level":"INFO","message":"[4:30:38.130 PM]: Connection[id: 982016b1-1d54-4952-8957-975e01482eea] - connection object created successfully."}
{"level":"INFO","message":"[4:30:58.769 PM]: Creating new connection object"}
{"level":"INFO","message":"[4:30:58.803 PM]: Creating Connection[id: 1e6b1b52-1100-416c-a7cb-2b50f6eca627] with host: PTKKKYG-MZ22010.snowflakecomputing.com, account: PTKKKYG-MZ22010, accessUrl: https://PTKKKYG-MZ22010.snowflakecomputing.com, user: AYUSH.GUPTA, role: SYSADMIN, database: AT_RISK_ASSETS, schema: SENSOR_DATA, warehouse: AGENTIC_WH, proxy was not configured, password is provided, region: undefined, authenticator: SNOWFLAKE, ocsp mode: FAIL_OPEN, os: linux, os version: 6.8.0-106-generic"}
{"level":"INFO","message":"[4:30:58.805 PM]: Connection[id: 1e6b1b52-1100-416c-a7cb-2b50f6eca627] additional details: passcode in password is provided, passcode is not provided, private key is not provided, application: undefined, client name: snowflake-sdk, client version: 2.3.4, retry timeout: 300, private key path: undefined, private key pass is not provided, client store temporary credential: false, browser response timeout: 120000"}
{"level":"INFO","message":"[4:30:58.807 PM]: Connection[id: 1e6b1b52-1100-416c-a7cb-2b50f6eca627] - connection object created successfully."}
{"level":"INFO","message":"[6:16:45.212 PM]: Creating new connection object"}
{"level":"INFO","message":"[6:16:45.243 PM]: Creating Connection[id: 7af51d4c-d170-4d3d-8b49-f4c079bbb378] with host: PTKKKYG-MZ22010.snowflakecomputing.com, account: PTKKKYG-MZ22010, accessUrl: https://PTKKKYG-MZ22010.snowflakecomputing.com, user: AYUSH.GUPTA, role: SYSADMIN, database: AT_RISK_ASSETS, schema: SENSOR_DATA, warehouse: AGENTIC_WH, proxy was not configured, password is provided, region: undefined, authenticator: SNOWFLAKE, ocsp mode: FAIL_OPEN, os: linux, os version: 6.8.0-106-generic"}
{"level":"INFO","message":"[6:16:45.245 PM]: Connection[id: 7af51d4c-d170-4d3d-8b49-f4c079bbb378] additional details: passcode in password is provided, passcode is not provided, private key is not provided, application: undefined, client name: snowflake-sdk, client version: 2.3.4, retry timeout: 300, private key path: undefined, private key pass is not provided, client store temporary credential: false, browser response timeout: 120000"}
{"level":"INFO","message":"[6:16:45.247 PM]: Connection[id: 7af51d4c-d170-4d3d-8b49-f4c079bbb378] - connection object created successfully."}
{"level":"INFO","message":"[6:17:47.759 PM]: Creating new connection object"}
{"level":"INFO","message":"[6:17:47.797 PM]: Creating Connection[id: 8d37ebba-197b-4495-afcd-e76c6c6320fa] with host: PTKKKYG-MZ22010.snowflakecomputing.com, account: PTKKKYG-MZ22010, accessUrl: https://PTKKKYG-MZ22010.snowflakecomputing.com, user: AYUSH.GUPTA, role: SYSADMIN, database: AT_RISK_ASSETS, schema: SENSOR_DATA, warehouse: AGENTIC_WH, proxy was not configured, password is provided, region: undefined, authenticator: SNOWFLAKE, ocsp mode: FAIL_OPEN, os: linux, os version: 6.8.0-106-generic"}
{"level":"INFO","message":"[6:17:47.799 PM]: Connection[id: 8d37ebba-197b-4495-afcd-e76c6c6320fa] additional details: passcode in password is provided, passcode is not provided, private key is not provided, application: undefined, client name: snowflake-sdk, client version: 2.3.4, retry timeout: 300, private key path: undefined, private key pass is not provided, client store temporary credential: false, browser response timeout: 120000"}
{"level":"INFO","message":"[6:17:47.801 PM]: Connection[id: 8d37ebba-197b-4495-afcd-e76c6c6320fa] - connection object created successfully."}
{"level":"INFO","message":"[6:22:47.285 PM]: Creating new connection object"}
{"level":"INFO","message":"[6:22:47.320 PM]: Creating Connection[id: ad3a6927-27f1-45d3-83ea-499fed864065] with host: PTKKKYG-MZ22010.snowflakecomputing.com, account: PTKKKYG-MZ22010, accessUrl: https://PTKKKYG-MZ22010.snowflakecomputing.com, user: AYUSH.GUPTA, role: SYSADMIN, database: AT_RISK_ASSETS, schema: SENSOR_DATA, warehouse: AGENTIC_WH, proxy was not configured, password is provided, region: undefined, authenticator: SNOWFLAKE, ocsp mode: FAIL_OPEN, os: linux, os version: 6.8.0-106-generic"}
{"level":"INFO","message":"[6:22:47.324 PM]: Connection[id: ad3a6927-27f1-45d3-83ea-499fed864065] additional details: passcode in password is provided, passcode is not provided, private key is not provided, application: undefined, client name: snowflake-sdk, client version: 2.3.4, retry timeout: 300, private key path: undefined, private key pass is not provided, client store temporary credential: false, browser response timeout: 120000"}
{"level":"INFO","message":"[6:22:47.326 PM]: Connection[id: ad3a6927-27f1-45d3-83ea-499fed864065] - connection object created successfully."}
{"level":"INFO","message":"[6:24:04.788 PM]: Creating new connection object"}
{"level":"INFO","message":"[6:24:04.820 PM]: Creating Connection[id: 7315cec6-36c1-42b9-be1c-538b3d049b65] with host: PTKKKYG-MZ22010.snowflakecomputing.com, account: PTKKKYG-MZ22010, accessUrl: https://PTKKKYG-MZ22010.snowflakecomputing.com, user: AYUSH.GUPTA, role: SYSADMIN, database: AT_RISK_ASSETS, schema: SENSOR_DATA, warehouse: AGENTIC_WH, proxy was not configured, password is provided, region: undefined, authenticator: SNOWFLAKE, ocsp mode: FAIL_OPEN, os: linux, os version: 6.8.0-106-generic"}
{"level":"INFO","message":"[6:24:04.823 PM]: Connection[id: 7315cec6-36c1-42b9-be1c-538b3d049b65] additional details: passcode in password is provided, passcode is not provided, private key is not provided, application: undefined, client name: snowflake-sdk, client version: 2.3.4, retry timeout: 300, private key path: undefined, private key pass is not provided, client store temporary credential: false, browser response timeout: 120000"}
{"level":"INFO","message":"[6:24:04.824 PM]: Connection[id: 7315cec6-36c1-42b9-be1c-538b3d049b65] - connection object created successfully."}
{"level":"INFO","message":"[6:28:42.348 PM]: Creating new connection object"}
{"level":"INFO","message":"[6:28:42.385 PM]: Creating Connection[id: 3fd30ae2-e54b-4da5-ab48-98de32e5f4f0] with host: PTKKKYG-MZ22010.snowflakecomputing.com, account: PTKKKYG-MZ22010, accessUrl: https://PTKKKYG-MZ22010.snowflakecomputing.com, user: AYUSH.GUPTA, role: SYSADMIN, database: AT_RISK_ASSETS, schema: SENSOR_DATA, warehouse: AGENTIC_WH, proxy was not configured, password is provided, region: undefined, authenticator: SNOWFLAKE, ocsp mode: FAIL_OPEN, os: linux, os version: 6.8.0-106-generic"}
{"level":"INFO","message":"[6:28:42.388 PM]: Connection[id: 3fd30ae2-e54b-4da5-ab48-98de32e5f4f0] additional details: passcode in password is provided, passcode is not provided, private key is not provided, application: undefined, client name: snowflake-sdk, client version: 2.3.4, retry timeout: 300, private key path: undefined, private key pass is not provided, client store temporary credential: false, browser response timeout: 120000"}
{"level":"INFO","message":"[6:28:42.390 PM]: Connection[id: 3fd30ae2-e54b-4da5-ab48-98de32e5f4f0] - connection object created successfully."}
{"level":"INFO","message":"[6:28:50.809 PM]: Creating new connection object"}
{"level":"INFO","message":"[6:28:50.836 PM]: Creating Connection[id: c8dc2d1a-3964-41f3-9555-d8ede775bd86] with host: PTKKKYG-MZ22010.snowflakecomputing.com, account: PTKKKYG-MZ22010, accessUrl: https://PTKKKYG-MZ22010.snowflakecomputing.com, user: AYUSH.GUPTA, role: SYSADMIN, database: AT_RISK_ASSETS, schema: SENSOR_DATA, warehouse: AGENTIC_WH, proxy was not configured, password is provided, region: undefined, authenticator: SNOWFLAKE, ocsp mode: FAIL_OPEN, os: linux, os version: 6.8.0-106-generic"}
{"level":"INFO","message":"[6:28:50.838 PM]: Connection[id: c8dc2d1a-3964-41f3-9555-d8ede775bd86] additional details: passcode in password is provided, passcode is not provided, private key is not provided, application: undefined, client name: snowflake-sdk, client version: 2.3.4, retry timeout: 300, private key path: undefined, private key pass is not provided, client store temporary credential: false, browser response timeout: 120000"}
{"level":"INFO","message":"[6:28:50.840 PM]: Connection[id: c8dc2d1a-3964-41f3-9555-d8ede775bd86] - connection object created successfully."}
{"level":"INFO","message":"[6:34:51.581 PM]: Creating new connection object"}
{"level":"INFO","message":"[6:34:51.615 PM]: Creating Connection[id: ffbdbbbb-b17f-4e3f-a0a6-fc618dec8d79] with host: PTKKKYG-MZ22010.snowflakecomputing.com, account: PTKKKYG-MZ22010, accessUrl: https://PTKKKYG-MZ22010.snowflakecomputing.com, user: AYUSH.GUPTA, role: SYSADMIN, database: AT_RISK_ASSETS, schema: SENSOR_DATA, warehouse: AGENTIC_WH, proxy was not configured, password is provided, region: undefined, authenticator: SNOWFLAKE, ocsp mode: FAIL_OPEN, os: linux, os version: 6.8.0-106-generic"}
{"level":"INFO","message":"[6:34:51.617 PM]: Connection[id: ffbdbbbb-b17f-4e3f-a0a6-fc618dec8d79] additional details: passcode in password is provided, passcode is not provided, private key is not provided, application: undefined, client name: snowflake-sdk, client version: 2.3.4, retry timeout: 300, private key path: undefined, private key pass is not provided, client store temporary credential: false, browser response timeout: 120000"}
{"level":"INFO","message":"[6:34:51.619 PM]: Connection[id: ffbdbbbb-b17f-4e3f-a0a6-fc618dec8d79] - connection object created successfully."}
{"level":"INFO","message":"[6:38:35.386 PM]: Creating new connection object"}
{"level":"INFO","message":"[6:38:35.392 PM]: Creating Connection[id: 697ada21-eddc-402a-9da6-72845f061cc9] with host: PTKKKYG-MZ22010.snowflakecomputing.com, account: PTKKKYG-MZ22010, accessUrl: https://PTKKKYG-MZ22010.snowflakecomputing.com, user: AYUSH.GUPTA, role: SYSADMIN, database: AT_RISK_ASSETS, schema: SENSOR_DATA, warehouse: AGENTIC_WH, proxy was not configured, password is provided, region: undefined, authenticator: SNOWFLAKE, ocsp mode: FAIL_OPEN, os: linux, os version: 6.8.0-106-generic"}
{"level":"INFO","message":"[6:38:35.393 PM]: Connection[id: 697ada21-eddc-402a-9da6-72845f061cc9] additional details: passcode in password is provided, passcode is not provided, private key is not provided, application: undefined, client name: snowflake-sdk, client version: 2.3.4, retry timeout: 300, private key path: undefined, private key pass is not provided, client store temporary credential: false, browser response timeout: 120000"}
{"level":"INFO","message":"[6:38:35.395 PM]: Connection[id: 697ada21-eddc-402a-9da6-72845f061cc9] - connection object created successfully."}
{"level":"INFO","message":"[6:38:35.397 PM]: Connection[id: 697ada21-eddc-402a-9da6-72845f061cc9] - connecting. Associated Snowflake domain: GLOBAL"}
{"level":"INFO","message":"[6:38:35.401 PM]: Connection[id: 697ada21-eddc-402a-9da6-72845f061cc9] - authentication successful using: SNOWFLAKE"}
{"level":"INFO","message":"[6:38:35.404 PM]: Trying to initialize Easy Logging"}
{"level":"INFO","message":"[6:38:35.432 PM]: No client config detected."}
{"level":"INFO","message":"[6:38:35.433 PM]: No config file path found. Client config will not be used."}
{"level":"INFO","message":"[6:38:35.433 PM]: Easy Logging is disabled as no config has been found"}
{"level":"ERROR","message":"[6:38:38.884 PM]: Connection[id: 697ada21-eddc-402a-9da6-72845f061cc9] - connection failed after 3486.79 milliseconds. Error: Failed to authenticate: MFA with TOTP is required. To authenticate, provide both your password and a current TOTP passcode."}
{"level":"INFO","message":"[6:38:58.608 PM]: Creating new connection object"}
{"level":"INFO","message":"[6:38:58.615 PM]: Creating Connection[id: 1fde7a8c-9c9c-474e-bd39-45581d338427] with host: PTKKKYG-MZ22010.snowflakecomputing.com, account: PTKKKYG-MZ22010, accessUrl: https://PTKKKYG-MZ22010.snowflakecomputing.com, user: AYUSH.GUPTA, role: SYSADMIN, database: AT_RISK_ASSETS, schema: SENSOR_DATA, warehouse: AGENTIC_WH, proxy was not configured, password is provided, region: undefined, authenticator: SNOWFLAKE, ocsp mode: FAIL_OPEN, os: linux, os version: 6.8.0-106-generic"}
{"level":"INFO","message":"[6:38:58.616 PM]: Connection[id: 1fde7a8c-9c9c-474e-bd39-45581d338427] additional details: passcode in password is provided, passcode is not provided, private key is not provided, application: undefined, client name: snowflake-sdk, client version: 2.3.4, retry timeout: 300, private key path: undefined, private key pass is not provided, client store temporary credential: false, browser response timeout: 120000"}
{"level":"INFO","message":"[6:38:58.617 PM]: Connection[id: 1fde7a8c-9c9c-474e-bd39-45581d338427] - connection object created successfully."}
{"level":"INFO","message":"[6:38:58.618 PM]: Connection[id: 1fde7a8c-9c9c-474e-bd39-45581d338427] - connecting. Associated Snowflake domain: GLOBAL"}
{"level":"INFO","message":"[6:38:58.621 PM]: Connection[id: 1fde7a8c-9c9c-474e-bd39-45581d338427] - authentication successful using: SNOWFLAKE"}
{"level":"ERROR","message":"[6:38:59.250 PM]: Connection[id: 1fde7a8c-9c9c-474e-bd39-45581d338427] - connection failed after 631.37 milliseconds. Error: Failed to authenticate: MFA with TOTP is required. To authenticate, provide both your password and a current TOTP passcode."}
{"level":"INFO","message":"[6:39:24.969 PM]: Creating new connection object"}
{"level":"INFO","message":"[6:39:24.973 PM]: Creating Connection[id: 3d6844e2-49f0-48c2-ab58-9ebc3dff5ebd] with host: PTKKKYG-MZ22010.snowflakecomputing.com, account: PTKKKYG-MZ22010, accessUrl: https://PTKKKYG-MZ22010.snowflakecomputing.com, user: AYUSH.GUPTA, role: SYSADMIN, database: AT_RISK_ASSETS, schema: SENSOR_DATA, warehouse: AGENTIC_WH, proxy was not configured, password is provided, region: undefined, authenticator: SNOWFLAKE, ocsp mode: FAIL_OPEN, os: linux, os version: 6.8.0-106-generic"}
{"level":"INFO","message":"[6:39:24.974 PM]: Connection[id: 3d6844e2-49f0-48c2-ab58-9ebc3dff5ebd] additional details: passcode in password is provided, passcode is not provided, private key is not provided, application: undefined, client name: snowflake-sdk, client version: 2.3.4, retry timeout: 300, private key path: undefined, private key pass is not provided, client store temporary credential: false, browser response timeout: 120000"}
{"level":"INFO","message":"[6:39:24.975 PM]: Connection[id: 3d6844e2-49f0-48c2-ab58-9ebc3dff5ebd] - connection object created successfully."}
{"level":"INFO","message":"[6:39:24.976 PM]: Connection[id: 3d6844e2-49f0-48c2-ab58-9ebc3dff5ebd] - connecting. Associated Snowflake domain: GLOBAL"}
{"level":"INFO","message":"[6:39:24.977 PM]: Connection[id: 3d6844e2-49f0-48c2-ab58-9ebc3dff5ebd] - authentication successful using: SNOWFLAKE"}
{"level":"ERROR","message":"[6:39:25.625 PM]: Connection[id: 3d6844e2-49f0-48c2-ab58-9ebc3dff5ebd] - connection failed after 649.43 milliseconds. Error: Failed to authenticate: MFA with TOTP is required. To authenticate, provide both your password and a current TOTP passcode."}
{"level":"INFO","message":"[6:44:26.314 PM]: Creating new connection object"}
{"level":"INFO","message":"[6:44:26.317 PM]: Creating Connection[id: d13a9647-8008-4138-8766-6e303b82e9ec] with host: PTKKKYG-MZ22010.snowflakecomputing.com, account: PTKKKYG-MZ22010, accessUrl: https://PTKKKYG-MZ22010.snowflakecomputing.com, user: AYUSH.GUPTA, role: SYSADMIN, database: AT_RISK_ASSETS, schema: SENSOR_DATA, warehouse: AGENTIC_WH, proxy was not configured, password is provided, region: undefined, authenticator: SNOWFLAKE, ocsp mode: FAIL_OPEN, os: linux, os version: 6.8.0-106-generic"}
{"level":"INFO","message":"[6:44:26.318 PM]: Connection[id: d13a9647-8008-4138-8766-6e303b82e9ec] additional details: passcode in password is provided, passcode is not provided, private key is not provided, application: undefined, client name: snowflake-sdk, client version: 2.3.4, retry timeout: 300, private key path: undefined, private key pass is not provided, client store temporary credential: false, browser response timeout: 120000"}
{"level":"INFO","message":"[6:44:26.318 PM]: Connection[id: d13a9647-8008-4138-8766-6e303b82e9ec] - connection object created successfully."}
{"level":"INFO","message":"[6:44:26.319 PM]: Connection[id: d13a9647-8008-4138-8766-6e303b82e9ec] - connecting. Associated Snowflake domain: GLOBAL"}
{"level":"INFO","message":"[6:44:26.320 PM]: Connection[id: d13a9647-8008-4138-8766-6e303b82e9ec] - authentication successful using: SNOWFLAKE"}
{"level":"ERROR","message":"[6:46:11.040 PM]: Connection[id: d13a9647-8008-4138-8766-6e303b82e9ec] - connection failed after 104721.04 milliseconds. Error: Failed to authenticate: MFA with TOTP is required. To authenticate, provide both your password and a current TOTP passcode."}
{"level":"INFO","message":"[6:48:18.050 PM]: Creating new connection object"}
{"level":"INFO","message":"[6:48:18.055 PM]: Creating Connection[id: b569836b-8819-46f5-b202-092eb194f273] with host: PTKKKYG-MZ22010.snowflakecomputing.com, account: PTKKKYG-MZ22010, accessUrl: https://PTKKKYG-MZ22010.snowflakecomputing.com, user: AYUSH.GUPTA, role: SYSADMIN, database: AT_RISK_ASSETS, schema: SENSOR_DATA, warehouse: AGENTIC_WH, proxy was not configured, password is provided, region: undefined, authenticator: SNOWFLAKE, ocsp mode: FAIL_OPEN, os: linux, os version: 6.8.0-106-generic"}
{"level":"INFO","message":"[6:48:18.060 PM]: Connection[id: b569836b-8819-46f5-b202-092eb194f273] additional details: passcode in password is provided, passcode is not provided, private key is not provided, application: undefined, client name: snowflake-sdk, client version: 2.3.4, retry timeout: 300, private key path: undefined, private key pass is not provided, client store temporary credential: false, browser response timeout: 120000"}
{"level":"INFO","message":"[6:48:18.062 PM]: Connection[id: b569836b-8819-46f5-b202-092eb194f273] - connection object created successfully."}
{"level":"INFO","message":"[6:48:18.067 PM]: Connection[id: b569836b-8819-46f5-b202-092eb194f273] - connecting. Associated Snowflake domain: GLOBAL"}
{"level":"INFO","message":"[6:48:18.069 PM]: Connection[id: b569836b-8819-46f5-b202-092eb194f273] - authentication successful using: SNOWFLAKE"}
{"level":"ERROR","message":"[6:48:18.751 PM]: Connection[id: b569836b-8819-46f5-b202-092eb194f273] - connection failed after 684.15 milliseconds. Error: Failed to authenticate: MFA with TOTP is required. To authenticate, provide both your password and a current TOTP passcode."}
{"level":"INFO","message":"[7:00:00.920 PM]: Creating new connection object"}
{"level":"INFO","message":"[7:00:00.955 PM]: Creating Connection[id: 8f529dd5-32b2-4ea0-87cf-4a82deda13ef] with host: PTKKKYG-MZ22010.snowflakecomputing.com, account: PTKKKYG-MZ22010, accessUrl: https://PTKKKYG-MZ22010.snowflakecomputing.com, user: AYUSH.GUPTA, role: SYSADMIN, database: AT_RISK_ASSETS, schema: SENSOR_DATA, warehouse: AGENTIC_WH, proxy was not configured, password is provided, region: undefined, authenticator: SNOWFLAKE, ocsp mode: FAIL_OPEN, os: linux, os version: 6.8.0-106-generic"}
{"level":"INFO","message":"[7:00:00.957 PM]: Connection[id: 8f529dd5-32b2-4ea0-87cf-4a82deda13ef] additional details: passcode in password is provided, passcode is not provided, private key is not provided, application: undefined, client name: snowflake-sdk, client version: 2.3.4, retry timeout: 300, private key path: undefined, private key pass is not provided, client store temporary credential: false, browser response timeout: 120000"}
{"level":"INFO","message":"[7:00:00.959 PM]: Connection[id: 8f529dd5-32b2-4ea0-87cf-4a82deda13ef] - connection object created successfully."}
{"level":"INFO","message":"[7:00:36.250 PM]: Creating new connection object"}
{"level":"INFO","message":"[7:00:36.308 PM]: Creating Connection[id: f7f5a167-5d31-4c55-9a3d-d557a6de64bb] with host: PTKKKYG-MZ22010.snowflakecomputing.com, account: PTKKKYG-MZ22010, accessUrl: https://PTKKKYG-MZ22010.snowflakecomputing.com, user: AYUSH.GUPTA, role: SYSADMIN, database: AT_RISK_ASSETS, schema: SENSOR_DATA, warehouse: AGENTIC_WH, proxy was not configured, password is provided, region: undefined, authenticator: SNOWFLAKE, ocsp mode: FAIL_OPEN, os: linux, os version: 6.8.0-106-generic"}
{"level":"INFO","message":"[7:00:36.313 PM]: Connection[id: f7f5a167-5d31-4c55-9a3d-d557a6de64bb] additional details: passcode in password is provided, passcode is not provided, private key is not provided, application: undefined, client name: snowflake-sdk, client version: 2.3.4, retry timeout: 300, private key path: undefined, private key pass is not provided, client store temporary credential: false, browser response timeout: 120000"}
{"level":"INFO","message":"[7:00:36.316 PM]: Connection[id: f7f5a167-5d31-4c55-9a3d-d557a6de64bb] - connection object created successfully."}
{"level":"INFO","message":"[7:02:38.900 PM]: Creating new connection object"}
{"level":"INFO","message":"[7:02:38.906 PM]: Creating Connection[id: 417c22b5-4d12-46cc-8959-2d1d773d226f] with host: PTKKKYG-MZ22010.snowflakecomputing.com, account: PTKKKYG-MZ22010, accessUrl: https://PTKKKYG-MZ22010.snowflakecomputing.com, user: AYUSH.GUPTA, role: SYSADMIN, database: AT_RISK_ASSETS, schema: SENSOR_DATA, warehouse: AGENTIC_WH, proxy was not configured, password is provided, region: undefined, authenticator: SNOWFLAKE, ocsp mode: FAIL_OPEN, os: linux, os version: 6.8.0-106-generic"}
{"level":"INFO","message":"[7:02:38.907 PM]: Connection[id: 417c22b5-4d12-46cc-8959-2d1d773d226f] additional details: passcode in password is provided, passcode is not provided, private key is not provided, application: undefined, client name: snowflake-sdk, client version: 2.3.4, retry timeout: 300, private key path: undefined, private key pass is not provided, client store temporary credential: false, browser response timeout: 120000"}
{"level":"INFO","message":"[7:02:38.908 PM]: Connection[id: 417c22b5-4d12-46cc-8959-2d1d773d226f] - connection object created successfully."}
{"level":"INFO","message":"[7:02:38.910 PM]: Connection[id: 417c22b5-4d12-46cc-8959-2d1d773d226f] - connecting. Associated Snowflake domain: GLOBAL"}
{"level":"INFO","message":"[7:02:38.913 PM]: Connection[id: 417c22b5-4d12-46cc-8959-2d1d773d226f] - authentication successful using: SNOWFLAKE"}
{"level":"INFO","message":"[7:02:38.918 PM]: Trying to initialize Easy Logging"}
{"level":"INFO","message":"[7:02:38.935 PM]: No client config detected."}
{"level":"INFO","message":"[7:02:38.937 PM]: No config file path found. Client config will not be used."}
{"level":"INFO","message":"[7:02:38.937 PM]: Easy Logging is disabled as no config has been found"}
{"level":"ERROR","message":"[7:02:52.835 PM]: Connection[id: 417c22b5-4d12-46cc-8959-2d1d773d226f] - connection failed after 13924.28 milliseconds. Error: Failed to authenticate: MFA with TOTP is required. To authenticate, provide both your password and a current TOTP passcode."}
{"level":"INFO","message":"[7:03:37.144 PM]: Creating new connection object"}
{"level":"INFO","message":"[7:03:37.148 PM]: Creating Connection[id: 3760a4ad-2b26-45b8-8235-4f6f96c86b6d] with host: PTKKKYG-MZ22010.snowflakecomputing.com, account: PTKKKYG-MZ22010, accessUrl: https://PTKKKYG-MZ22010.snowflakecomputing.com, user: AYUSH.GUPTA, role: SYSADMIN, database: AT_RISK_ASSETS, schema: SENSOR_DATA, warehouse: AGENTIC_WH, proxy was not configured, password is provided, region: undefined, authenticator: SNOWFLAKE, ocsp mode: FAIL_OPEN, os: linux, os version: 6.8.0-106-generic"}
{"level":"INFO","message":"[7:03:37.149 PM]: Connection[id: 3760a4ad-2b26-45b8-8235-4f6f96c86b6d] additional details: passcode in password is provided, passcode is not provided, private key is not provided, application: undefined, client name: snowflake-sdk, client version: 2.3.4, retry timeout: 300, private key path: undefined, private key pass is not provided, client store temporary credential: false, browser response timeout: 120000"}
{"level":"INFO","message":"[7:03:37.149 PM]: Connection[id: 3760a4ad-2b26-45b8-8235-4f6f96c86b6d] - connection object created successfully."}
{"level":"INFO","message":"[7:03:37.150 PM]: Connection[id: 3760a4ad-2b26-45b8-8235-4f6f96c86b6d] - connecting. Associated Snowflake domain: GLOBAL"}
{"level":"INFO","message":"[7:03:37.151 PM]: Connection[id: 3760a4ad-2b26-45b8-8235-4f6f96c86b6d] - authentication successful using: SNOWFLAKE"}
{"level":"ERROR","message":"[7:03:37.946 PM]: Connection[id: 3760a4ad-2b26-45b8-8235-4f6f96c86b6d] - connection failed after 795.41 milliseconds. Error: Failed to authenticate: MFA with TOTP is required. To authenticate, provide both your password and a current TOTP passcode."}
{"level":"INFO","message":"[7:04:10.367 PM]: Creating new connection object"}
{"level":"INFO","message":"[7:04:10.372 PM]: Creating Connection[id: 572061f0-db04-4934-afd6-90fce347cb1f] with host: PTKKKYG-MZ22010.snowflakecomputing.com, account: PTKKKYG-MZ22010, accessUrl: https://PTKKKYG-MZ22010.snowflakecomputing.com, user: AYUSH.GUPTA, role: SYSADMIN, database: AT_RISK_ASSETS, schema: SENSOR_DATA, warehouse: AGENTIC_WH, proxy was not configured, password is provided, region: undefined, authenticator: SNOWFLAKE, ocsp mode: FAIL_OPEN, os: linux, os version: 6.8.0-106-generic"}
{"level":"INFO","message":"[7:04:10.375 PM]: Connection[id: 572061f0-db04-4934-afd6-90fce347cb1f] additional details: passcode in password is provided, passcode is not provided, private key is not provided, application: undefined, client name: snowflake-sdk, client version: 2.3.4, retry timeout: 300, private key path: undefined, private key pass is not provided, client store temporary credential: false, browser response timeout: 120000"}
{"level":"INFO","message":"[7:04:10.377 PM]: Connection[id: 572061f0-db04-4934-afd6-90fce347cb1f] - connection object created successfully."}
{"level":"INFO","message":"[7:04:10.379 PM]: Connection[id: 572061f0-db04-4934-afd6-90fce347cb1f] - connecting. Associated Snowflake domain: GLOBAL"}
{"level":"INFO","message":"[7:04:10.384 PM]: Connection[id: 572061f0-db04-4934-afd6-90fce347cb1f] - authentication successful using: SNOWFLAKE"}
{"level":"ERROR","message":"[7:04:11.189 PM]: Connection[id: 572061f0-db04-4934-afd6-90fce347cb1f] - connection failed after 809.2 milliseconds. Error: Failed to authenticate: MFA with TOTP is required. To authenticate, provide both your password and a current TOTP passcode."}
{"level":"INFO","message":"[10:52:38.960 AM]: Creating new connection object"}
{"level":"INFO","message":"[10:52:38.994 AM]: Creating Connection[id: 4df60fcd-3f1c-4455-b5ec-0a5a621c6c57] with host: PTKKKYG-MZ22010.snowflakecomputing.com, account: PTKKKYG-MZ22010, accessUrl: https://PTKKKYG-MZ22010.snowflakecomputing.com, user: AYUSH.GUPTA, role: SYSADMIN, database: AT_RISK_ASSETS, schema: SENSOR_DATA, warehouse: AGENTIC_WH, proxy was not configured, password is provided, region: undefined, authenticator: SNOWFLAKE, ocsp mode: FAIL_OPEN, os: linux, os version: 6.8.0-106-generic"}
{"level":"INFO","message":"[10:52:38.996 AM]: Connection[id: 4df60fcd-3f1c-4455-b5ec-0a5a621c6c57] additional details: passcode in password is provided, passcode is not provided, private key is not provided, application: undefined, client name: snowflake-sdk, client version: 2.3.4, retry timeout: 300, private key path: undefined, private key pass is not provided, client store temporary credential: false, browser response timeout: 120000"}
{"level":"INFO","message":"[10:52:38.998 AM]: Connection[id: 4df60fcd-3f1c-4455-b5ec-0a5a621c6c57] - connection object created successfully."}
{"level":"INFO","message":"[10:57:41.773 AM]: Creating new connection object"}
{"level":"INFO","message":"[10:57:41.808 AM]: Creating Connection[id: a91beb79-02a4-4528-8931-3e4f5498b8bf] with host: PTKKKYG-MZ22010.snowflakecomputing.com, account: PTKKKYG-MZ22010, accessUrl: https://PTKKKYG-MZ22010.snowflakecomputing.com, user: AYUSH.GUPTA, role: SYSADMIN, database: AT_RISK_ASSETS, schema: SENSOR_DATA, warehouse: AGENTIC_WH, proxy was not configured, password is provided, region: undefined, authenticator: SNOWFLAKE, ocsp mode: FAIL_OPEN, os: linux, os version: 6.8.0-106-generic"}
{"level":"INFO","message":"[10:57:41.810 AM]: Connection[id: a91beb79-02a4-4528-8931-3e4f5498b8bf] additional details: passcode in password is provided, passcode is not provided, private key is not provided, application: undefined, client name: snowflake-sdk, client version: 2.3.4, retry timeout: 300, private key path: undefined, private key pass is not provided, client store temporary credential: false, browser response timeout: 120000"}
{"level":"INFO","message":"[10:57:41.812 AM]: Connection[id: a91beb79-02a4-4528-8931-3e4f5498b8bf] - connection object created successfully."}
{"level":"INFO","message":"[10:58:02.479 AM]: Creating new connection object"}
{"level":"INFO","message":"[10:58:02.510 AM]: Creating Connection[id: 622359df-f741-4500-8190-347a344ba17a] with host: PTKKKYG-MZ22010.snowflakecomputing.com, account: PTKKKYG-MZ22010, accessUrl: https://PTKKKYG-MZ22010.snowflakecomputing.com, user: AYUSH.GUPTA, role: SYSADMIN, database: AT_RISK_ASSETS, schema: SENSOR_DATA, warehouse: AGENTIC_WH, proxy was not configured, password is provided, region: undefined, authenticator: SNOWFLAKE, ocsp mode: FAIL_OPEN, os: linux, os version: 6.8.0-106-generic"}
{"level":"INFO","message":"[10:58:02.513 AM]: Connection[id: 622359df-f741-4500-8190-347a344ba17a] additional details: passcode in password is provided, passcode is not provided, private key is not provided, application: undefined, client name: snowflake-sdk, client version: 2.3.4, retry timeout: 300, private key path: undefined, private key pass is not provided, client store temporary credential: false, browser response timeout: 120000"}
{"level":"INFO","message":"[10:58:02.514 AM]: Connection[id: 622359df-f741-4500-8190-347a344ba17a] - connection object created successfully."}
{"level":"INFO","message":"[11:05:57.945 AM]: Creating new connection object"}
{"level":"INFO","message":"[11:05:57.984 AM]: Creating Connection[id: 77d43e77-c9ed-4bc4-b795-c00baa7d6447] with host: PTKKKYG-MZ22010.snowflakecomputing.com, account: PTKKKYG-MZ22010, accessUrl: https://PTKKKYG-MZ22010.snowflakecomputing.com, user: AYUSH.GUPTA, role: SYSADMIN, database: AT_RISK_ASSETS, schema: SENSOR_DATA, warehouse: AGENTIC_WH, proxy was not configured, password is provided, region: undefined, authenticator: SNOWFLAKE, ocsp mode: FAIL_OPEN, os: linux, os version: 6.8.0-106-generic"}
{"level":"INFO","message":"[11:05:57.987 AM]: Connection[id: 77d43e77-c9ed-4bc4-b795-c00baa7d6447] additional details: passcode in password is provided, passcode is not provided, private key is not provided, application: undefined, client name: snowflake-sdk, client version: 2.3.4, retry timeout: 300, private key path: undefined, private key pass is not provided, client store temporary credential: false, browser response timeout: 120000"}
{"level":"INFO","message":"[11:05:57.990 AM]: Connection[id: 77d43e77-c9ed-4bc4-b795-c00baa7d6447] - connection object created successfully."}
{"level":"INFO","message":"[11:08:10.839 AM]: Creating new connection object"}
{"level":"INFO","message":"[11:08:10.869 AM]: Creating Connection[id: 567999f8-0c05-40b5-b38d-d326e214e12e] with host: PTKKKYG-MZ22010.snowflakecomputing.com, account: PTKKKYG-MZ22010, accessUrl: https://PTKKKYG-MZ22010.snowflakecomputing.com, user: AYUSH.GUPTA, role: SYSADMIN, database: AT_RISK_ASSETS, schema: SENSOR_DATA, warehouse: AGENTIC_WH, proxy was not configured, password is provided, region: undefined, authenticator: SNOWFLAKE, ocsp mode: FAIL_OPEN, os: linux, os version: 6.8.0-106-generic"}
{"level":"INFO","message":"[11:08:10.872 AM]: Connection[id: 567999f8-0c05-40b5-b38d-d326e214e12e] additional details: passcode in password is provided, passcode is not provided, private key is not provided, application: undefined, client name: snowflake-sdk, client version: 2.3.4, retry timeout: 300, private key path: undefined, private key pass is not provided, client store temporary credential: false, browser response timeout: 120000"}
{"level":"INFO","message":"[11:08:10.874 AM]: Connection[id: 567999f8-0c05-40b5-b38d-d326e214e12e] - connection object created successfully."}
{"level":"INFO","message":"[11:16:41.729 AM]: Creating new connection object"}
{"level":"INFO","message":"[11:16:41.776 AM]: Creating Connection[id: 2c4d58b9-0752-4f98-b2ce-9cd1e3c7bb97] with host: PTKKKYG-MZ22010.snowflakecomputing.com, account: PTKKKYG-MZ22010, accessUrl: https://PTKKKYG-MZ22010.snowflakecomputing.com, user: AYUSH.GUPTA, role: SYSADMIN, database: AT_RISK_ASSETS, schema: SENSOR_DATA, warehouse: AGENTIC_WH, proxy was not configured, password is provided, region: undefined, authenticator: SNOWFLAKE, ocsp mode: FAIL_OPEN, os: linux, os version: 6.8.0-106-generic"}
{"level":"INFO","message":"[11:16:41.780 AM]: Connection[id: 2c4d58b9-0752-4f98-b2ce-9cd1e3c7bb97] additional details: passcode in password is provided, passcode is not provided, private key is not provided, application: undefined, client name: snowflake-sdk, client version: 2.3.4, retry timeout: 300, private key path: undefined, private key pass is not provided, client store temporary credential: false, browser response timeout: 120000"}
{"level":"INFO","message":"[11:16:41.782 AM]: Connection[id: 2c4d58b9-0752-4f98-b2ce-9cd1e3c7bb97] - connection object created successfully."}
{"level":"INFO","message":"[11:21:48.861 AM]: Creating new connection object"}
{"level":"INFO","message":"[11:21:48.894 AM]: Creating Connection[id: 91c03aac-22c7-43a8-97b3-4f0a9fd0765c] with host: PTKKKYG-MZ22010.snowflakecomputing.com, account: PTKKKYG-MZ22010, accessUrl: https://PTKKKYG-MZ22010.snowflakecomputing.com, user: AYUSH.GUPTA, role: SYSADMIN, database: AT_RISK_ASSETS, schema: SENSOR_DATA, warehouse: AGENTIC_WH, proxy was not configured, password is provided, region: undefined, authenticator: SNOWFLAKE, ocsp mode: FAIL_OPEN, os: linux, os version: 6.8.0-106-generic"}
{"level":"INFO","message":"[11:21:48.897 AM]: Connection[id: 91c03aac-22c7-43a8-97b3-4f0a9fd0765c] additional details: passcode in password is provided, passcode is not provided, private key is not provided, application: undefined, client name: snowflake-sdk, client version: 2.3.4, retry timeout: 300, private key path: undefined, private key pass is not provided, client store temporary credential: false, browser response timeout: 120000"}
{"level":"INFO","message":"[11:21:48.898 AM]: Connection[id: 91c03aac-22c7-43a8-97b3-4f0a9fd0765c] - connection object created successfully."}
{"level":"INFO","message":"[11:23:23.014 AM]: Creating new connection object"}
{"level":"INFO","message":"[11:23:23.049 AM]: Creating Connection[id: 356a7f58-f97a-41f0-a9bc-36240270680c] with host: PTKKKYG-MZ22010.snowflakecomputing.com, account: PTKKKYG-MZ22010, accessUrl: https://PTKKKYG-MZ22010.snowflakecomputing.com, user: AYUSH.GUPTA, role: SYSADMIN, database: AT_RISK_ASSETS, schema: SENSOR_DATA, warehouse: AGENTIC_WH, proxy was not configured, password is provided, region: undefined, authenticator: SNOWFLAKE, ocsp mode: FAIL_OPEN, os: linux, os version: 6.8.0-106-generic"}
{"level":"INFO","message":"[11:23:23.051 AM]: Connection[id: 356a7f58-f97a-41f0-a9bc-36240270680c] additional details: passcode in password is provided, passcode is not provided, private key is not provided, application: undefined, client name: snowflake-sdk, client version: 2.3.4, retry timeout: 300, private key path: undefined, private key pass is not provided, client store temporary credential: false, browser response timeout: 120000"}
{"level":"INFO","message":"[11:23:23.053 AM]: Connection[id: 356a7f58-f97a-41f0-a9bc-36240270680c] - connection object created successfully."}
{"level":"INFO","message":"[11:32:12.858 AM]: Creating new connection object"}
{"level":"INFO","message":"[11:32:12.897 AM]: Creating Connection[id: 07a26c05-69cd-4266-8054-4106505f4e5f] with host: PTKKKYG-MZ22010.snowflakecomputing.com, account: PTKKKYG-MZ22010, accessUrl: https://PTKKKYG-MZ22010.snowflakecomputing.com, user: AYUSH.GUPTA, role: SYSADMIN, database: AT_RISK_ASSETS, schema: SENSOR_DATA, warehouse: AGENTIC_WH, proxy was not configured, password is provided, region: undefined, authenticator: SNOWFLAKE, ocsp mode: FAIL_OPEN, os: linux, os version: 6.8.0-106-generic"}
{"level":"INFO","message":"[11:32:12.899 AM]: Connection[id: 07a26c05-69cd-4266-8054-4106505f4e5f] additional details: passcode in password is provided, passcode is not provided, private key is not provided, application: undefined, client name: snowflake-sdk, client version: 2.3.4, retry timeout: 300, private key path: undefined, private key pass is not provided, client store temporary credential: false, browser response timeout: 120000"}
{"level":"INFO","message":"[11:32:12.901 AM]: Connection[id: 07a26c05-69cd-4266-8054-4106505f4e5f] - connection object created successfully."}
{"level":"INFO","message":"[11:34:58.452 AM]: Creating new connection object"}
{"level":"INFO","message":"[11:34:58.484 AM]: Creating Connection[id: 52e58ccb-9b23-48ff-a34a-abc448530007] with host: PTKKKYG-MZ22010.snowflakecomputing.com, account: PTKKKYG-MZ22010, accessUrl: https://PTKKKYG-MZ22010.snowflakecomputing.com, user: AYUSH.GUPTA, role: SYSADMIN, database: AT_RISK_ASSETS, schema: SENSOR_DATA, warehouse: AGENTIC_WH, proxy was not configured, password is provided, region: undefined, authenticator: SNOWFLAKE, ocsp mode: FAIL_OPEN, os: linux, os version: 6.8.0-106-generic"}
{"level":"INFO","message":"[11:34:58.487 AM]: Connection[id: 52e58ccb-9b23-48ff-a34a-abc448530007] additional details: passcode in password is provided, passcode is not provided, private key is not provided, application: undefined, client name: snowflake-sdk, client version: 2.3.4, retry timeout: 300, private key path: undefined, private key pass is not provided, client store temporary credential: false, browser response timeout: 120000"}
{"level":"INFO","message":"[11:34:58.488 AM]: Connection[id: 52e58ccb-9b23-48ff-a34a-abc448530007] - connection object created successfully."}
{"level":"INFO","message":"[11:35:56.019 AM]: Creating new connection object"}
{"level":"INFO","message":"[11:35:56.053 AM]: Creating Connection[id: af70a60c-ee6b-4838-9638-2e4d049a8b8e] with host: PTKKKYG-MZ22010.snowflakecomputing.com, account: PTKKKYG-MZ22010, accessUrl: https://PTKKKYG-MZ22010.snowflakecomputing.com, user: AYUSH.GUPTA, role: SYSADMIN, database: AT_RISK_ASSETS, schema: SENSOR_DATA, warehouse: AGENTIC_WH, proxy was not configured, password is provided, region: undefined, authenticator: SNOWFLAKE, ocsp mode: FAIL_OPEN, os: linux, os version: 6.8.0-106-generic"}
{"level":"INFO","message":"[11:35:56.055 AM]: Connection[id: af70a60c-ee6b-4838-9638-2e4d049a8b8e] additional details: passcode in password is provided, passcode is not provided, private key is not provided, application: undefined, client name: snowflake-sdk, client version: 2.3.4, retry timeout: 300, private key path: undefined, private key pass is not provided, client store temporary credential: false, browser response timeout: 120000"}
{"level":"INFO","message":"[11:35:56.057 AM]: Connection[id: af70a60c-ee6b-4838-9638-2e4d049a8b8e] - connection object created successfully."}
{"level":"INFO","message":"[12:02:54.970 PM]: Creating new connection object"}
{"level":"INFO","message":"[12:02:55.009 PM]: Creating Connection[id: 3e3069c3-4259-45a7-850e-8497e84e34e0] with host: PTKKKYG-MZ22010.snowflakecomputing.com, account: PTKKKYG-MZ22010, accessUrl: https://PTKKKYG-MZ22010.snowflakecomputing.com, user: AYUSH.GUPTA, role: SYSADMIN, database: AT_RISK_ASSETS, schema: SENSOR_DATA, warehouse: AGENTIC_WH, proxy was not configured, password is provided, region: undefined, authenticator: SNOWFLAKE, ocsp mode: FAIL_OPEN, os: linux, os version: 6.8.0-106-generic"}
{"level":"INFO","message":"[12:02:55.012 PM]: Connection[id: 3e3069c3-4259-45a7-850e-8497e84e34e0] additional details: passcode in password is provided, passcode is not provided, private key is not provided, application: undefined, client name: snowflake-sdk, client version: 2.3.4, retry timeout: 300, private key path: undefined, private key pass is not provided, client store temporary credential: false, browser response timeout: 120000"}
{"level":"INFO","message":"[12:02:55.014 PM]: Connection[id: 3e3069c3-4259-45a7-850e-8497e84e34e0] - connection object created successfully."}
{"level":"INFO","message":"[12:03:03.872 PM]: Creating new connection object"}
{"level":"INFO","message":"[12:03:03.938 PM]: Creating Connection[id: 879e05d5-7224-4665-a068-dd620905dccd] with host: PTKKKYG-MZ22010.snowflakecomputing.com, account: PTKKKYG-MZ22010, accessUrl: https://PTKKKYG-MZ22010.snowflakecomputing.com, user: AYUSH.GUPTA, role: SYSADMIN, database: AT_RISK_ASSETS, schema: SENSOR_DATA, warehouse: AGENTIC_WH, proxy was not configured, password is provided, region: undefined, authenticator: SNOWFLAKE, ocsp mode: FAIL_OPEN, os: linux, os version: 6.8.0-106-generic"}
{"level":"INFO","message":"[12:03:03.944 PM]: Connection[id: 879e05d5-7224-4665-a068-dd620905dccd] additional details: passcode in password is provided, passcode is not provided, private key is not provided, application: undefined, client name: snowflake-sdk, client version: 2.3.4, retry timeout: 300, private key path: undefined, private key pass is not provided, client store temporary credential: false, browser response timeout: 120000"}
{"level":"INFO","message":"[12:03:03.951 PM]: Connection[id: 879e05d5-7224-4665-a068-dd620905dccd] - connection object created successfully."}
{"level":"INFO","message":"[12:03:11.378 PM]: Creating new connection object"}
{"level":"INFO","message":"[12:03:11.419 PM]: Creating Connection[id: 611790c3-09d3-4705-9910-6ebf0c79b3f0] with host: PTKKKYG-MZ22010.snowflakecomputing.com, account: PTKKKYG-MZ22010, accessUrl: https://PTKKKYG-MZ22010.snowflakecomputing.com, user: AYUSH.GUPTA, role: SYSADMIN, database: AT_RISK_ASSETS, schema: SENSOR_DATA, warehouse: AGENTIC_WH, proxy was not configured, password is provided, region: undefined, authenticator: SNOWFLAKE, ocsp mode: FAIL_OPEN, os: linux, os version: 6.8.0-106-generic"}
{"level":"INFO","message":"[12:03:11.422 PM]: Connection[id: 611790c3-09d3-4705-9910-6ebf0c79b3f0] additional details: passcode in password is provided, passcode is not provided, private key is not provided, application: undefined, client name: snowflake-sdk, client version: 2.3.4, retry timeout: 300, private key path: undefined, private key pass is not provided, client store temporary credential: false, browser response timeout: 120000"}
{"level":"INFO","message":"[12:03:11.424 PM]: Connection[id: 611790c3-09d3-4705-9910-6ebf0c79b3f0] - connection object created successfully."}
{"level":"INFO","message":"[12:03:30.689 PM]: Creating new connection object"}
{"level":"INFO","message":"[12:03:30.719 PM]: Creating Connection[id: b260b7f3-7ec3-42d0-a670-639862882ce4] with host: PTKKKYG-MZ22010.snowflakecomputing.com, account: PTKKKYG-MZ22010, accessUrl: https://PTKKKYG-MZ22010.snowflakecomputing.com, user: AYUSH.GUPTA, role: SYSADMIN, database: AT_RISK_ASSETS, schema: SENSOR_DATA, warehouse: AGENTIC_WH, proxy was not configured, password is provided, region: undefined, authenticator: SNOWFLAKE, ocsp mode: FAIL_OPEN, os: linux, os version: 6.8.0-106-generic"}
{"level":"INFO","message":"[12:03:30.722 PM]: Connection[id: b260b7f3-7ec3-42d0-a670-639862882ce4] additional details: passcode in password is provided, passcode is not provided, private key is not provided, application: undefined, client name: snowflake-sdk, client version: 2.3.4, retry timeout: 300, private key path: undefined, private key pass is not provided, client store temporary credential: false, browser response timeout: 120000"}
{"level":"INFO","message":"[12:03:30.723 PM]: Connection[id: b260b7f3-7ec3-42d0-a670-639862882ce4] - connection object created successfully."}
{"level":"INFO","message":"[12:04:36.938 PM]: Creating new connection object"}
{"level":"INFO","message":"[12:04:36.973 PM]: Creating Connection[id: ac375eb6-46a5-4f4c-aa78-cc67c29ca70d] with host: PTKKKYG-MZ22010.snowflakecomputing.com, account: PTKKKYG-MZ22010, accessUrl: https://PTKKKYG-MZ22010.snowflakecomputing.com, user: AYUSH.GUPTA, role: SYSADMIN, database: AT_RISK_ASSETS, schema: SENSOR_DATA, warehouse: AGENTIC_WH, proxy was not configured, password is provided, region: undefined, authenticator: SNOWFLAKE, ocsp mode: FAIL_OPEN, os: linux, os version: 6.8.0-106-generic"}
{"level":"INFO","message":"[12:04:36.976 PM]: Connection[id: ac375eb6-46a5-4f4c-aa78-cc67c29ca70d] additional details: passcode in password is provided, passcode is not provided, private key is not provided, application: undefined, client name: snowflake-sdk, client version: 2.3.4, retry timeout: 300, private key path: undefined, private key pass is not provided, client store temporary credential: false, browser response timeout: 120000"}
{"level":"INFO","message":"[12:04:36.977 PM]: Connection[id: ac375eb6-46a5-4f4c-aa78-cc67c29ca70d] - connection object created successfully."}
{"level":"INFO","message":"[12:06:22.205 PM]: Creating new connection object"}
{"level":"INFO","message":"[12:06:22.267 PM]: Creating Connection[id: cb44ea36-34ef-47e7-b8f3-5ee955e795c6] with host: PTKKKYG-MZ22010.snowflakecomputing.com, account: PTKKKYG-MZ22010, accessUrl: https://PTKKKYG-MZ22010.snowflakecomputing.com, user: AYUSH.GUPTA, role: SYSADMIN, database: AT_RISK_ASSETS, schema: SENSOR_DATA, warehouse: AGENTIC_WH, proxy was not configured, password is provided, region: undefined, authenticator: SNOWFLAKE, ocsp mode: FAIL_OPEN, os: linux, os version: 6.8.0-106-generic"}
{"level":"INFO","message":"[12:06:22.272 PM]: Connection[id: cb44ea36-34ef-47e7-b8f3-5ee955e795c6] additional details: passcode in password is provided, passcode is not provided, private key is not provided, application: undefined, client name: snowflake-sdk, client version: 2.3.4, retry timeout: 300, private key path: undefined, private key pass is not provided, client store temporary credential: false, browser response timeout: 120000"}
{"level":"INFO","message":"[12:06:22.275 PM]: Connection[id: cb44ea36-34ef-47e7-b8f3-5ee955e795c6] - connection object created successfully."}
{"level":"INFO","message":"[3:27:27.719 PM]: Creating new connection object"}
{"level":"INFO","message":"[3:27:27.755 PM]: Creating Connection[id: 06ab6210-dd8e-4d77-b256-3ad3bf24679f] with host: PTKKKYG-MZ22010.snowflakecomputing.com, account: PTKKKYG-MZ22010, accessUrl: https://PTKKKYG-MZ22010.snowflakecomputing.com, user: AYUSH.GUPTA, role: SYSADMIN, database: AT_RISK_ASSETS, schema: SENSOR_DATA, warehouse: AGENTIC_WH, proxy was not configured, password is provided, region: undefined, authenticator: SNOWFLAKE, ocsp mode: FAIL_OPEN, os: linux, os version: 6.8.0-106-generic"}
{"level":"INFO","message":"[3:27:27.758 PM]: Connection[id: 06ab6210-dd8e-4d77-b256-3ad3bf24679f] additional details: passcode in password is provided, passcode is not provided, private key is not provided, application: undefined, client name: snowflake-sdk, client version: 2.3.4, retry timeout: 300, private key path: undefined, private key pass is not provided, client store temporary credential: false, browser response timeout: 120000"}
{"level":"INFO","message":"[3:27:27.759 PM]: Connection[id: 06ab6210-dd8e-4d77-b256-3ad3bf24679f] - connection object created successfully."}
{"level":"INFO","message":"[3:33:11.560 PM]: Creating new connection object"}
{"level":"INFO","message":"[3:33:11.591 PM]: Creating Connection[id: 27549553-3bc6-4f79-b56f-162cde487b2c] with host: PTKKKYG-MZ22010.snowflakecomputing.com, account: PTKKKYG-MZ22010, accessUrl: https://PTKKKYG-MZ22010.snowflakecomputing.com, user: AYUSH.GUPTA, role: SYSADMIN, database: AT_RISK_ASSETS, schema: SENSOR_DATA, warehouse: AGENTIC_WH, proxy was not configured, password is provided, region: undefined, authenticator: SNOWFLAKE, ocsp mode: FAIL_OPEN, os: linux, os version: 6.8.0-106-generic"}
{"level":"INFO","message":"[3:33:11.594 PM]: Connection[id: 27549553-3bc6-4f79-b56f-162cde487b2c] additional details: passcode in password is provided, passcode is not provided, private key is not provided, application: undefined, client name: snowflake-sdk, client version: 2.3.4, retry timeout: 300, private key path: undefined, private key pass is not provided, client store temporary credential: false, browser response timeout: 120000"}
{"level":"INFO","message":"[3:33:11.596 PM]: Connection[id: 27549553-3bc6-4f79-b56f-162cde487b2c] - connection object created successfully."}
{"level":"INFO","message":"[3:38:22.492 PM]: Creating new connection object"}
{"level":"INFO","message":"[3:38:22.541 PM]: Creating Connection[id: bb05fc5e-e593-4447-ac1f-62a7032641b9] with host: PTKKKYG-MZ22010.snowflakecomputing.com, account: PTKKKYG-MZ22010, accessUrl: https://PTKKKYG-MZ22010.snowflakecomputing.com, user: AYUSH.GUPTA, role: SYSADMIN, database: AT_RISK_ASSETS, schema: SENSOR_DATA, warehouse: AGENTIC_WH, proxy was not configured, password is provided, region: undefined, authenticator: SNOWFLAKE, ocsp mode: FAIL_OPEN, os: linux, os version: 6.8.0-106-generic"}
{"level":"INFO","message":"[3:38:22.545 PM]: Connection[id: bb05fc5e-e593-4447-ac1f-62a7032641b9] additional details: passcode in password is provided, passcode is not provided, private key is not provided, application: undefined, client name: snowflake-sdk, client version: 2.3.4, retry timeout: 300, private key path: undefined, private key pass is not provided, client store temporary credential: false, browser response timeout: 120000"}
{"level":"INFO","message":"[3:38:22.547 PM]: Connection[id: bb05fc5e-e593-4447-ac1f-62a7032641b9] - connection object created successfully."}
{"level":"INFO","message":"[3:38:31.637 PM]: Creating new connection object"}
{"level":"INFO","message":"[3:38:31.665 PM]: Creating Connection[id: 9be1b460-7765-4b2e-86f4-0ffe076544ba] with host: PTKKKYG-MZ22010.snowflakecomputing.com, account: PTKKKYG-MZ22010, accessUrl: https://PTKKKYG-MZ22010.snowflakecomputing.com, user: AYUSH.GUPTA, role: SYSADMIN, database: AT_RISK_ASSETS, schema: SENSOR_DATA, warehouse: AGENTIC_WH, proxy was not configured, password is provided, region: undefined, authenticator: SNOWFLAKE, ocsp mode: FAIL_OPEN, os: linux, os version: 6.8.0-106-generic"}
{"level":"INFO","message":"[3:38:31.667 PM]: Connection[id: 9be1b460-7765-4b2e-86f4-0ffe076544ba] additional details: passcode in password is provided, passcode is not provided, private key is not provided, application: undefined, client name: snowflake-sdk, client version: 2.3.4, retry timeout: 300, private key path: undefined, private key pass is not provided, client store temporary credential: false, browser response timeout: 120000"}
{"level":"INFO","message":"[3:38:31.668 PM]: Connection[id: 9be1b460-7765-4b2e-86f4-0ffe076544ba] - connection object created successfully."}
{"level":"INFO","message":"[6:07:19.880 PM]: Creating new connection object"}
{"level":"INFO","message":"[6:07:19.889 PM]: Creating Connection[id: 0bcb2d43-2611-47ba-88e5-dc97c3422445] with host: PTKKKYG-MZ22010.snowflakecomputing.com, account: PTKKKYG-MZ22010, accessUrl: https://PTKKKYG-MZ22010.snowflakecomputing.com, user: AYUSH.GUPTA, role: SYSADMIN, database: AT_RISK_ASSETS, schema: SENSOR_DATA, warehouse: AGENTIC_WH, proxy was not configured, password is provided, region: undefined, authenticator: SNOWFLAKE, ocsp mode: FAIL_OPEN, os: linux, os version: 6.17.0-14-generic"}
{"level":"INFO","message":"[6:07:19.890 PM]: Connection[id: 0bcb2d43-2611-47ba-88e5-dc97c3422445] additional details: passcode in password is provided, passcode is not provided, private key is not provided, application: undefined, client name: snowflake-sdk, client version: 2.3.4, retry timeout: 300, private key path: undefined, private key pass is not provided, client store temporary credential: false, browser response timeout: 120000"}
{"level":"INFO","message":"[6:07:19.890 PM]: Connection[id: 0bcb2d43-2611-47ba-88e5-dc97c3422445] - connection object created successfully."}
