2026-03-11 18:22:24 [ERROR]: Error in getAllSuggestions: The specified method is not allowed against this resource.
2026-03-11 18:22:24 [ERROR]: The specified method is not allowed against this resource.
2026-03-11 18:23:04 [ERROR]: Error in getAllSuggestions: The specified method is not allowed against this resource.
2026-03-11 18:23:04 [ERROR]: The specified method is not allowed against this resource.
2026-03-11 18:30:06 [ERROR]: Error in getAllSuggestions: The specified method is not allowed against this resource.
2026-03-11 18:30:06 [ERROR]: The specified method is not allowed against this resource.
2026-03-11 18:31:16 [ERROR]: Error in getAllSuggestions: The specified method is not allowed against this resource.
2026-03-11 18:31:16 [ERROR]: The specified method is not allowed against this resource.
2026-03-11 18:31:40 [ERROR]: Error in getAllSuggestions: The specified method is not allowed against this resource.
2026-03-11 18:31:40 [ERROR]: The specified method is not allowed against this resource.
2026-03-11 18:31:44 [ERROR]: Error in getAllSuggestions: The specified method is not allowed against this resource.
2026-03-11 18:31:44 [ERROR]: The specified method is not allowed against this resource.
2026-03-11 18:32:09 [ERROR]: Error in getAllSuggestions: The specified method is not allowed against this resource.
2026-03-11 18:32:09 [ERROR]: The specified method is not allowed against this resource.
2026-03-11 18:44:02 [ERROR]: Athena Execution Error: Queries of this type are not supported
2026-03-12 12:37:03 [ERROR]: Error in askAboutOperation: Question is required
2026-03-12 12:37:03 [ERROR]: Question is required
2026-03-12 13:12:14 [ERROR]: Error in createWorkItem: 
Invalid `prisma.operation_actions.upsert()` invocation in
/home/ashishranjan/Videos/latest-EA-backend-withmodel 1/latest-EA-backend-withmodel/src/modules/industrial-data/operational-recommendations/controllers/operational-recommendations.controller.ts:348:53

  345   throw new AppError('Operation suggestion not found', 404);
  346 }
  347 
→ 348 const action = await prisma.operation_actions.upsert(
Foreign key constraint failed on the field: `operation_actions_id_fkey (index)`
2026-03-12 13:12:14 [ERROR]: 
Invalid `prisma.operation_actions.upsert()` invocation in
/home/ashishranjan/Videos/latest-EA-backend-withmodel 1/latest-EA-backend-withmodel/src/modules/industrial-data/operational-recommendations/controllers/operational-recommendations.controller.ts:348:53

  345   throw new AppError('Operation suggestion not found', 404);
  346 }
  347 
→ 348 const action = await prisma.operation_actions.upsert(
Foreign key constraint failed on the field: `operation_actions_id_fkey (index)`
2026-03-12 13:19:47 [ERROR]: Athena Query Failed: FAILED: SemanticException [Error 10001]: Table not found operation_actions
2026-03-12 13:19:47 [ERROR]: Athena Execution Error: Athena Query Failed: FAILED: SemanticException [Error 10001]: Table not found operation_actions
2026-03-12 13:26:04 [ERROR]: Athena Query Failed: FAILED: SemanticException [Error 10001]: Table not found operation_actions
2026-03-12 13:26:04 [ERROR]: Athena Execution Error: Athena Query Failed: FAILED: SemanticException [Error 10001]: Table not found operation_actions
2026-03-12 13:26:41 [ERROR]: Athena Query Failed: FAILED: SemanticException [Error 10001]: Table not found operation_actions
2026-03-12 13:26:41 [ERROR]: Athena Execution Error: Athena Query Failed: FAILED: SemanticException [Error 10001]: Table not found operation_actions
2026-03-12 17:46:46 [ERROR]: Athena Query Failed: FAILED: SemanticException [Error 10001]: Table not found operation_actions
2026-03-12 17:46:46 [ERROR]: Athena Execution Error: Athena Query Failed: FAILED: SemanticException [Error 10001]: Table not found operation_actions
2026-03-16 14:59:29 [ERROR]: Error in takeAction: Anomaly review not found
2026-03-16 14:59:29 [ERROR]: Anomaly review not found
2026-03-16 15:07:36 [ERROR]: Error in createWorkItem: Operation suggestion not found
2026-03-16 15:07:36 [ERROR]: Operation suggestion not found
2026-03-16 15:26:27 [ERROR]: Error in updateStatus (S3): Anomaly review not found in Athena
2026-03-16 15:26:27 [ERROR]: Anomaly review not found in Athena
2026-03-16 15:27:01 [ERROR]: Error in updateStatus (S3): Anomaly review not found in Athena
2026-03-16 15:27:01 [ERROR]: Anomaly review not found in Athena
2026-03-16 15:28:25 [ERROR]: Athena Query Failed: COLUMN_NOT_FOUND: line 2:65: Column 'updated_at' cannot be resolved or requester is not authorized to access requested resources
2026-03-16 15:28:25 [ERROR]: Athena Execution Error: Athena Query Failed: COLUMN_NOT_FOUND: line 2:65: Column 'updated_at' cannot be resolved or requester is not authorized to access requested resources
2026-03-16 15:28:25 [ERROR]: Error in getAnomalyReviews: Athena Query Failed: COLUMN_NOT_FOUND: line 2:65: Column 'updated_at' cannot be resolved or requester is not authorized to access requested resources
2026-03-16 15:28:25 [ERROR]: Athena Query Failed: COLUMN_NOT_FOUND: line 2:65: Column 'updated_at' cannot be resolved or requester is not authorized to access requested resources
2026-03-16 15:29:12 [ERROR]: Athena Query Failed: COLUMN_NOT_FOUND: line 2:65: Column 'updated_at' cannot be resolved or requester is not authorized to access requested resources
2026-03-16 15:29:12 [ERROR]: Athena Execution Error: Athena Query Failed: COLUMN_NOT_FOUND: line 2:65: Column 'updated_at' cannot be resolved or requester is not authorized to access requested resources
2026-03-16 15:29:12 [ERROR]: Error in getAnomalyReviews: Athena Query Failed: COLUMN_NOT_FOUND: line 2:65: Column 'updated_at' cannot be resolved or requester is not authorized to access requested resources
2026-03-16 15:29:12 [ERROR]: Athena Query Failed: COLUMN_NOT_FOUND: line 2:65: Column 'updated_at' cannot be resolved or requester is not authorized to access requested resources
2026-03-16 15:33:23 [ERROR]: Error in updateStatus (S3): Anomaly review not found in Athena
2026-03-16 15:33:23 [ERROR]: Anomaly review not found in Athena
2026-03-16 15:51:10 [ERROR]: Error updating anomaly review in-place:
2026-03-16 15:51:10 [ERROR]: Error in updateStatus (S3):
2026-03-16 15:51:10 [ERROR]: undefined
2026-03-16 15:54:18 [ERROR]: Error updating anomaly review in-place:
2026-03-16 15:54:18 [ERROR]: Error in updateStatus (S3):
2026-03-16 15:54:18 [ERROR]: undefined
2026-03-16 15:57:14 [ERROR]: [UpdateInPlace] CRITICAL FAILURE: invalid parquet version
2026-03-16 15:57:14 [ERROR]: Error in updateStatus (S3):
2026-03-16 15:57:14 [ERROR]: undefined
2026-03-16 16:01:00 [ERROR]: Athena Execution Error: Queries of this type are not supported
2026-03-17 12:46:30 [ERROR]: Athena Query Failed: HIVE_BAD_DATA: Malformed Parquet file. Field confidence_percent's type BINARY in parquet file s3://agentic-energy-ml-models-200937443240/147a92b9-f90a-473d-b443-e6e668c4fbb7/detections/operations/run_ts=20260316T075933Z/operations_recommendations.parquet is incompatible with type double defined in table schema [s3://agentic-energy-ml-models-200937443240/147a92b9-f90a-473d-b443-e6e668c4fbb7/detections/operations/run_ts=20260316T075933Z/operations_recommendations.parquet]
2026-03-17 12:46:30 [ERROR]: Athena Execution Error: Athena Query Failed: HIVE_BAD_DATA: Malformed Parquet file. Field confidence_percent's type BINARY in parquet file s3://agentic-energy-ml-models-200937443240/147a92b9-f90a-473d-b443-e6e668c4fbb7/detections/operations/run_ts=20260316T075933Z/operations_recommendations.parquet is incompatible with type double defined in table schema [s3://agentic-energy-ml-models-200937443240/147a92b9-f90a-473d-b443-e6e668c4fbb7/detections/operations/run_ts=20260316T075933Z/operations_recommendations.parquet]
2026-03-17 12:46:30 [ERROR]: Error in getAllSuggestions: Athena Query Failed: HIVE_BAD_DATA: Malformed Parquet file. Field confidence_percent's type BINARY in parquet file s3://agentic-energy-ml-models-200937443240/147a92b9-f90a-473d-b443-e6e668c4fbb7/detections/operations/run_ts=20260316T075933Z/operations_recommendations.parquet is incompatible with type double defined in table schema [s3://agentic-energy-ml-models-200937443240/147a92b9-f90a-473d-b443-e6e668c4fbb7/detections/operations/run_ts=20260316T075933Z/operations_recommendations.parquet]
2026-03-17 12:46:30 [ERROR]: Athena Query Failed: HIVE_BAD_DATA: Malformed Parquet file. Field confidence_percent's type BINARY in parquet file s3://agentic-energy-ml-models-200937443240/147a92b9-f90a-473d-b443-e6e668c4fbb7/detections/operations/run_ts=20260316T075933Z/operations_recommendations.parquet is incompatible with type double defined in table schema [s3://agentic-energy-ml-models-200937443240/147a92b9-f90a-473d-b443-e6e668c4fbb7/detections/operations/run_ts=20260316T075933Z/operations_recommendations.parquet]
2026-03-17 12:49:28 [ERROR]: Athena Query Failed: HIVE_BAD_DATA: Malformed Parquet file. Field impact_value's type DOUBLE in parquet file s3://agentic-energy-ml-models-200937443240/147a92b9-f90a-473d-b443-e6e668c4fbb7/detections/anomaly_review/run_ts=20260316T074644Z/anomaly_reviews.parquet is incompatible with type varchar defined in table schema [s3://agentic-energy-ml-models-200937443240/147a92b9-f90a-473d-b443-e6e668c4fbb7/detections/anomaly_review/run_ts=20260316T074644Z/anomaly_reviews.parquet]
2026-03-17 12:49:28 [ERROR]: Athena Execution Error: Athena Query Failed: HIVE_BAD_DATA: Malformed Parquet file. Field impact_value's type DOUBLE in parquet file s3://agentic-energy-ml-models-200937443240/147a92b9-f90a-473d-b443-e6e668c4fbb7/detections/anomaly_review/run_ts=20260316T074644Z/anomaly_reviews.parquet is incompatible with type varchar defined in table schema [s3://agentic-energy-ml-models-200937443240/147a92b9-f90a-473d-b443-e6e668c4fbb7/detections/anomaly_review/run_ts=20260316T074644Z/anomaly_reviews.parquet]
2026-03-17 12:49:28 [ERROR]: Error in getAnomalyReviews: Athena Query Failed: HIVE_BAD_DATA: Malformed Parquet file. Field impact_value's type DOUBLE in parquet file s3://agentic-energy-ml-models-200937443240/147a92b9-f90a-473d-b443-e6e668c4fbb7/detections/anomaly_review/run_ts=20260316T074644Z/anomaly_reviews.parquet is incompatible with type varchar defined in table schema [s3://agentic-energy-ml-models-200937443240/147a92b9-f90a-473d-b443-e6e668c4fbb7/detections/anomaly_review/run_ts=20260316T074644Z/anomaly_reviews.parquet]
2026-03-17 12:49:28 [ERROR]: Athena Query Failed: HIVE_BAD_DATA: Malformed Parquet file. Field impact_value's type DOUBLE in parquet file s3://agentic-energy-ml-models-200937443240/147a92b9-f90a-473d-b443-e6e668c4fbb7/detections/anomaly_review/run_ts=20260316T074644Z/anomaly_reviews.parquet is incompatible with type varchar defined in table schema [s3://agentic-energy-ml-models-200937443240/147a92b9-f90a-473d-b443-e6e668c4fbb7/detections/anomaly_review/run_ts=20260316T074644Z/anomaly_reviews.parquet]
2026-03-17 12:51:20 [ERROR]: Athena Query Failed: HIVE_BAD_DATA: Malformed Parquet file. Field impact_value's type DOUBLE in parquet file s3://agentic-energy-ml-models-200937443240/147a92b9-f90a-473d-b443-e6e668c4fbb7/detections/anomaly_review/run_ts=20260316T074644Z/anomaly_reviews.parquet is incompatible with type varchar defined in table schema [s3://agentic-energy-ml-models-200937443240/147a92b9-f90a-473d-b443-e6e668c4fbb7/detections/anomaly_review/run_ts=20260316T074644Z/anomaly_reviews.parquet]
2026-03-17 12:51:20 [ERROR]: Athena Execution Error: Athena Query Failed: HIVE_BAD_DATA: Malformed Parquet file. Field impact_value's type DOUBLE in parquet file s3://agentic-energy-ml-models-200937443240/147a92b9-f90a-473d-b443-e6e668c4fbb7/detections/anomaly_review/run_ts=20260316T074644Z/anomaly_reviews.parquet is incompatible with type varchar defined in table schema [s3://agentic-energy-ml-models-200937443240/147a92b9-f90a-473d-b443-e6e668c4fbb7/detections/anomaly_review/run_ts=20260316T074644Z/anomaly_reviews.parquet]
2026-03-17 12:51:20 [ERROR]: Error in getAnomalyReviews: Athena Query Failed: HIVE_BAD_DATA: Malformed Parquet file. Field impact_value's type DOUBLE in parquet file s3://agentic-energy-ml-models-200937443240/147a92b9-f90a-473d-b443-e6e668c4fbb7/detections/anomaly_review/run_ts=20260316T074644Z/anomaly_reviews.parquet is incompatible with type varchar defined in table schema [s3://agentic-energy-ml-models-200937443240/147a92b9-f90a-473d-b443-e6e668c4fbb7/detections/anomaly_review/run_ts=20260316T074644Z/anomaly_reviews.parquet]
2026-03-17 12:51:20 [ERROR]: Athena Query Failed: HIVE_BAD_DATA: Malformed Parquet file. Field impact_value's type DOUBLE in parquet file s3://agentic-energy-ml-models-200937443240/147a92b9-f90a-473d-b443-e6e668c4fbb7/detections/anomaly_review/run_ts=20260316T074644Z/anomaly_reviews.parquet is incompatible with type varchar defined in table schema [s3://agentic-energy-ml-models-200937443240/147a92b9-f90a-473d-b443-e6e668c4fbb7/detections/anomaly_review/run_ts=20260316T074644Z/anomaly_reviews.parquet]
2026-03-17 12:53:42 [ERROR]: Athena Query Failed: HIVE_BAD_DATA: Malformed Parquet file. Field impact_value's type DOUBLE in parquet file s3://agentic-energy-ml-models-200937443240/147a92b9-f90a-473d-b443-e6e668c4fbb7/detections/anomaly_review/run_ts=20260316T074644Z/anomaly_reviews.parquet is incompatible with type varchar defined in table schema [s3://agentic-energy-ml-models-200937443240/147a92b9-f90a-473d-b443-e6e668c4fbb7/detections/anomaly_review/run_ts=20260316T074644Z/anomaly_reviews.parquet]
2026-03-17 12:53:42 [ERROR]: Athena Execution Error: Athena Query Failed: HIVE_BAD_DATA: Malformed Parquet file. Field impact_value's type DOUBLE in parquet file s3://agentic-energy-ml-models-200937443240/147a92b9-f90a-473d-b443-e6e668c4fbb7/detections/anomaly_review/run_ts=20260316T074644Z/anomaly_reviews.parquet is incompatible with type varchar defined in table schema [s3://agentic-energy-ml-models-200937443240/147a92b9-f90a-473d-b443-e6e668c4fbb7/detections/anomaly_review/run_ts=20260316T074644Z/anomaly_reviews.parquet]
2026-03-17 12:53:42 [ERROR]: Error in getAnomalyReviews: Athena Query Failed: HIVE_BAD_DATA: Malformed Parquet file. Field impact_value's type DOUBLE in parquet file s3://agentic-energy-ml-models-200937443240/147a92b9-f90a-473d-b443-e6e668c4fbb7/detections/anomaly_review/run_ts=20260316T074644Z/anomaly_reviews.parquet is incompatible with type varchar defined in table schema [s3://agentic-energy-ml-models-200937443240/147a92b9-f90a-473d-b443-e6e668c4fbb7/detections/anomaly_review/run_ts=20260316T074644Z/anomaly_reviews.parquet]
2026-03-17 12:53:42 [ERROR]: Athena Query Failed: HIVE_BAD_DATA: Malformed Parquet file. Field impact_value's type DOUBLE in parquet file s3://agentic-energy-ml-models-200937443240/147a92b9-f90a-473d-b443-e6e668c4fbb7/detections/anomaly_review/run_ts=20260316T074644Z/anomaly_reviews.parquet is incompatible with type varchar defined in table schema [s3://agentic-energy-ml-models-200937443240/147a92b9-f90a-473d-b443-e6e668c4fbb7/detections/anomaly_review/run_ts=20260316T074644Z/anomaly_reviews.parquet]
2026-03-17 12:57:59 [ERROR]: Athena Query Failed: HIVE_CANNOT_OPEN_SPLIT: Error opening Hive split s3://agentic-energy-ml-models-200937443240/147a92b9-f90a-473d-b443-e6e668c4fbb7/detections/anomaly_detection/anomaly_suggestions_run_ts=20260316T131743Z.parquet (offset=0, length=25848): class org.apache.parquet.io.GroupColumnIO cannot be cast to class org.apache.parquet.io.PrimitiveColumnIO (org.apache.parquet.io.GroupColumnIO and org.apache.parquet.io.PrimitiveColumnIO are in unnamed module of loader io.trino.server.PluginClassLoader @2ee36d76)
2026-03-17 12:57:59 [ERROR]: Athena Execution Error: Athena Query Failed: HIVE_CANNOT_OPEN_SPLIT: Error opening Hive split s3://agentic-energy-ml-models-200937443240/147a92b9-f90a-473d-b443-e6e668c4fbb7/detections/anomaly_detection/anomaly_suggestions_run_ts=20260316T131743Z.parquet (offset=0, length=25848): class org.apache.parquet.io.GroupColumnIO cannot be cast to class org.apache.parquet.io.PrimitiveColumnIO (org.apache.parquet.io.GroupColumnIO and org.apache.parquet.io.PrimitiveColumnIO are in unnamed module of loader io.trino.server.PluginClassLoader @2ee36d76)
2026-03-17 12:57:59 [ERROR]: Error in getAtRiskAssets: Athena Query Failed: HIVE_CANNOT_OPEN_SPLIT: Error opening Hive split s3://agentic-energy-ml-models-200937443240/147a92b9-f90a-473d-b443-e6e668c4fbb7/detections/anomaly_detection/anomaly_suggestions_run_ts=20260316T131743Z.parquet (offset=0, length=25848): class org.apache.parquet.io.GroupColumnIO cannot be cast to class org.apache.parquet.io.PrimitiveColumnIO (org.apache.parquet.io.GroupColumnIO and org.apache.parquet.io.PrimitiveColumnIO are in unnamed module of loader io.trino.server.PluginClassLoader @2ee36d76)
2026-03-17 12:57:59 [ERROR]: Athena Query Failed: HIVE_CANNOT_OPEN_SPLIT: Error opening Hive split s3://agentic-energy-ml-models-200937443240/147a92b9-f90a-473d-b443-e6e668c4fbb7/detections/anomaly_detection/anomaly_suggestions_run_ts=20260316T131743Z.parquet (offset=0, length=25848): class org.apache.parquet.io.GroupColumnIO cannot be cast to class org.apache.parquet.io.PrimitiveColumnIO (org.apache.parquet.io.GroupColumnIO and org.apache.parquet.io.PrimitiveColumnIO are in unnamed module of loader io.trino.server.PluginClassLoader @2ee36d76)
2026-03-17 13:09:53 [ERROR]: Error in askAboutAlert: Alert not found
2026-03-17 13:09:53 [ERROR]: Alert not found
2026-03-17 13:12:20 [ERROR]: Error in askAboutAlert: Alert not found
2026-03-17 13:12:20 [ERROR]: Alert not found
2026-03-18 11:40:27 [ERROR]: Athena Query Failed: NOT_SUPPORTED: Unsupported Trino column type (varchar) for Parquet column ([last_reading_timestamp] optional int64 last_reading_timestamp (TIMESTAMP(NANOS,false)))
2026-03-18 11:40:27 [ERROR]: Athena Execution Error: Athena Query Failed: NOT_SUPPORTED: Unsupported Trino column type (varchar) for Parquet column ([last_reading_timestamp] optional int64 last_reading_timestamp (TIMESTAMP(NANOS,false)))
2026-03-18 11:40:27 [ERROR]: Error in getAtRiskAssets: Athena Query Failed: NOT_SUPPORTED: Unsupported Trino column type (varchar) for Parquet column ([last_reading_timestamp] optional int64 last_reading_timestamp (TIMESTAMP(NANOS,false)))
2026-03-18 11:40:27 [ERROR]: Athena Query Failed: NOT_SUPPORTED: Unsupported Trino column type (varchar) for Parquet column ([last_reading_timestamp] optional int64 last_reading_timestamp (TIMESTAMP(NANOS,false)))
2026-03-18 11:45:17 [ERROR]: Athena Query Failed: NOT_SUPPORTED: Unsupported Trino column type (varchar) for Parquet column ([updated_at] optional int64 updated_at (TIMESTAMP(NANOS,true)))
2026-03-18 11:45:17 [ERROR]: Athena Execution Error: Athena Query Failed: NOT_SUPPORTED: Unsupported Trino column type (varchar) for Parquet column ([updated_at] optional int64 updated_at (TIMESTAMP(NANOS,true)))
2026-03-18 11:45:17 [ERROR]: Error in getAtRiskAssets: Athena Query Failed: NOT_SUPPORTED: Unsupported Trino column type (varchar) for Parquet column ([updated_at] optional int64 updated_at (TIMESTAMP(NANOS,true)))
2026-03-18 11:45:17 [ERROR]: Athena Query Failed: NOT_SUPPORTED: Unsupported Trino column type (varchar) for Parquet column ([updated_at] optional int64 updated_at (TIMESTAMP(NANOS,true)))
2026-03-18 12:36:34 [ERROR]: Athena Query Failed: COLUMN_NOT_FOUND: line 10:33: Column 'timestamp' cannot be resolved or requester is not authorized to access requested resources
2026-03-18 12:36:34 [ERROR]: Athena Execution Error: Athena Query Failed: COLUMN_NOT_FOUND: line 10:33: Column 'timestamp' cannot be resolved or requester is not authorized to access requested resources
2026-03-18 12:36:34 [ERROR]: Error in getAtRiskAssets: Athena Query Failed: COLUMN_NOT_FOUND: line 10:33: Column 'timestamp' cannot be resolved or requester is not authorized to access requested resources
2026-03-18 12:36:34 [ERROR]: Athena Query Failed: COLUMN_NOT_FOUND: line 10:33: Column 'timestamp' cannot be resolved or requester is not authorized to access requested resources
2026-03-18 13:11:31 [ERROR]: Unable to connect to Snowflake:
2026-03-18 13:11:31 [ERROR]: Error fetching production forecasting from Snowflake: Failed to connect to Snowflake
2026-03-18 13:20:47 [ERROR]: Unable to connect to Snowflake:
2026-03-18 13:20:47 [ERROR]: Error fetching production forecasting from Snowflake: Failed to connect to Snowflake
2026-03-18 13:25:28 [ERROR]: Unable to connect to Snowflake:
2026-03-18 13:25:28 [ERROR]: Error fetching production forecasting from Snowflake: Failed to connect to Snowflake
2026-03-18 13:27:15 [ERROR]: Unable to connect to Snowflake:
2026-03-18 13:27:15 [ERROR]: Error fetching production forecasting from Snowflake: Failed to connect to Snowflake
2026-03-18 13:29:38 [ERROR]: Unable to connect to Snowflake:
2026-03-18 13:29:38 [ERROR]: Error fetching production forecasting from Snowflake: Failed to connect to Snowflake
2026-03-18 13:30:14 [ERROR]: Unable to connect to Snowflake:
2026-03-18 13:30:14 [ERROR]: Error fetching production forecasting from Snowflake: Failed to connect to Snowflake
2026-03-18 14:54:45 [ERROR]: Athena Query Failed: TABLE_NOT_FOUND: line 13:14: Table 'awsdatacatalog.agentic_energy_web_db.anomaly_suggestions' does not exist
2026-03-18 14:54:45 [ERROR]: Athena Execution Error: Athena Query Failed: TABLE_NOT_FOUND: line 13:14: Table 'awsdatacatalog.agentic_energy_web_db.anomaly_suggestions' does not exist
2026-03-18 14:54:45 [ERROR]: Error in getAtRiskAssets: Athena Query Failed: TABLE_NOT_FOUND: line 13:14: Table 'awsdatacatalog.agentic_energy_web_db.anomaly_suggestions' does not exist
2026-03-18 14:54:45 [ERROR]: Athena Query Failed: TABLE_NOT_FOUND: line 13:14: Table 'awsdatacatalog.agentic_energy_web_db.anomaly_suggestions' does not exist
2026-03-18 14:56:09 [ERROR]: Athena Query Failed: TABLE_NOT_FOUND: line 13:14: Table 'awsdatacatalog.agentic_energy_web_db.anomaly_suggestions' does not exist
2026-03-18 14:56:09 [ERROR]: Athena Execution Error: Athena Query Failed: TABLE_NOT_FOUND: line 13:14: Table 'awsdatacatalog.agentic_energy_web_db.anomaly_suggestions' does not exist
2026-03-18 14:56:09 [ERROR]: Error in getAtRiskAssets: Athena Query Failed: TABLE_NOT_FOUND: line 13:14: Table 'awsdatacatalog.agentic_energy_web_db.anomaly_suggestions' does not exist
2026-03-18 14:56:09 [ERROR]: Athena Query Failed: TABLE_NOT_FOUND: line 13:14: Table 'awsdatacatalog.agentic_energy_web_db.anomaly_suggestions' does not exist
2026-03-18 14:59:05 [ERROR]: Athena Query Failed: TABLE_NOT_FOUND: line 2:12: Table 'awsdatacatalog.agentic_energy_web_db.anomaly_suggestions' does not exist
2026-03-18 14:59:05 [ERROR]: Athena Execution Error: Athena Query Failed: TABLE_NOT_FOUND: line 2:12: Table 'awsdatacatalog.agentic_energy_web_db.anomaly_suggestions' does not exist
2026-03-18 15:03:17 [ERROR]: Athena Query Failed: HIVE_CANNOT_OPEN_SPLIT: Error opening Hive split s3://agentic-energy-ml-models-200937443240/147a92b9-f90a-473d-b443-e6e668c4fbb7/detections/anomaly_detection/anomaly_suggestions_run_ts=20260318T075159Z.parquet (offset=0, length=26106): class org.apache.parquet.io.GroupColumnIO cannot be cast to class org.apache.parquet.io.PrimitiveColumnIO (org.apache.parquet.io.GroupColumnIO and org.apache.parquet.io.PrimitiveColumnIO are in unnamed module of loader io.trino.server.PluginClassLoader @2aa0216d)
2026-03-18 15:03:17 [ERROR]: Athena Execution Error: Athena Query Failed: HIVE_CANNOT_OPEN_SPLIT: Error opening Hive split s3://agentic-energy-ml-models-200937443240/147a92b9-f90a-473d-b443-e6e668c4fbb7/detections/anomaly_detection/anomaly_suggestions_run_ts=20260318T075159Z.parquet (offset=0, length=26106): class org.apache.parquet.io.GroupColumnIO cannot be cast to class org.apache.parquet.io.PrimitiveColumnIO (org.apache.parquet.io.GroupColumnIO and org.apache.parquet.io.PrimitiveColumnIO are in unnamed module of loader io.trino.server.PluginClassLoader @2aa0216d)
2026-03-18 15:03:17 [ERROR]: Error in getAtRiskAssets: Athena Query Failed: HIVE_CANNOT_OPEN_SPLIT: Error opening Hive split s3://agentic-energy-ml-models-200937443240/147a92b9-f90a-473d-b443-e6e668c4fbb7/detections/anomaly_detection/anomaly_suggestions_run_ts=20260318T075159Z.parquet (offset=0, length=26106): class org.apache.parquet.io.GroupColumnIO cannot be cast to class org.apache.parquet.io.PrimitiveColumnIO (org.apache.parquet.io.GroupColumnIO and org.apache.parquet.io.PrimitiveColumnIO are in unnamed module of loader io.trino.server.PluginClassLoader @2aa0216d)
2026-03-18 15:03:17 [ERROR]: Athena Query Failed: HIVE_CANNOT_OPEN_SPLIT: Error opening Hive split s3://agentic-energy-ml-models-200937443240/147a92b9-f90a-473d-b443-e6e668c4fbb7/detections/anomaly_detection/anomaly_suggestions_run_ts=20260318T075159Z.parquet (offset=0, length=26106): class org.apache.parquet.io.GroupColumnIO cannot be cast to class org.apache.parquet.io.PrimitiveColumnIO (org.apache.parquet.io.GroupColumnIO and org.apache.parquet.io.PrimitiveColumnIO are in unnamed module of loader io.trino.server.PluginClassLoader @2aa0216d)
2026-03-18 15:03:19 [ERROR]: Athena Query Failed: HIVE_CANNOT_OPEN_SPLIT: Error opening Hive split s3://agentic-energy-ml-models-200937443240/147a92b9-f90a-473d-b443-e6e668c4fbb7/detections/anomaly_detection/anomaly_suggestions_run_ts=20260318T075159Z.parquet (offset=0, length=26106): class org.apache.parquet.io.GroupColumnIO cannot be cast to class org.apache.parquet.io.PrimitiveColumnIO (org.apache.parquet.io.GroupColumnIO and org.apache.parquet.io.PrimitiveColumnIO are in unnamed module of loader io.trino.server.PluginClassLoader @1e280b0f)
2026-03-18 15:03:19 [ERROR]: Athena Execution Error: Athena Query Failed: HIVE_CANNOT_OPEN_SPLIT: Error opening Hive split s3://agentic-energy-ml-models-200937443240/147a92b9-f90a-473d-b443-e6e668c4fbb7/detections/anomaly_detection/anomaly_suggestions_run_ts=20260318T075159Z.parquet (offset=0, length=26106): class org.apache.parquet.io.GroupColumnIO cannot be cast to class org.apache.parquet.io.PrimitiveColumnIO (org.apache.parquet.io.GroupColumnIO and org.apache.parquet.io.PrimitiveColumnIO are in unnamed module of loader io.trino.server.PluginClassLoader @1e280b0f)
2026-03-18 15:03:59 [ERROR]: Athena Query Failed: HIVE_CANNOT_OPEN_SPLIT: Error opening Hive split s3://agentic-energy-ml-models-200937443240/147a92b9-f90a-473d-b443-e6e668c4fbb7/detections/anomaly_detection/anomaly_suggestions_run_ts=20260318T075159Z.parquet (offset=0, length=26106): class org.apache.parquet.io.GroupColumnIO cannot be cast to class org.apache.parquet.io.PrimitiveColumnIO (org.apache.parquet.io.GroupColumnIO and org.apache.parquet.io.PrimitiveColumnIO are in unnamed module of loader io.trino.server.PluginClassLoader @7cadf258)
2026-03-18 15:03:59 [ERROR]: Athena Execution Error: Athena Query Failed: HIVE_CANNOT_OPEN_SPLIT: Error opening Hive split s3://agentic-energy-ml-models-200937443240/147a92b9-f90a-473d-b443-e6e668c4fbb7/detections/anomaly_detection/anomaly_suggestions_run_ts=20260318T075159Z.parquet (offset=0, length=26106): class org.apache.parquet.io.GroupColumnIO cannot be cast to class org.apache.parquet.io.PrimitiveColumnIO (org.apache.parquet.io.GroupColumnIO and org.apache.parquet.io.PrimitiveColumnIO are in unnamed module of loader io.trino.server.PluginClassLoader @7cadf258)
2026-03-18 15:03:59 [ERROR]: Error in getAtRiskAssets: Athena Query Failed: HIVE_CANNOT_OPEN_SPLIT: Error opening Hive split s3://agentic-energy-ml-models-200937443240/147a92b9-f90a-473d-b443-e6e668c4fbb7/detections/anomaly_detection/anomaly_suggestions_run_ts=20260318T075159Z.parquet (offset=0, length=26106): class org.apache.parquet.io.GroupColumnIO cannot be cast to class org.apache.parquet.io.PrimitiveColumnIO (org.apache.parquet.io.GroupColumnIO and org.apache.parquet.io.PrimitiveColumnIO are in unnamed module of loader io.trino.server.PluginClassLoader @7cadf258)
2026-03-18 15:03:59 [ERROR]: Athena Query Failed: HIVE_CANNOT_OPEN_SPLIT: Error opening Hive split s3://agentic-energy-ml-models-200937443240/147a92b9-f90a-473d-b443-e6e668c4fbb7/detections/anomaly_detection/anomaly_suggestions_run_ts=20260318T075159Z.parquet (offset=0, length=26106): class org.apache.parquet.io.GroupColumnIO cannot be cast to class org.apache.parquet.io.PrimitiveColumnIO (org.apache.parquet.io.GroupColumnIO and org.apache.parquet.io.PrimitiveColumnIO are in unnamed module of loader io.trino.server.PluginClassLoader @7cadf258)
2026-03-18 15:07:16 [ERROR]: Athena Query Failed: HIVE_CANNOT_OPEN_SPLIT: Error opening Hive split s3://agentic-energy-ml-models-200937443240/147a92b9-f90a-473d-b443-e6e668c4fbb7/detections/anomaly_detection/anomaly_suggestions_run_ts=20260318T075159Z.parquet (offset=0, length=26106): class org.apache.parquet.io.GroupColumnIO cannot be cast to class org.apache.parquet.io.PrimitiveColumnIO (org.apache.parquet.io.GroupColumnIO and org.apache.parquet.io.PrimitiveColumnIO are in unnamed module of loader io.trino.server.PluginClassLoader @3ef1d37a)
2026-03-18 15:07:16 [ERROR]: Athena Execution Error: Athena Query Failed: HIVE_CANNOT_OPEN_SPLIT: Error opening Hive split s3://agentic-energy-ml-models-200937443240/147a92b9-f90a-473d-b443-e6e668c4fbb7/detections/anomaly_detection/anomaly_suggestions_run_ts=20260318T075159Z.parquet (offset=0, length=26106): class org.apache.parquet.io.GroupColumnIO cannot be cast to class org.apache.parquet.io.PrimitiveColumnIO (org.apache.parquet.io.GroupColumnIO and org.apache.parquet.io.PrimitiveColumnIO are in unnamed module of loader io.trino.server.PluginClassLoader @3ef1d37a)
2026-03-18 15:11:14 [ERROR]: Athena Query Failed: HIVE_CANNOT_OPEN_SPLIT: Error opening Hive split s3://agentic-energy-ml-models-200937443240/147a92b9-f90a-473d-b443-e6e668c4fbb7/detections/anomaly_detection/anomaly_suggestions_run_ts=20260318T075159Z.parquet (offset=0, length=26106): class org.apache.parquet.io.GroupColumnIO cannot be cast to class org.apache.parquet.io.PrimitiveColumnIO (org.apache.parquet.io.GroupColumnIO and org.apache.parquet.io.PrimitiveColumnIO are in unnamed module of loader io.trino.server.PluginClassLoader @3014b2a8)
2026-03-18 15:11:14 [ERROR]: Athena Execution Error: Athena Query Failed: HIVE_CANNOT_OPEN_SPLIT: Error opening Hive split s3://agentic-energy-ml-models-200937443240/147a92b9-f90a-473d-b443-e6e668c4fbb7/detections/anomaly_detection/anomaly_suggestions_run_ts=20260318T075159Z.parquet (offset=0, length=26106): class org.apache.parquet.io.GroupColumnIO cannot be cast to class org.apache.parquet.io.PrimitiveColumnIO (org.apache.parquet.io.GroupColumnIO and org.apache.parquet.io.PrimitiveColumnIO are in unnamed module of loader io.trino.server.PluginClassLoader @3014b2a8)
2026-03-18 15:13:03 [ERROR]: Athena Query Failed: COLUMN_NOT_FOUND: line 1:8: Column 'historical_context' cannot be resolved or requester is not authorized to access requested resources
2026-03-18 15:13:03 [ERROR]: Athena Execution Error: Athena Query Failed: COLUMN_NOT_FOUND: line 1:8: Column 'historical_context' cannot be resolved or requester is not authorized to access requested resources
2026-03-18 15:16:11 [ERROR]: Athena Query Failed: HIVE_CANNOT_OPEN_SPLIT: Error opening Hive split s3://agentic-energy-ml-models-200937443240/147a92b9-f90a-473d-b443-e6e668c4fbb7/detections/anomaly_detection/anomaly_suggestions_run_ts=20260318T075159Z.parquet (offset=0, length=26106): class org.apache.parquet.io.GroupColumnIO cannot be cast to class org.apache.parquet.io.PrimitiveColumnIO (org.apache.parquet.io.GroupColumnIO and org.apache.parquet.io.PrimitiveColumnIO are in unnamed module of loader io.trino.server.PluginClassLoader @2c4f5aac)
2026-03-18 15:16:11 [ERROR]: Athena Execution Error: Athena Query Failed: HIVE_CANNOT_OPEN_SPLIT: Error opening Hive split s3://agentic-energy-ml-models-200937443240/147a92b9-f90a-473d-b443-e6e668c4fbb7/detections/anomaly_detection/anomaly_suggestions_run_ts=20260318T075159Z.parquet (offset=0, length=26106): class org.apache.parquet.io.GroupColumnIO cannot be cast to class org.apache.parquet.io.PrimitiveColumnIO (org.apache.parquet.io.GroupColumnIO and org.apache.parquet.io.PrimitiveColumnIO are in unnamed module of loader io.trino.server.PluginClassLoader @2c4f5aac)
2026-03-18 15:16:11 [ERROR]: Error in getAtRiskAssets: Athena Query Failed: HIVE_CANNOT_OPEN_SPLIT: Error opening Hive split s3://agentic-energy-ml-models-200937443240/147a92b9-f90a-473d-b443-e6e668c4fbb7/detections/anomaly_detection/anomaly_suggestions_run_ts=20260318T075159Z.parquet (offset=0, length=26106): class org.apache.parquet.io.GroupColumnIO cannot be cast to class org.apache.parquet.io.PrimitiveColumnIO (org.apache.parquet.io.GroupColumnIO and org.apache.parquet.io.PrimitiveColumnIO are in unnamed module of loader io.trino.server.PluginClassLoader @2c4f5aac)
2026-03-18 15:16:11 [ERROR]: Athena Query Failed: HIVE_CANNOT_OPEN_SPLIT: Error opening Hive split s3://agentic-energy-ml-models-200937443240/147a92b9-f90a-473d-b443-e6e668c4fbb7/detections/anomaly_detection/anomaly_suggestions_run_ts=20260318T075159Z.parquet (offset=0, length=26106): class org.apache.parquet.io.GroupColumnIO cannot be cast to class org.apache.parquet.io.PrimitiveColumnIO (org.apache.parquet.io.GroupColumnIO and org.apache.parquet.io.PrimitiveColumnIO are in unnamed module of loader io.trino.server.PluginClassLoader @2c4f5aac)
2026-03-18 15:16:52 [ERROR]: Athena Query Failed: HIVE_CANNOT_OPEN_SPLIT: Error opening Hive split s3://agentic-energy-ml-models-200937443240/147a92b9-f90a-473d-b443-e6e668c4fbb7/detections/anomaly_detection/anomaly_suggestions_run_ts=20260318T075159Z.parquet (offset=0, length=26106): class org.apache.parquet.io.GroupColumnIO cannot be cast to class org.apache.parquet.io.PrimitiveColumnIO (org.apache.parquet.io.GroupColumnIO and org.apache.parquet.io.PrimitiveColumnIO are in unnamed module of loader io.trino.server.PluginClassLoader @87f78c8)
2026-03-18 15:16:52 [ERROR]: Athena Execution Error: Athena Query Failed: HIVE_CANNOT_OPEN_SPLIT: Error opening Hive split s3://agentic-energy-ml-models-200937443240/147a92b9-f90a-473d-b443-e6e668c4fbb7/detections/anomaly_detection/anomaly_suggestions_run_ts=20260318T075159Z.parquet (offset=0, length=26106): class org.apache.parquet.io.GroupColumnIO cannot be cast to class org.apache.parquet.io.PrimitiveColumnIO (org.apache.parquet.io.GroupColumnIO and org.apache.parquet.io.PrimitiveColumnIO are in unnamed module of loader io.trino.server.PluginClassLoader @87f78c8)
2026-03-18 15:16:52 [ERROR]: Error in getAtRiskAssets: Athena Query Failed: HIVE_CANNOT_OPEN_SPLIT: Error opening Hive split s3://agentic-energy-ml-models-200937443240/147a92b9-f90a-473d-b443-e6e668c4fbb7/detections/anomaly_detection/anomaly_suggestions_run_ts=20260318T075159Z.parquet (offset=0, length=26106): class org.apache.parquet.io.GroupColumnIO cannot be cast to class org.apache.parquet.io.PrimitiveColumnIO (org.apache.parquet.io.GroupColumnIO and org.apache.parquet.io.PrimitiveColumnIO are in unnamed module of loader io.trino.server.PluginClassLoader @87f78c8)
2026-03-18 15:16:52 [ERROR]: Athena Query Failed: HIVE_CANNOT_OPEN_SPLIT: Error opening Hive split s3://agentic-energy-ml-models-200937443240/147a92b9-f90a-473d-b443-e6e668c4fbb7/detections/anomaly_detection/anomaly_suggestions_run_ts=20260318T075159Z.parquet (offset=0, length=26106): class org.apache.parquet.io.GroupColumnIO cannot be cast to class org.apache.parquet.io.PrimitiveColumnIO (org.apache.parquet.io.GroupColumnIO and org.apache.parquet.io.PrimitiveColumnIO are in unnamed module of loader io.trino.server.PluginClassLoader @87f78c8)
2026-03-18 15:17:50 [ERROR]: Athena Query Failed: HIVE_CANNOT_OPEN_SPLIT: Error opening Hive split s3://agentic-energy-ml-models-200937443240/147a92b9-f90a-473d-b443-e6e668c4fbb7/detections/anomaly_detection/anomaly_suggestions_run_ts=20260318T075159Z.parquet (offset=0, length=26106): class org.apache.parquet.io.GroupColumnIO cannot be cast to class org.apache.parquet.io.PrimitiveColumnIO (org.apache.parquet.io.GroupColumnIO and org.apache.parquet.io.PrimitiveColumnIO are in unnamed module of loader io.trino.server.PluginClassLoader @5b46b7dc)
2026-03-18 15:17:50 [ERROR]: Athena Execution Error: Athena Query Failed: HIVE_CANNOT_OPEN_SPLIT: Error opening Hive split s3://agentic-energy-ml-models-200937443240/147a92b9-f90a-473d-b443-e6e668c4fbb7/detections/anomaly_detection/anomaly_suggestions_run_ts=20260318T075159Z.parquet (offset=0, length=26106): class org.apache.parquet.io.GroupColumnIO cannot be cast to class org.apache.parquet.io.PrimitiveColumnIO (org.apache.parquet.io.GroupColumnIO and org.apache.parquet.io.PrimitiveColumnIO are in unnamed module of loader io.trino.server.PluginClassLoader @5b46b7dc)
2026-03-18 15:17:50 [ERROR]: Error in getAtRiskAssets: Athena Query Failed: HIVE_CANNOT_OPEN_SPLIT: Error opening Hive split s3://agentic-energy-ml-models-200937443240/147a92b9-f90a-473d-b443-e6e668c4fbb7/detections/anomaly_detection/anomaly_suggestions_run_ts=20260318T075159Z.parquet (offset=0, length=26106): class org.apache.parquet.io.GroupColumnIO cannot be cast to class org.apache.parquet.io.PrimitiveColumnIO (org.apache.parquet.io.GroupColumnIO and org.apache.parquet.io.PrimitiveColumnIO are in unnamed module of loader io.trino.server.PluginClassLoader @5b46b7dc)
2026-03-18 15:17:50 [ERROR]: Athena Query Failed: HIVE_CANNOT_OPEN_SPLIT: Error opening Hive split s3://agentic-energy-ml-models-200937443240/147a92b9-f90a-473d-b443-e6e668c4fbb7/detections/anomaly_detection/anomaly_suggestions_run_ts=20260318T075159Z.parquet (offset=0, length=26106): class org.apache.parquet.io.GroupColumnIO cannot be cast to class org.apache.parquet.io.PrimitiveColumnIO (org.apache.parquet.io.GroupColumnIO and org.apache.parquet.io.PrimitiveColumnIO are in unnamed module of loader io.trino.server.PluginClassLoader @5b46b7dc)
2026-03-18 15:21:02 [ERROR]: Athena Query Failed: HIVE_CANNOT_OPEN_SPLIT: Error opening Hive split s3://agentic-energy-ml-models-200937443240/147a92b9-f90a-473d-b443-e6e668c4fbb7/detections/anomaly_detection/anomaly_suggestions_run_ts=20260318T075159Z.parquet (offset=0, length=26106): class org.apache.parquet.io.GroupColumnIO cannot be cast to class org.apache.parquet.io.PrimitiveColumnIO (org.apache.parquet.io.GroupColumnIO and org.apache.parquet.io.PrimitiveColumnIO are in unnamed module of loader io.trino.server.PluginClassLoader @29b2c401)
2026-03-18 15:21:03 [ERROR]: Athena Execution Error: Athena Query Failed: HIVE_CANNOT_OPEN_SPLIT: Error opening Hive split s3://agentic-energy-ml-models-200937443240/147a92b9-f90a-473d-b443-e6e668c4fbb7/detections/anomaly_detection/anomaly_suggestions_run_ts=20260318T075159Z.parquet (offset=0, length=26106): class org.apache.parquet.io.GroupColumnIO cannot be cast to class org.apache.parquet.io.PrimitiveColumnIO (org.apache.parquet.io.GroupColumnIO and org.apache.parquet.io.PrimitiveColumnIO are in unnamed module of loader io.trino.server.PluginClassLoader @29b2c401)
2026-03-18 15:21:03 [ERROR]: Error in getAtRiskAssets: Athena Query Failed: HIVE_CANNOT_OPEN_SPLIT: Error opening Hive split s3://agentic-energy-ml-models-200937443240/147a92b9-f90a-473d-b443-e6e668c4fbb7/detections/anomaly_detection/anomaly_suggestions_run_ts=20260318T075159Z.parquet (offset=0, length=26106): class org.apache.parquet.io.GroupColumnIO cannot be cast to class org.apache.parquet.io.PrimitiveColumnIO (org.apache.parquet.io.GroupColumnIO and org.apache.parquet.io.PrimitiveColumnIO are in unnamed module of loader io.trino.server.PluginClassLoader @29b2c401)
2026-03-18 15:21:03 [ERROR]: Athena Query Failed: HIVE_CANNOT_OPEN_SPLIT: Error opening Hive split s3://agentic-energy-ml-models-200937443240/147a92b9-f90a-473d-b443-e6e668c4fbb7/detections/anomaly_detection/anomaly_suggestions_run_ts=20260318T075159Z.parquet (offset=0, length=26106): class org.apache.parquet.io.GroupColumnIO cannot be cast to class org.apache.parquet.io.PrimitiveColumnIO (org.apache.parquet.io.GroupColumnIO and org.apache.parquet.io.PrimitiveColumnIO are in unnamed module of loader io.trino.server.PluginClassLoader @29b2c401)
2026-03-18 15:21:09 [ERROR]: Athena Query Failed: HIVE_CANNOT_OPEN_SPLIT: Error opening Hive split s3://agentic-energy-ml-models-200937443240/147a92b9-f90a-473d-b443-e6e668c4fbb7/detections/anomaly_detection/anomaly_suggestions_run_ts=20260318T075159Z.parquet (offset=0, length=26106): class org.apache.parquet.io.GroupColumnIO cannot be cast to class org.apache.parquet.io.PrimitiveColumnIO (org.apache.parquet.io.GroupColumnIO and org.apache.parquet.io.PrimitiveColumnIO are in unnamed module of loader io.trino.server.PluginClassLoader @5714bbb9)
2026-03-18 15:21:09 [ERROR]: Athena Execution Error: Athena Query Failed: HIVE_CANNOT_OPEN_SPLIT: Error opening Hive split s3://agentic-energy-ml-models-200937443240/147a92b9-f90a-473d-b443-e6e668c4fbb7/detections/anomaly_detection/anomaly_suggestions_run_ts=20260318T075159Z.parquet (offset=0, length=26106): class org.apache.parquet.io.GroupColumnIO cannot be cast to class org.apache.parquet.io.PrimitiveColumnIO (org.apache.parquet.io.GroupColumnIO and org.apache.parquet.io.PrimitiveColumnIO are in unnamed module of loader io.trino.server.PluginClassLoader @5714bbb9)
2026-03-18 15:21:09 [ERROR]: Error in getAtRiskAssets: Athena Query Failed: HIVE_CANNOT_OPEN_SPLIT: Error opening Hive split s3://agentic-energy-ml-models-200937443240/147a92b9-f90a-473d-b443-e6e668c4fbb7/detections/anomaly_detection/anomaly_suggestions_run_ts=20260318T075159Z.parquet (offset=0, length=26106): class org.apache.parquet.io.GroupColumnIO cannot be cast to class org.apache.parquet.io.PrimitiveColumnIO (org.apache.parquet.io.GroupColumnIO and org.apache.parquet.io.PrimitiveColumnIO are in unnamed module of loader io.trino.server.PluginClassLoader @5714bbb9)
2026-03-18 15:21:09 [ERROR]: Athena Query Failed: HIVE_CANNOT_OPEN_SPLIT: Error opening Hive split s3://agentic-energy-ml-models-200937443240/147a92b9-f90a-473d-b443-e6e668c4fbb7/detections/anomaly_detection/anomaly_suggestions_run_ts=20260318T075159Z.parquet (offset=0, length=26106): class org.apache.parquet.io.GroupColumnIO cannot be cast to class org.apache.parquet.io.PrimitiveColumnIO (org.apache.parquet.io.GroupColumnIO and org.apache.parquet.io.PrimitiveColumnIO are in unnamed module of loader io.trino.server.PluginClassLoader @5714bbb9)
2026-03-18 15:22:01 [ERROR]: Unable to connect to Snowflake:
2026-03-18 15:22:01 [ERROR]: Error fetching production forecasting from Snowflake: Failed to connect to Snowflake
2026-03-18 15:22:55 [ERROR]: Athena Query Failed: HIVE_CANNOT_OPEN_SPLIT: Error opening Hive split s3://agentic-energy-ml-models-200937443240/147a92b9-f90a-473d-b443-e6e668c4fbb7/detections/anomaly_detection/anomaly_suggestions_run_ts=20260318T075159Z.parquet (offset=0, length=26106): class org.apache.parquet.io.GroupColumnIO cannot be cast to class org.apache.parquet.io.PrimitiveColumnIO (org.apache.parquet.io.GroupColumnIO and org.apache.parquet.io.PrimitiveColumnIO are in unnamed module of loader io.trino.server.PluginClassLoader @7a4511eb)
2026-03-18 15:22:55 [ERROR]: Athena Execution Error: Athena Query Failed: HIVE_CANNOT_OPEN_SPLIT: Error opening Hive split s3://agentic-energy-ml-models-200937443240/147a92b9-f90a-473d-b443-e6e668c4fbb7/detections/anomaly_detection/anomaly_suggestions_run_ts=20260318T075159Z.parquet (offset=0, length=26106): class org.apache.parquet.io.GroupColumnIO cannot be cast to class org.apache.parquet.io.PrimitiveColumnIO (org.apache.parquet.io.GroupColumnIO and org.apache.parquet.io.PrimitiveColumnIO are in unnamed module of loader io.trino.server.PluginClassLoader @7a4511eb)
2026-03-18 15:22:55 [ERROR]: Error in getAtRiskAssets: Athena Query Failed: HIVE_CANNOT_OPEN_SPLIT: Error opening Hive split s3://agentic-energy-ml-models-200937443240/147a92b9-f90a-473d-b443-e6e668c4fbb7/detections/anomaly_detection/anomaly_suggestions_run_ts=20260318T075159Z.parquet (offset=0, length=26106): class org.apache.parquet.io.GroupColumnIO cannot be cast to class org.apache.parquet.io.PrimitiveColumnIO (org.apache.parquet.io.GroupColumnIO and org.apache.parquet.io.PrimitiveColumnIO are in unnamed module of loader io.trino.server.PluginClassLoader @7a4511eb)
2026-03-18 15:22:55 [ERROR]: Athena Query Failed: HIVE_CANNOT_OPEN_SPLIT: Error opening Hive split s3://agentic-energy-ml-models-200937443240/147a92b9-f90a-473d-b443-e6e668c4fbb7/detections/anomaly_detection/anomaly_suggestions_run_ts=20260318T075159Z.parquet (offset=0, length=26106): class org.apache.parquet.io.GroupColumnIO cannot be cast to class org.apache.parquet.io.PrimitiveColumnIO (org.apache.parquet.io.GroupColumnIO and org.apache.parquet.io.PrimitiveColumnIO are in unnamed module of loader io.trino.server.PluginClassLoader @7a4511eb)
2026-03-18 15:23:09 [ERROR]: Athena Query Failed: HIVE_CANNOT_OPEN_SPLIT: Error opening Hive split s3://agentic-energy-ml-models-200937443240/147a92b9-f90a-473d-b443-e6e668c4fbb7/detections/anomaly_detection/anomaly_suggestions_run_ts=20260318T075159Z.parquet (offset=0, length=26106): class org.apache.parquet.io.GroupColumnIO cannot be cast to class org.apache.parquet.io.PrimitiveColumnIO (org.apache.parquet.io.GroupColumnIO and org.apache.parquet.io.PrimitiveColumnIO are in unnamed module of loader io.trino.server.PluginClassLoader @74e10869)
2026-03-18 15:23:09 [ERROR]: Athena Execution Error: Athena Query Failed: HIVE_CANNOT_OPEN_SPLIT: Error opening Hive split s3://agentic-energy-ml-models-200937443240/147a92b9-f90a-473d-b443-e6e668c4fbb7/detections/anomaly_detection/anomaly_suggestions_run_ts=20260318T075159Z.parquet (offset=0, length=26106): class org.apache.parquet.io.GroupColumnIO cannot be cast to class org.apache.parquet.io.PrimitiveColumnIO (org.apache.parquet.io.GroupColumnIO and org.apache.parquet.io.PrimitiveColumnIO are in unnamed module of loader io.trino.server.PluginClassLoader @74e10869)
2026-03-18 15:23:09 [ERROR]: Error in getAtRiskAssets: Athena Query Failed: HIVE_CANNOT_OPEN_SPLIT: Error opening Hive split s3://agentic-energy-ml-models-200937443240/147a92b9-f90a-473d-b443-e6e668c4fbb7/detections/anomaly_detection/anomaly_suggestions_run_ts=20260318T075159Z.parquet (offset=0, length=26106): class org.apache.parquet.io.GroupColumnIO cannot be cast to class org.apache.parquet.io.PrimitiveColumnIO (org.apache.parquet.io.GroupColumnIO and org.apache.parquet.io.PrimitiveColumnIO are in unnamed module of loader io.trino.server.PluginClassLoader @74e10869)
2026-03-18 15:23:09 [ERROR]: Athena Query Failed: HIVE_CANNOT_OPEN_SPLIT: Error opening Hive split s3://agentic-energy-ml-models-200937443240/147a92b9-f90a-473d-b443-e6e668c4fbb7/detections/anomaly_detection/anomaly_suggestions_run_ts=20260318T075159Z.parquet (offset=0, length=26106): class org.apache.parquet.io.GroupColumnIO cannot be cast to class org.apache.parquet.io.PrimitiveColumnIO (org.apache.parquet.io.GroupColumnIO and org.apache.parquet.io.PrimitiveColumnIO are in unnamed module of loader io.trino.server.PluginClassLoader @74e10869)
2026-03-18 15:34:11 [ERROR]: Athena Query Failed: HIVE_CANNOT_OPEN_SPLIT: Error opening Hive split s3://agentic-energy-ml-models-200937443240/147a92b9-f90a-473d-b443-e6e668c4fbb7/detections/anomaly_detection/anomaly_suggestions_run_ts=20260318T075159Z.parquet (offset=0, length=26106): class org.apache.parquet.io.GroupColumnIO cannot be cast to class org.apache.parquet.io.PrimitiveColumnIO (org.apache.parquet.io.GroupColumnIO and org.apache.parquet.io.PrimitiveColumnIO are in unnamed module of loader io.trino.server.PluginClassLoader @7cbe34d4)
2026-03-18 15:34:11 [ERROR]: Athena Execution Error: Athena Query Failed: HIVE_CANNOT_OPEN_SPLIT: Error opening Hive split s3://agentic-energy-ml-models-200937443240/147a92b9-f90a-473d-b443-e6e668c4fbb7/detections/anomaly_detection/anomaly_suggestions_run_ts=20260318T075159Z.parquet (offset=0, length=26106): class org.apache.parquet.io.GroupColumnIO cannot be cast to class org.apache.parquet.io.PrimitiveColumnIO (org.apache.parquet.io.GroupColumnIO and org.apache.parquet.io.PrimitiveColumnIO are in unnamed module of loader io.trino.server.PluginClassLoader @7cbe34d4)
2026-03-18 15:36:48 [ERROR]: Athena Query Failed: HIVE_CANNOT_OPEN_SPLIT: Error opening Hive split s3://agentic-energy-ml-models-200937443240/147a92b9-f90a-473d-b443-e6e668c4fbb7/detections/anomaly_detection/anomaly_suggestions_run_ts=20260318T100429Z.parquet (offset=0, length=20141): class org.apache.parquet.io.GroupColumnIO cannot be cast to class org.apache.parquet.io.PrimitiveColumnIO (org.apache.parquet.io.GroupColumnIO and org.apache.parquet.io.PrimitiveColumnIO are in unnamed module of loader io.trino.server.PluginClassLoader @22a433e2)
2026-03-18 15:36:48 [ERROR]: Athena Execution Error: Athena Query Failed: HIVE_CANNOT_OPEN_SPLIT: Error opening Hive split s3://agentic-energy-ml-models-200937443240/147a92b9-f90a-473d-b443-e6e668c4fbb7/detections/anomaly_detection/anomaly_suggestions_run_ts=20260318T100429Z.parquet (offset=0, length=20141): class org.apache.parquet.io.GroupColumnIO cannot be cast to class org.apache.parquet.io.PrimitiveColumnIO (org.apache.parquet.io.GroupColumnIO and org.apache.parquet.io.PrimitiveColumnIO are in unnamed module of loader io.trino.server.PluginClassLoader @22a433e2)
2026-03-18 15:36:48 [ERROR]: Error in getAtRiskAssets: Athena Query Failed: HIVE_CANNOT_OPEN_SPLIT: Error opening Hive split s3://agentic-energy-ml-models-200937443240/147a92b9-f90a-473d-b443-e6e668c4fbb7/detections/anomaly_detection/anomaly_suggestions_run_ts=20260318T100429Z.parquet (offset=0, length=20141): class org.apache.parquet.io.GroupColumnIO cannot be cast to class org.apache.parquet.io.PrimitiveColumnIO (org.apache.parquet.io.GroupColumnIO and org.apache.parquet.io.PrimitiveColumnIO are in unnamed module of loader io.trino.server.PluginClassLoader @22a433e2)
2026-03-18 15:36:48 [ERROR]: Athena Query Failed: HIVE_CANNOT_OPEN_SPLIT: Error opening Hive split s3://agentic-energy-ml-models-200937443240/147a92b9-f90a-473d-b443-e6e668c4fbb7/detections/anomaly_detection/anomaly_suggestions_run_ts=20260318T100429Z.parquet (offset=0, length=20141): class org.apache.parquet.io.GroupColumnIO cannot be cast to class org.apache.parquet.io.PrimitiveColumnIO (org.apache.parquet.io.GroupColumnIO and org.apache.parquet.io.PrimitiveColumnIO are in unnamed module of loader io.trino.server.PluginClassLoader @22a433e2)
2026-03-18 15:39:48 [ERROR]: Athena Query Failed: HIVE_CANNOT_OPEN_SPLIT: Error opening Hive split s3://agentic-energy-ml-models-200937443240/147a92b9-f90a-473d-b443-e6e668c4fbb7/detections/anomaly_detection/anomaly_suggestions_run_ts=20260318T100421Z.parquet (offset=0, length=20156): class org.apache.parquet.io.GroupColumnIO cannot be cast to class org.apache.parquet.io.PrimitiveColumnIO (org.apache.parquet.io.GroupColumnIO and org.apache.parquet.io.PrimitiveColumnIO are in unnamed module of loader io.trino.server.PluginClassLoader @68f77766)
2026-03-18 15:39:48 [ERROR]: Athena Execution Error: Athena Query Failed: HIVE_CANNOT_OPEN_SPLIT: Error opening Hive split s3://agentic-energy-ml-models-200937443240/147a92b9-f90a-473d-b443-e6e668c4fbb7/detections/anomaly_detection/anomaly_suggestions_run_ts=20260318T100421Z.parquet (offset=0, length=20156): class org.apache.parquet.io.GroupColumnIO cannot be cast to class org.apache.parquet.io.PrimitiveColumnIO (org.apache.parquet.io.GroupColumnIO and org.apache.parquet.io.PrimitiveColumnIO are in unnamed module of loader io.trino.server.PluginClassLoader @68f77766)
2026-03-18 15:39:48 [ERROR]: Error in getAtRiskAssets: Athena Query Failed: HIVE_CANNOT_OPEN_SPLIT: Error opening Hive split s3://agentic-energy-ml-models-200937443240/147a92b9-f90a-473d-b443-e6e668c4fbb7/detections/anomaly_detection/anomaly_suggestions_run_ts=20260318T100421Z.parquet (offset=0, length=20156): class org.apache.parquet.io.GroupColumnIO cannot be cast to class org.apache.parquet.io.PrimitiveColumnIO (org.apache.parquet.io.GroupColumnIO and org.apache.parquet.io.PrimitiveColumnIO are in unnamed module of loader io.trino.server.PluginClassLoader @68f77766)
2026-03-18 15:39:48 [ERROR]: Athena Query Failed: HIVE_CANNOT_OPEN_SPLIT: Error opening Hive split s3://agentic-energy-ml-models-200937443240/147a92b9-f90a-473d-b443-e6e668c4fbb7/detections/anomaly_detection/anomaly_suggestions_run_ts=20260318T100421Z.parquet (offset=0, length=20156): class org.apache.parquet.io.GroupColumnIO cannot be cast to class org.apache.parquet.io.PrimitiveColumnIO (org.apache.parquet.io.GroupColumnIO and org.apache.parquet.io.PrimitiveColumnIO are in unnamed module of loader io.trino.server.PluginClassLoader @68f77766)
2026-03-18 15:47:56 [ERROR]: Athena Query Failed: HIVE_CANNOT_OPEN_SPLIT: Error opening Hive split s3://agentic-energy-ml-models-200937443240/147a92b9-f90a-473d-b443-e6e668c4fbb7/detections/anomaly_detection/anomaly_suggestions_run_ts=20260318T101517Z.parquet (offset=0, length=25695): class org.apache.parquet.io.GroupColumnIO cannot be cast to class org.apache.parquet.io.PrimitiveColumnIO (org.apache.parquet.io.GroupColumnIO and org.apache.parquet.io.PrimitiveColumnIO are in unnamed module of loader io.trino.server.PluginClassLoader @54600ca9)
2026-03-18 15:47:56 [ERROR]: Athena Execution Error: Athena Query Failed: HIVE_CANNOT_OPEN_SPLIT: Error opening Hive split s3://agentic-energy-ml-models-200937443240/147a92b9-f90a-473d-b443-e6e668c4fbb7/detections/anomaly_detection/anomaly_suggestions_run_ts=20260318T101517Z.parquet (offset=0, length=25695): class org.apache.parquet.io.GroupColumnIO cannot be cast to class org.apache.parquet.io.PrimitiveColumnIO (org.apache.parquet.io.GroupColumnIO and org.apache.parquet.io.PrimitiveColumnIO are in unnamed module of loader io.trino.server.PluginClassLoader @54600ca9)
2026-03-18 15:47:57 [ERROR]: Error in getAtRiskAssets: Athena Query Failed: HIVE_CANNOT_OPEN_SPLIT: Error opening Hive split s3://agentic-energy-ml-models-200937443240/147a92b9-f90a-473d-b443-e6e668c4fbb7/detections/anomaly_detection/anomaly_suggestions_run_ts=20260318T101517Z.parquet (offset=0, length=25695): class org.apache.parquet.io.GroupColumnIO cannot be cast to class org.apache.parquet.io.PrimitiveColumnIO (org.apache.parquet.io.GroupColumnIO and org.apache.parquet.io.PrimitiveColumnIO are in unnamed module of loader io.trino.server.PluginClassLoader @54600ca9)
2026-03-18 15:47:57 [ERROR]: Athena Query Failed: HIVE_CANNOT_OPEN_SPLIT: Error opening Hive split s3://agentic-energy-ml-models-200937443240/147a92b9-f90a-473d-b443-e6e668c4fbb7/detections/anomaly_detection/anomaly_suggestions_run_ts=20260318T101517Z.parquet (offset=0, length=25695): class org.apache.parquet.io.GroupColumnIO cannot be cast to class org.apache.parquet.io.PrimitiveColumnIO (org.apache.parquet.io.GroupColumnIO and org.apache.parquet.io.PrimitiveColumnIO are in unnamed module of loader io.trino.server.PluginClassLoader @54600ca9)
2026-03-18 15:50:30 [ERROR]: Athena Query Failed: HIVE_CANNOT_OPEN_SPLIT: Error opening Hive split s3://agentic-energy-ml-models-200937443240/147a92b9-f90a-473d-b443-e6e668c4fbb7/detections/anomaly_detection/anomaly_suggestions_run_ts=20260318T101529Z.parquet (offset=0, length=24765): class org.apache.parquet.io.GroupColumnIO cannot be cast to class org.apache.parquet.io.PrimitiveColumnIO (org.apache.parquet.io.GroupColumnIO and org.apache.parquet.io.PrimitiveColumnIO are in unnamed module of loader io.trino.server.PluginClassLoader @4ed5b2e9)
2026-03-18 15:50:30 [ERROR]: Athena Execution Error: Athena Query Failed: HIVE_CANNOT_OPEN_SPLIT: Error opening Hive split s3://agentic-energy-ml-models-200937443240/147a92b9-f90a-473d-b443-e6e668c4fbb7/detections/anomaly_detection/anomaly_suggestions_run_ts=20260318T101529Z.parquet (offset=0, length=24765): class org.apache.parquet.io.GroupColumnIO cannot be cast to class org.apache.parquet.io.PrimitiveColumnIO (org.apache.parquet.io.GroupColumnIO and org.apache.parquet.io.PrimitiveColumnIO are in unnamed module of loader io.trino.server.PluginClassLoader @4ed5b2e9)
2026-03-18 15:50:30 [ERROR]: Error in getAtRiskAssets: Athena Query Failed: HIVE_CANNOT_OPEN_SPLIT: Error opening Hive split s3://agentic-energy-ml-models-200937443240/147a92b9-f90a-473d-b443-e6e668c4fbb7/detections/anomaly_detection/anomaly_suggestions_run_ts=20260318T101529Z.parquet (offset=0, length=24765): class org.apache.parquet.io.GroupColumnIO cannot be cast to class org.apache.parquet.io.PrimitiveColumnIO (org.apache.parquet.io.GroupColumnIO and org.apache.parquet.io.PrimitiveColumnIO are in unnamed module of loader io.trino.server.PluginClassLoader @4ed5b2e9)
2026-03-18 15:50:30 [ERROR]: Athena Query Failed: HIVE_CANNOT_OPEN_SPLIT: Error opening Hive split s3://agentic-energy-ml-models-200937443240/147a92b9-f90a-473d-b443-e6e668c4fbb7/detections/anomaly_detection/anomaly_suggestions_run_ts=20260318T101529Z.parquet (offset=0, length=24765): class org.apache.parquet.io.GroupColumnIO cannot be cast to class org.apache.parquet.io.PrimitiveColumnIO (org.apache.parquet.io.GroupColumnIO and org.apache.parquet.io.PrimitiveColumnIO are in unnamed module of loader io.trino.server.PluginClassLoader @4ed5b2e9)
2026-03-18 15:51:01 [ERROR]: Athena Query Failed: HIVE_CANNOT_OPEN_SPLIT: Error opening Hive split s3://agentic-energy-ml-models-200937443240/147a92b9-f90a-473d-b443-e6e668c4fbb7/detections/anomaly_detection/anomaly_suggestions_run_ts=20260318T101517Z.parquet (offset=0, length=25695): class org.apache.parquet.io.GroupColumnIO cannot be cast to class org.apache.parquet.io.PrimitiveColumnIO (org.apache.parquet.io.GroupColumnIO and org.apache.parquet.io.PrimitiveColumnIO are in unnamed module of loader io.trino.server.PluginClassLoader @7a8a73dc)
2026-03-18 15:51:01 [ERROR]: Athena Execution Error: Athena Query Failed: HIVE_CANNOT_OPEN_SPLIT: Error opening Hive split s3://agentic-energy-ml-models-200937443240/147a92b9-f90a-473d-b443-e6e668c4fbb7/detections/anomaly_detection/anomaly_suggestions_run_ts=20260318T101517Z.parquet (offset=0, length=25695): class org.apache.parquet.io.GroupColumnIO cannot be cast to class org.apache.parquet.io.PrimitiveColumnIO (org.apache.parquet.io.GroupColumnIO and org.apache.parquet.io.PrimitiveColumnIO are in unnamed module of loader io.trino.server.PluginClassLoader @7a8a73dc)
2026-03-18 15:51:01 [ERROR]: Error in getAtRiskAssets: Athena Query Failed: HIVE_CANNOT_OPEN_SPLIT: Error opening Hive split s3://agentic-energy-ml-models-200937443240/147a92b9-f90a-473d-b443-e6e668c4fbb7/detections/anomaly_detection/anomaly_suggestions_run_ts=20260318T101517Z.parquet (offset=0, length=25695): class org.apache.parquet.io.GroupColumnIO cannot be cast to class org.apache.parquet.io.PrimitiveColumnIO (org.apache.parquet.io.GroupColumnIO and org.apache.parquet.io.PrimitiveColumnIO are in unnamed module of loader io.trino.server.PluginClassLoader @7a8a73dc)
2026-03-18 15:51:01 [ERROR]: Athena Query Failed: HIVE_CANNOT_OPEN_SPLIT: Error opening Hive split s3://agentic-energy-ml-models-200937443240/147a92b9-f90a-473d-b443-e6e668c4fbb7/detections/anomaly_detection/anomaly_suggestions_run_ts=20260318T101517Z.parquet (offset=0, length=25695): class org.apache.parquet.io.GroupColumnIO cannot be cast to class org.apache.parquet.io.PrimitiveColumnIO (org.apache.parquet.io.GroupColumnIO and org.apache.parquet.io.PrimitiveColumnIO are in unnamed module of loader io.trino.server.PluginClassLoader @7a8a73dc)
2026-03-18 16:04:26 [ERROR]: Athena Query Failed: HIVE_CANNOT_OPEN_SPLIT: Error opening Hive split s3://agentic-energy-ml-models-200937443240/147a92b9-f90a-473d-b443-e6e668c4fbb7/detections/anomaly_detection/anomaly_suggestions_run_ts=20260318T101517Z.parquet (offset=0, length=25695): class org.apache.parquet.io.GroupColumnIO cannot be cast to class org.apache.parquet.io.PrimitiveColumnIO (org.apache.parquet.io.GroupColumnIO and org.apache.parquet.io.PrimitiveColumnIO are in unnamed module of loader io.trino.server.PluginClassLoader @1995e14d)
2026-03-18 16:04:26 [ERROR]: Athena Execution Error: Athena Query Failed: HIVE_CANNOT_OPEN_SPLIT: Error opening Hive split s3://agentic-energy-ml-models-200937443240/147a92b9-f90a-473d-b443-e6e668c4fbb7/detections/anomaly_detection/anomaly_suggestions_run_ts=20260318T101517Z.parquet (offset=0, length=25695): class org.apache.parquet.io.GroupColumnIO cannot be cast to class org.apache.parquet.io.PrimitiveColumnIO (org.apache.parquet.io.GroupColumnIO and org.apache.parquet.io.PrimitiveColumnIO are in unnamed module of loader io.trino.server.PluginClassLoader @1995e14d)
2026-03-18 16:04:26 [ERROR]: Error in getAtRiskAssets: Athena Query Failed: HIVE_CANNOT_OPEN_SPLIT: Error opening Hive split s3://agentic-energy-ml-models-200937443240/147a92b9-f90a-473d-b443-e6e668c4fbb7/detections/anomaly_detection/anomaly_suggestions_run_ts=20260318T101517Z.parquet (offset=0, length=25695): class org.apache.parquet.io.GroupColumnIO cannot be cast to class org.apache.parquet.io.PrimitiveColumnIO (org.apache.parquet.io.GroupColumnIO and org.apache.parquet.io.PrimitiveColumnIO are in unnamed module of loader io.trino.server.PluginClassLoader @1995e14d)
2026-03-18 16:04:26 [ERROR]: Athena Query Failed: HIVE_CANNOT_OPEN_SPLIT: Error opening Hive split s3://agentic-energy-ml-models-200937443240/147a92b9-f90a-473d-b443-e6e668c4fbb7/detections/anomaly_detection/anomaly_suggestions_run_ts=20260318T101517Z.parquet (offset=0, length=25695): class org.apache.parquet.io.GroupColumnIO cannot be cast to class org.apache.parquet.io.PrimitiveColumnIO (org.apache.parquet.io.GroupColumnIO and org.apache.parquet.io.PrimitiveColumnIO are in unnamed module of loader io.trino.server.PluginClassLoader @1995e14d)
2026-03-18 18:18:09 [ERROR]: Athena Query Failed: HIVE_CANNOT_OPEN_SPLIT: Error opening Hive split s3://agentic-energy-ml-models-200937443240/147a92b9-f90a-473d-b443-e6e668c4fbb7/detections/anomaly_detection/anomaly_suggestions_run_ts=20260318T101453Z.parquet (offset=0, length=24326): class org.apache.parquet.io.GroupColumnIO cannot be cast to class org.apache.parquet.io.PrimitiveColumnIO (org.apache.parquet.io.GroupColumnIO and org.apache.parquet.io.PrimitiveColumnIO are in unnamed module of loader io.trino.server.PluginClassLoader @7fae6cd2)
2026-03-18 18:18:10 [ERROR]: Athena Execution Error: Athena Query Failed: HIVE_CANNOT_OPEN_SPLIT: Error opening Hive split s3://agentic-energy-ml-models-200937443240/147a92b9-f90a-473d-b443-e6e668c4fbb7/detections/anomaly_detection/anomaly_suggestions_run_ts=20260318T101453Z.parquet (offset=0, length=24326): class org.apache.parquet.io.GroupColumnIO cannot be cast to class org.apache.parquet.io.PrimitiveColumnIO (org.apache.parquet.io.GroupColumnIO and org.apache.parquet.io.PrimitiveColumnIO are in unnamed module of loader io.trino.server.PluginClassLoader @7fae6cd2)
2026-03-18 18:18:10 [ERROR]: Error in getAtRiskAssets: Athena Query Failed: HIVE_CANNOT_OPEN_SPLIT: Error opening Hive split s3://agentic-energy-ml-models-200937443240/147a92b9-f90a-473d-b443-e6e668c4fbb7/detections/anomaly_detection/anomaly_suggestions_run_ts=20260318T101453Z.parquet (offset=0, length=24326): class org.apache.parquet.io.GroupColumnIO cannot be cast to class org.apache.parquet.io.PrimitiveColumnIO (org.apache.parquet.io.GroupColumnIO and org.apache.parquet.io.PrimitiveColumnIO are in unnamed module of loader io.trino.server.PluginClassLoader @7fae6cd2)
2026-03-18 18:18:10 [ERROR]: Athena Query Failed: HIVE_CANNOT_OPEN_SPLIT: Error opening Hive split s3://agentic-energy-ml-models-200937443240/147a92b9-f90a-473d-b443-e6e668c4fbb7/detections/anomaly_detection/anomaly_suggestions_run_ts=20260318T101453Z.parquet (offset=0, length=24326): class org.apache.parquet.io.GroupColumnIO cannot be cast to class org.apache.parquet.io.PrimitiveColumnIO (org.apache.parquet.io.GroupColumnIO and org.apache.parquet.io.PrimitiveColumnIO are in unnamed module of loader io.trino.server.PluginClassLoader @7fae6cd2)
2026-03-18 18:19:05 [ERROR]: Athena Query Failed: HIVE_CANNOT_OPEN_SPLIT: Error opening Hive split s3://agentic-energy-ml-models-200937443240/147a92b9-f90a-473d-b443-e6e668c4fbb7/detections/anomaly_detection/anomaly_suggestions_run_ts=20260318T101529Z.parquet (offset=0, length=24765): class org.apache.parquet.io.GroupColumnIO cannot be cast to class org.apache.parquet.io.PrimitiveColumnIO (org.apache.parquet.io.GroupColumnIO and org.apache.parquet.io.PrimitiveColumnIO are in unnamed module of loader io.trino.server.PluginClassLoader @51ca22c4)
2026-03-18 18:19:05 [ERROR]: Athena Execution Error: Athena Query Failed: HIVE_CANNOT_OPEN_SPLIT: Error opening Hive split s3://agentic-energy-ml-models-200937443240/147a92b9-f90a-473d-b443-e6e668c4fbb7/detections/anomaly_detection/anomaly_suggestions_run_ts=20260318T101529Z.parquet (offset=0, length=24765): class org.apache.parquet.io.GroupColumnIO cannot be cast to class org.apache.parquet.io.PrimitiveColumnIO (org.apache.parquet.io.GroupColumnIO and org.apache.parquet.io.PrimitiveColumnIO are in unnamed module of loader io.trino.server.PluginClassLoader @51ca22c4)
2026-03-18 18:19:05 [ERROR]: Error in getAtRiskAssets: Athena Query Failed: HIVE_CANNOT_OPEN_SPLIT: Error opening Hive split s3://agentic-energy-ml-models-200937443240/147a92b9-f90a-473d-b443-e6e668c4fbb7/detections/anomaly_detection/anomaly_suggestions_run_ts=20260318T101529Z.parquet (offset=0, length=24765): class org.apache.parquet.io.GroupColumnIO cannot be cast to class org.apache.parquet.io.PrimitiveColumnIO (org.apache.parquet.io.GroupColumnIO and org.apache.parquet.io.PrimitiveColumnIO are in unnamed module of loader io.trino.server.PluginClassLoader @51ca22c4)
2026-03-18 18:19:05 [ERROR]: Athena Query Failed: HIVE_CANNOT_OPEN_SPLIT: Error opening Hive split s3://agentic-energy-ml-models-200937443240/147a92b9-f90a-473d-b443-e6e668c4fbb7/detections/anomaly_detection/anomaly_suggestions_run_ts=20260318T101529Z.parquet (offset=0, length=24765): class org.apache.parquet.io.GroupColumnIO cannot be cast to class org.apache.parquet.io.PrimitiveColumnIO (org.apache.parquet.io.GroupColumnIO and org.apache.parquet.io.PrimitiveColumnIO are in unnamed module of loader io.trino.server.PluginClassLoader @51ca22c4)
2026-03-18 18:19:55 [ERROR]: Athena Query Failed: HIVE_CANNOT_OPEN_SPLIT: Error opening Hive split s3://agentic-energy-ml-models-200937443240/147a92b9-f90a-473d-b443-e6e668c4fbb7/detections/anomaly_detection/anomaly_suggestions_run_ts=20260318T101517Z.parquet (offset=0, length=25695): class org.apache.parquet.io.GroupColumnIO cannot be cast to class org.apache.parquet.io.PrimitiveColumnIO (org.apache.parquet.io.GroupColumnIO and org.apache.parquet.io.PrimitiveColumnIO are in unnamed module of loader io.trino.server.PluginClassLoader @3690d233)
2026-03-18 18:19:55 [ERROR]: Athena Execution Error: Athena Query Failed: HIVE_CANNOT_OPEN_SPLIT: Error opening Hive split s3://agentic-energy-ml-models-200937443240/147a92b9-f90a-473d-b443-e6e668c4fbb7/detections/anomaly_detection/anomaly_suggestions_run_ts=20260318T101517Z.parquet (offset=0, length=25695): class org.apache.parquet.io.GroupColumnIO cannot be cast to class org.apache.parquet.io.PrimitiveColumnIO (org.apache.parquet.io.GroupColumnIO and org.apache.parquet.io.PrimitiveColumnIO are in unnamed module of loader io.trino.server.PluginClassLoader @3690d233)
2026-03-18 18:19:55 [ERROR]: Error in getAtRiskAssets: Athena Query Failed: HIVE_CANNOT_OPEN_SPLIT: Error opening Hive split s3://agentic-energy-ml-models-200937443240/147a92b9-f90a-473d-b443-e6e668c4fbb7/detections/anomaly_detection/anomaly_suggestions_run_ts=20260318T101517Z.parquet (offset=0, length=25695): class org.apache.parquet.io.GroupColumnIO cannot be cast to class org.apache.parquet.io.PrimitiveColumnIO (org.apache.parquet.io.GroupColumnIO and org.apache.parquet.io.PrimitiveColumnIO are in unnamed module of loader io.trino.server.PluginClassLoader @3690d233)
2026-03-18 18:19:55 [ERROR]: Athena Query Failed: HIVE_CANNOT_OPEN_SPLIT: Error opening Hive split s3://agentic-energy-ml-models-200937443240/147a92b9-f90a-473d-b443-e6e668c4fbb7/detections/anomaly_detection/anomaly_suggestions_run_ts=20260318T101517Z.parquet (offset=0, length=25695): class org.apache.parquet.io.GroupColumnIO cannot be cast to class org.apache.parquet.io.PrimitiveColumnIO (org.apache.parquet.io.GroupColumnIO and org.apache.parquet.io.PrimitiveColumnIO are in unnamed module of loader io.trino.server.PluginClassLoader @3690d233)
2026-03-18 18:21:02 [ERROR]: Athena Query Failed: HIVE_CANNOT_OPEN_SPLIT: Error opening Hive split s3://agentic-energy-ml-models-200937443240/147a92b9-f90a-473d-b443-e6e668c4fbb7/detections/anomaly_detection/anomaly_suggestions_run_ts=20260318T101529Z.parquet (offset=0, length=24765): class org.apache.parquet.io.GroupColumnIO cannot be cast to class org.apache.parquet.io.PrimitiveColumnIO (org.apache.parquet.io.GroupColumnIO and org.apache.parquet.io.PrimitiveColumnIO are in unnamed module of loader io.trino.server.PluginClassLoader @7893ae99)
2026-03-18 18:21:02 [ERROR]: Athena Execution Error: Athena Query Failed: HIVE_CANNOT_OPEN_SPLIT: Error opening Hive split s3://agentic-energy-ml-models-200937443240/147a92b9-f90a-473d-b443-e6e668c4fbb7/detections/anomaly_detection/anomaly_suggestions_run_ts=20260318T101529Z.parquet (offset=0, length=24765): class org.apache.parquet.io.GroupColumnIO cannot be cast to class org.apache.parquet.io.PrimitiveColumnIO (org.apache.parquet.io.GroupColumnIO and org.apache.parquet.io.PrimitiveColumnIO are in unnamed module of loader io.trino.server.PluginClassLoader @7893ae99)
2026-03-18 18:21:02 [ERROR]: Error in getAtRiskAssets: Athena Query Failed: HIVE_CANNOT_OPEN_SPLIT: Error opening Hive split s3://agentic-energy-ml-models-200937443240/147a92b9-f90a-473d-b443-e6e668c4fbb7/detections/anomaly_detection/anomaly_suggestions_run_ts=20260318T101529Z.parquet (offset=0, length=24765): class org.apache.parquet.io.GroupColumnIO cannot be cast to class org.apache.parquet.io.PrimitiveColumnIO (org.apache.parquet.io.GroupColumnIO and org.apache.parquet.io.PrimitiveColumnIO are in unnamed module of loader io.trino.server.PluginClassLoader @7893ae99)
2026-03-18 18:21:02 [ERROR]: Athena Query Failed: HIVE_CANNOT_OPEN_SPLIT: Error opening Hive split s3://agentic-energy-ml-models-200937443240/147a92b9-f90a-473d-b443-e6e668c4fbb7/detections/anomaly_detection/anomaly_suggestions_run_ts=20260318T101529Z.parquet (offset=0, length=24765): class org.apache.parquet.io.GroupColumnIO cannot be cast to class org.apache.parquet.io.PrimitiveColumnIO (org.apache.parquet.io.GroupColumnIO and org.apache.parquet.io.PrimitiveColumnIO are in unnamed module of loader io.trino.server.PluginClassLoader @7893ae99)
2026-03-18 18:26:09 [ERROR]: Athena Query Failed: HIVE_CANNOT_OPEN_SPLIT: Error opening Hive split s3://agentic-energy-ml-models-200937443240/147a92b9-f90a-473d-b443-e6e668c4fbb7/detections/anomaly_detection/anomaly_suggestions_run_ts=20260318T101453Z.parquet (offset=0, length=24326): class org.apache.parquet.io.GroupColumnIO cannot be cast to class org.apache.parquet.io.PrimitiveColumnIO (org.apache.parquet.io.GroupColumnIO and org.apache.parquet.io.PrimitiveColumnIO are in unnamed module of loader io.trino.server.PluginClassLoader @311c6aec)
2026-03-18 18:26:09 [ERROR]: Athena Execution Error: Athena Query Failed: HIVE_CANNOT_OPEN_SPLIT: Error opening Hive split s3://agentic-energy-ml-models-200937443240/147a92b9-f90a-473d-b443-e6e668c4fbb7/detections/anomaly_detection/anomaly_suggestions_run_ts=20260318T101453Z.parquet (offset=0, length=24326): class org.apache.parquet.io.GroupColumnIO cannot be cast to class org.apache.parquet.io.PrimitiveColumnIO (org.apache.parquet.io.GroupColumnIO and org.apache.parquet.io.PrimitiveColumnIO are in unnamed module of loader io.trino.server.PluginClassLoader @311c6aec)
2026-03-18 18:26:09 [ERROR]: Error in getAtRiskAssets: Athena Query Failed: HIVE_CANNOT_OPEN_SPLIT: Error opening Hive split s3://agentic-energy-ml-models-200937443240/147a92b9-f90a-473d-b443-e6e668c4fbb7/detections/anomaly_detection/anomaly_suggestions_run_ts=20260318T101453Z.parquet (offset=0, length=24326): class org.apache.parquet.io.GroupColumnIO cannot be cast to class org.apache.parquet.io.PrimitiveColumnIO (org.apache.parquet.io.GroupColumnIO and org.apache.parquet.io.PrimitiveColumnIO are in unnamed module of loader io.trino.server.PluginClassLoader @311c6aec)
2026-03-18 18:26:09 [ERROR]: Athena Query Failed: HIVE_CANNOT_OPEN_SPLIT: Error opening Hive split s3://agentic-energy-ml-models-200937443240/147a92b9-f90a-473d-b443-e6e668c4fbb7/detections/anomaly_detection/anomaly_suggestions_run_ts=20260318T101453Z.parquet (offset=0, length=24326): class org.apache.parquet.io.GroupColumnIO cannot be cast to class org.apache.parquet.io.PrimitiveColumnIO (org.apache.parquet.io.GroupColumnIO and org.apache.parquet.io.PrimitiveColumnIO are in unnamed module of loader io.trino.server.PluginClassLoader @311c6aec)
2026-03-18 18:29:45 [ERROR]: Athena Query Failed: HIVE_CANNOT_OPEN_SPLIT: Error opening Hive split s3://agentic-energy-ml-models-200937443240/147a92b9-f90a-473d-b443-e6e668c4fbb7/detections/anomaly_detection/anomaly_suggestions_run_ts=20260318T101517Z.parquet (offset=0, length=25695): class org.apache.parquet.io.GroupColumnIO cannot be cast to class org.apache.parquet.io.PrimitiveColumnIO (org.apache.parquet.io.GroupColumnIO and org.apache.parquet.io.PrimitiveColumnIO are in unnamed module of loader io.trino.server.PluginClassLoader @41328634)
2026-03-18 18:29:45 [ERROR]: Athena Execution Error: Athena Query Failed: HIVE_CANNOT_OPEN_SPLIT: Error opening Hive split s3://agentic-energy-ml-models-200937443240/147a92b9-f90a-473d-b443-e6e668c4fbb7/detections/anomaly_detection/anomaly_suggestions_run_ts=20260318T101517Z.parquet (offset=0, length=25695): class org.apache.parquet.io.GroupColumnIO cannot be cast to class org.apache.parquet.io.PrimitiveColumnIO (org.apache.parquet.io.GroupColumnIO and org.apache.parquet.io.PrimitiveColumnIO are in unnamed module of loader io.trino.server.PluginClassLoader @41328634)
2026-03-18 18:29:45 [ERROR]: Error in getAtRiskAssets: Athena Query Failed: HIVE_CANNOT_OPEN_SPLIT: Error opening Hive split s3://agentic-energy-ml-models-200937443240/147a92b9-f90a-473d-b443-e6e668c4fbb7/detections/anomaly_detection/anomaly_suggestions_run_ts=20260318T101517Z.parquet (offset=0, length=25695): class org.apache.parquet.io.GroupColumnIO cannot be cast to class org.apache.parquet.io.PrimitiveColumnIO (org.apache.parquet.io.GroupColumnIO and org.apache.parquet.io.PrimitiveColumnIO are in unnamed module of loader io.trino.server.PluginClassLoader @41328634)
2026-03-18 18:29:45 [ERROR]: Athena Query Failed: HIVE_CANNOT_OPEN_SPLIT: Error opening Hive split s3://agentic-energy-ml-models-200937443240/147a92b9-f90a-473d-b443-e6e668c4fbb7/detections/anomaly_detection/anomaly_suggestions_run_ts=20260318T101517Z.parquet (offset=0, length=25695): class org.apache.parquet.io.GroupColumnIO cannot be cast to class org.apache.parquet.io.PrimitiveColumnIO (org.apache.parquet.io.GroupColumnIO and org.apache.parquet.io.PrimitiveColumnIO are in unnamed module of loader io.trino.server.PluginClassLoader @41328634)
2026-03-18 18:32:11 [ERROR]: Athena Query Failed: HIVE_CANNOT_OPEN_SPLIT: Error opening Hive split s3://agentic-energy-ml-models-200937443240/147a92b9-f90a-473d-b443-e6e668c4fbb7/detections/anomaly_detection/anomaly_suggestions_run_ts=20260318T101529Z.parquet (offset=0, length=24765): class org.apache.parquet.io.GroupColumnIO cannot be cast to class org.apache.parquet.io.PrimitiveColumnIO (org.apache.parquet.io.GroupColumnIO and org.apache.parquet.io.PrimitiveColumnIO are in unnamed module of loader io.trino.server.PluginClassLoader @2ee36d76)
2026-03-18 18:32:11 [ERROR]: Athena Execution Error: Athena Query Failed: HIVE_CANNOT_OPEN_SPLIT: Error opening Hive split s3://agentic-energy-ml-models-200937443240/147a92b9-f90a-473d-b443-e6e668c4fbb7/detections/anomaly_detection/anomaly_suggestions_run_ts=20260318T101529Z.parquet (offset=0, length=24765): class org.apache.parquet.io.GroupColumnIO cannot be cast to class org.apache.parquet.io.PrimitiveColumnIO (org.apache.parquet.io.GroupColumnIO and org.apache.parquet.io.PrimitiveColumnIO are in unnamed module of loader io.trino.server.PluginClassLoader @2ee36d76)
2026-03-18 18:32:11 [ERROR]: Error in getAtRiskAssets: Athena Query Failed: HIVE_CANNOT_OPEN_SPLIT: Error opening Hive split s3://agentic-energy-ml-models-200937443240/147a92b9-f90a-473d-b443-e6e668c4fbb7/detections/anomaly_detection/anomaly_suggestions_run_ts=20260318T101529Z.parquet (offset=0, length=24765): class org.apache.parquet.io.GroupColumnIO cannot be cast to class org.apache.parquet.io.PrimitiveColumnIO (org.apache.parquet.io.GroupColumnIO and org.apache.parquet.io.PrimitiveColumnIO are in unnamed module of loader io.trino.server.PluginClassLoader @2ee36d76)
2026-03-18 18:32:11 [ERROR]: Athena Query Failed: HIVE_CANNOT_OPEN_SPLIT: Error opening Hive split s3://agentic-energy-ml-models-200937443240/147a92b9-f90a-473d-b443-e6e668c4fbb7/detections/anomaly_detection/anomaly_suggestions_run_ts=20260318T101529Z.parquet (offset=0, length=24765): class org.apache.parquet.io.GroupColumnIO cannot be cast to class org.apache.parquet.io.PrimitiveColumnIO (org.apache.parquet.io.GroupColumnIO and org.apache.parquet.io.PrimitiveColumnIO are in unnamed module of loader io.trino.server.PluginClassLoader @2ee36d76)
2026-03-18 18:36:21 [ERROR]: Athena Query Failed: TABLE_NOT_FOUND: line 22:18: Table 'awsdatacatalog.agentic_energy_web_db.well_status' does not exist
2026-03-18 18:36:21 [ERROR]: Athena Execution Error: Athena Query Failed: TABLE_NOT_FOUND: line 22:18: Table 'awsdatacatalog.agentic_energy_web_db.well_status' does not exist
2026-03-18 18:36:21 [ERROR]: Error in getAtRiskAssets: Athena Query Failed: TABLE_NOT_FOUND: line 22:18: Table 'awsdatacatalog.agentic_energy_web_db.well_status' does not exist
2026-03-18 18:36:21 [ERROR]: Athena Query Failed: TABLE_NOT_FOUND: line 22:18: Table 'awsdatacatalog.agentic_energy_web_db.well_status' does not exist
2026-03-18 18:38:38 [ERROR]: Unable to connect to Snowflake:
2026-03-18 18:38:38 [ERROR]: Error fetching production forecasting from Snowflake: Failed to connect to Snowflake
2026-03-18 18:38:59 [ERROR]: Unable to connect to Snowflake:
2026-03-18 18:38:59 [ERROR]: Error fetching production forecasting from Snowflake: Failed to connect to Snowflake
2026-03-18 18:39:25 [ERROR]: Unable to connect to Snowflake:
2026-03-18 18:39:25 [ERROR]: Error fetching production forecasting from Snowflake: Failed to connect to Snowflake
2026-03-18 18:44:46 [ERROR]: Athena Execution Error: getaddrinfo EAI_AGAIN athena.us-east-1.amazonaws.com
2026-03-18 18:44:46 [ERROR]: Error in getDashboardData: getaddrinfo EAI_AGAIN athena.us-east-1.amazonaws.com
2026-03-18 18:44:46 [ERROR]: Athena Execution Error: getaddrinfo EAI_AGAIN athena.us-east-1.amazonaws.com
2026-03-18 18:44:46 [ERROR]: getaddrinfo EAI_AGAIN athena.us-east-1.amazonaws.com
2026-03-18 18:45:16 [ERROR]: Athena Execution Error: getaddrinfo EAI_AGAIN athena.us-east-1.amazonaws.com
2026-03-18 18:45:46 [ERROR]: Athena Execution Error: getaddrinfo EAI_AGAIN athena.us-east-1.amazonaws.com
2026-03-18 18:45:46 [ERROR]: Error in getDashboardData: getaddrinfo EAI_AGAIN athena.us-east-1.amazonaws.com
2026-03-18 18:45:46 [ERROR]: getaddrinfo EAI_AGAIN athena.us-east-1.amazonaws.com
2026-03-18 18:45:56 [ERROR]: Athena Execution Error: getaddrinfo EAI_AGAIN athena.us-east-1.amazonaws.com
2026-03-18 18:46:06 [ERROR]: Athena Execution Error: getaddrinfo EAI_AGAIN athena.us-east-1.amazonaws.com
2026-03-18 18:46:11 [ERROR]: Unable to connect to Snowflake:
2026-03-18 18:46:11 [ERROR]: Error fetching production forecasting from Snowflake: Failed to connect to Snowflake
2026-03-18 18:46:11 [ERROR]: Failed to execute statement:
2026-03-18 18:46:11 [ERROR]: Error fetching production forecasting from Snowflake: Snowflake query failed: Unable to perform operation using terminated connection.
2026-03-18 18:48:18 [ERROR]: Unable to connect to Snowflake:
2026-03-18 18:48:18 [ERROR]: Error fetching production forecasting from Snowflake: Failed to connect to Snowflake
2026-03-18 19:02:52 [ERROR]: Unable to connect to Snowflake:
2026-03-18 19:02:52 [ERROR]: Error fetching production forecasting from Snowflake: Failed to connect to Snowflake
2026-03-18 19:03:37 [ERROR]: Unable to connect to Snowflake:
2026-03-18 19:03:37 [ERROR]: Error fetching production forecasting from Snowflake: Failed to connect to Snowflake
2026-03-18 19:04:11 [ERROR]: Unable to connect to Snowflake:
2026-03-18 19:04:11 [ERROR]: Error fetching production forecasting from Snowflake: Failed to connect to Snowflake
2026-03-19 11:04:41 [ERROR]: Athena Query Failed: HIVE_CANNOT_OPEN_SPLIT: Error opening Hive split s3://agentic-energy-ml-models-200937443240/147a92b9-f90a-473d-b443-e6e668c4fbb7/detections/anomaly_detection/anomaly_suggestions_run_ts=20260318T101505Z.parquet (offset=0, length=24925): class org.apache.parquet.io.GroupColumnIO cannot be cast to class org.apache.parquet.io.PrimitiveColumnIO (org.apache.parquet.io.GroupColumnIO and org.apache.parquet.io.PrimitiveColumnIO are in unnamed module of loader io.trino.server.PluginClassLoader @24a9d2ce)
2026-03-19 11:04:41 [ERROR]: Athena Execution Error: Athena Query Failed: HIVE_CANNOT_OPEN_SPLIT: Error opening Hive split s3://agentic-energy-ml-models-200937443240/147a92b9-f90a-473d-b443-e6e668c4fbb7/detections/anomaly_detection/anomaly_suggestions_run_ts=20260318T101505Z.parquet (offset=0, length=24925): class org.apache.parquet.io.GroupColumnIO cannot be cast to class org.apache.parquet.io.PrimitiveColumnIO (org.apache.parquet.io.GroupColumnIO and org.apache.parquet.io.PrimitiveColumnIO are in unnamed module of loader io.trino.server.PluginClassLoader @24a9d2ce)
2026-03-19 11:04:41 [ERROR]: Error in getAtRiskAssets: Athena Query Failed: HIVE_CANNOT_OPEN_SPLIT: Error opening Hive split s3://agentic-energy-ml-models-200937443240/147a92b9-f90a-473d-b443-e6e668c4fbb7/detections/anomaly_detection/anomaly_suggestions_run_ts=20260318T101505Z.parquet (offset=0, length=24925): class org.apache.parquet.io.GroupColumnIO cannot be cast to class org.apache.parquet.io.PrimitiveColumnIO (org.apache.parquet.io.GroupColumnIO and org.apache.parquet.io.PrimitiveColumnIO are in unnamed module of loader io.trino.server.PluginClassLoader @24a9d2ce)
2026-03-19 11:04:42 [ERROR]: Athena Query Failed: HIVE_CANNOT_OPEN_SPLIT: Error opening Hive split s3://agentic-energy-ml-models-200937443240/147a92b9-f90a-473d-b443-e6e668c4fbb7/detections/anomaly_detection/anomaly_suggestions_run_ts=20260318T101505Z.parquet (offset=0, length=24925): class org.apache.parquet.io.GroupColumnIO cannot be cast to class org.apache.parquet.io.PrimitiveColumnIO (org.apache.parquet.io.GroupColumnIO and org.apache.parquet.io.PrimitiveColumnIO are in unnamed module of loader io.trino.server.PluginClassLoader @24a9d2ce)
2026-03-19 11:08:42 [ERROR]: Athena Query Failed: HIVE_CANNOT_OPEN_SPLIT: Error opening Hive split s3://agentic-energy-ml-models-200937443240/147a92b9-f90a-473d-b443-e6e668c4fbb7/detections/anomaly_detection/anomaly_suggestions_run_ts=20260318T101505Z.parquet (offset=0, length=24925): class org.apache.parquet.io.GroupColumnIO cannot be cast to class org.apache.parquet.io.PrimitiveColumnIO (org.apache.parquet.io.GroupColumnIO and org.apache.parquet.io.PrimitiveColumnIO are in unnamed module of loader io.trino.server.PluginClassLoader @59a06da9)
2026-03-19 11:08:42 [ERROR]: Athena Execution Error: Athena Query Failed: HIVE_CANNOT_OPEN_SPLIT: Error opening Hive split s3://agentic-energy-ml-models-200937443240/147a92b9-f90a-473d-b443-e6e668c4fbb7/detections/anomaly_detection/anomaly_suggestions_run_ts=20260318T101505Z.parquet (offset=0, length=24925): class org.apache.parquet.io.GroupColumnIO cannot be cast to class org.apache.parquet.io.PrimitiveColumnIO (org.apache.parquet.io.GroupColumnIO and org.apache.parquet.io.PrimitiveColumnIO are in unnamed module of loader io.trino.server.PluginClassLoader @59a06da9)
2026-03-19 11:08:42 [ERROR]: Error in getAtRiskAssets: Athena Query Failed: HIVE_CANNOT_OPEN_SPLIT: Error opening Hive split s3://agentic-energy-ml-models-200937443240/147a92b9-f90a-473d-b443-e6e668c4fbb7/detections/anomaly_detection/anomaly_suggestions_run_ts=20260318T101505Z.parquet (offset=0, length=24925): class org.apache.parquet.io.GroupColumnIO cannot be cast to class org.apache.parquet.io.PrimitiveColumnIO (org.apache.parquet.io.GroupColumnIO and org.apache.parquet.io.PrimitiveColumnIO are in unnamed module of loader io.trino.server.PluginClassLoader @59a06da9)
2026-03-19 11:08:42 [ERROR]: Athena Query Failed: HIVE_CANNOT_OPEN_SPLIT: Error opening Hive split s3://agentic-energy-ml-models-200937443240/147a92b9-f90a-473d-b443-e6e668c4fbb7/detections/anomaly_detection/anomaly_suggestions_run_ts=20260318T101505Z.parquet (offset=0, length=24925): class org.apache.parquet.io.GroupColumnIO cannot be cast to class org.apache.parquet.io.PrimitiveColumnIO (org.apache.parquet.io.GroupColumnIO and org.apache.parquet.io.PrimitiveColumnIO are in unnamed module of loader io.trino.server.PluginClassLoader @59a06da9)
2026-03-19 11:24:43 [ERROR]: Athena Query Failed: HIVE_CANNOT_OPEN_SPLIT: Error opening Hive split s3://agentic-energy-ml-models-200937443240/147a92b9-f90a-473d-b443-e6e668c4fbb7/detections/anomaly_detection/anomaly_suggestions_run_ts=20260318T101453Z.parquet (offset=0, length=24326): class org.apache.parquet.io.PrimitiveColumnIO cannot be cast to class org.apache.parquet.io.GroupColumnIO (org.apache.parquet.io.PrimitiveColumnIO and org.apache.parquet.io.GroupColumnIO are in unnamed module of loader io.trino.server.PluginClassLoader @5b6faf7d)
2026-03-19 11:24:43 [ERROR]: Athena Execution Error: Athena Query Failed: HIVE_CANNOT_OPEN_SPLIT: Error opening Hive split s3://agentic-energy-ml-models-200937443240/147a92b9-f90a-473d-b443-e6e668c4fbb7/detections/anomaly_detection/anomaly_suggestions_run_ts=20260318T101453Z.parquet (offset=0, length=24326): class org.apache.parquet.io.PrimitiveColumnIO cannot be cast to class org.apache.parquet.io.GroupColumnIO (org.apache.parquet.io.PrimitiveColumnIO and org.apache.parquet.io.GroupColumnIO are in unnamed module of loader io.trino.server.PluginClassLoader @5b6faf7d)
2026-03-19 11:24:43 [ERROR]: Error in getAtRiskAssets: Athena Query Failed: HIVE_CANNOT_OPEN_SPLIT: Error opening Hive split s3://agentic-energy-ml-models-200937443240/147a92b9-f90a-473d-b443-e6e668c4fbb7/detections/anomaly_detection/anomaly_suggestions_run_ts=20260318T101453Z.parquet (offset=0, length=24326): class org.apache.parquet.io.PrimitiveColumnIO cannot be cast to class org.apache.parquet.io.GroupColumnIO (org.apache.parquet.io.PrimitiveColumnIO and org.apache.parquet.io.GroupColumnIO are in unnamed module of loader io.trino.server.PluginClassLoader @5b6faf7d)
2026-03-19 11:24:43 [ERROR]: Athena Query Failed: HIVE_CANNOT_OPEN_SPLIT: Error opening Hive split s3://agentic-energy-ml-models-200937443240/147a92b9-f90a-473d-b443-e6e668c4fbb7/detections/anomaly_detection/anomaly_suggestions_run_ts=20260318T101453Z.parquet (offset=0, length=24326): class org.apache.parquet.io.PrimitiveColumnIO cannot be cast to class org.apache.parquet.io.GroupColumnIO (org.apache.parquet.io.PrimitiveColumnIO and org.apache.parquet.io.GroupColumnIO are in unnamed module of loader io.trino.server.PluginClassLoader @5b6faf7d)
2026-03-19 11:27:03 [ERROR]: Athena Query Failed: HIVE_CANNOT_OPEN_SPLIT: Error opening Hive split s3://agentic-energy-ml-models-200937443240/147a92b9-f90a-473d-b443-e6e668c4fbb7/detections/anomaly_detection/anomaly_suggestions_run_ts=20260318T101453Z.parquet (offset=0, length=24326): class org.apache.parquet.io.PrimitiveColumnIO cannot be cast to class org.apache.parquet.io.GroupColumnIO (org.apache.parquet.io.PrimitiveColumnIO and org.apache.parquet.io.GroupColumnIO are in unnamed module of loader io.trino.server.PluginClassLoader @56d0643f)
2026-03-19 11:27:03 [ERROR]: Athena Execution Error: Athena Query Failed: HIVE_CANNOT_OPEN_SPLIT: Error opening Hive split s3://agentic-energy-ml-models-200937443240/147a92b9-f90a-473d-b443-e6e668c4fbb7/detections/anomaly_detection/anomaly_suggestions_run_ts=20260318T101453Z.parquet (offset=0, length=24326): class org.apache.parquet.io.PrimitiveColumnIO cannot be cast to class org.apache.parquet.io.GroupColumnIO (org.apache.parquet.io.PrimitiveColumnIO and org.apache.parquet.io.GroupColumnIO are in unnamed module of loader io.trino.server.PluginClassLoader @56d0643f)
2026-03-19 11:27:03 [ERROR]: Error in getAtRiskAssets: Athena Query Failed: HIVE_CANNOT_OPEN_SPLIT: Error opening Hive split s3://agentic-energy-ml-models-200937443240/147a92b9-f90a-473d-b443-e6e668c4fbb7/detections/anomaly_detection/anomaly_suggestions_run_ts=20260318T101453Z.parquet (offset=0, length=24326): class org.apache.parquet.io.PrimitiveColumnIO cannot be cast to class org.apache.parquet.io.GroupColumnIO (org.apache.parquet.io.PrimitiveColumnIO and org.apache.parquet.io.GroupColumnIO are in unnamed module of loader io.trino.server.PluginClassLoader @56d0643f)
2026-03-19 11:27:03 [ERROR]: Athena Query Failed: HIVE_CANNOT_OPEN_SPLIT: Error opening Hive split s3://agentic-energy-ml-models-200937443240/147a92b9-f90a-473d-b443-e6e668c4fbb7/detections/anomaly_detection/anomaly_suggestions_run_ts=20260318T101453Z.parquet (offset=0, length=24326): class org.apache.parquet.io.PrimitiveColumnIO cannot be cast to class org.apache.parquet.io.GroupColumnIO (org.apache.parquet.io.PrimitiveColumnIO and org.apache.parquet.io.GroupColumnIO are in unnamed module of loader io.trino.server.PluginClassLoader @56d0643f)
2026-03-19 11:29:49 [ERROR]: Athena Query Failed: HIVE_CANNOT_OPEN_SPLIT: Error opening Hive split s3://agentic-energy-ml-models-200937443240/147a92b9-f90a-473d-b443-e6e668c4fbb7/detections/anomaly_detection/anomaly_suggestions_run_ts=20260318T101517Z.parquet (offset=0, length=25695): class org.apache.parquet.io.PrimitiveColumnIO cannot be cast to class org.apache.parquet.io.GroupColumnIO (org.apache.parquet.io.PrimitiveColumnIO and org.apache.parquet.io.GroupColumnIO are in unnamed module of loader io.trino.server.PluginClassLoader @7176780a)
2026-03-19 11:29:49 [ERROR]: Athena Execution Error: Athena Query Failed: HIVE_CANNOT_OPEN_SPLIT: Error opening Hive split s3://agentic-energy-ml-models-200937443240/147a92b9-f90a-473d-b443-e6e668c4fbb7/detections/anomaly_detection/anomaly_suggestions_run_ts=20260318T101517Z.parquet (offset=0, length=25695): class org.apache.parquet.io.PrimitiveColumnIO cannot be cast to class org.apache.parquet.io.GroupColumnIO (org.apache.parquet.io.PrimitiveColumnIO and org.apache.parquet.io.GroupColumnIO are in unnamed module of loader io.trino.server.PluginClassLoader @7176780a)
2026-03-19 11:29:49 [ERROR]: Error in getAtRiskAssets: Athena Query Failed: HIVE_CANNOT_OPEN_SPLIT: Error opening Hive split s3://agentic-energy-ml-models-200937443240/147a92b9-f90a-473d-b443-e6e668c4fbb7/detections/anomaly_detection/anomaly_suggestions_run_ts=20260318T101517Z.parquet (offset=0, length=25695): class org.apache.parquet.io.PrimitiveColumnIO cannot be cast to class org.apache.parquet.io.GroupColumnIO (org.apache.parquet.io.PrimitiveColumnIO and org.apache.parquet.io.GroupColumnIO are in unnamed module of loader io.trino.server.PluginClassLoader @7176780a)
2026-03-19 11:29:49 [ERROR]: Athena Query Failed: HIVE_CANNOT_OPEN_SPLIT: Error opening Hive split s3://agentic-energy-ml-models-200937443240/147a92b9-f90a-473d-b443-e6e668c4fbb7/detections/anomaly_detection/anomaly_suggestions_run_ts=20260318T101517Z.parquet (offset=0, length=25695): class org.apache.parquet.io.PrimitiveColumnIO cannot be cast to class org.apache.parquet.io.GroupColumnIO (org.apache.parquet.io.PrimitiveColumnIO and org.apache.parquet.io.GroupColumnIO are in unnamed module of loader io.trino.server.PluginClassLoader @7176780a)
2026-03-19 11:32:33 [ERROR]: Athena Query Failed: HIVE_CANNOT_OPEN_SPLIT: Error opening Hive split s3://agentic-energy-ml-models-200937443240/147a92b9-f90a-473d-b443-e6e668c4fbb7/detections/anomaly_detection/anomaly_suggestions_run_ts=20260318T101505Z.parquet (offset=0, length=24925): class org.apache.parquet.io.PrimitiveColumnIO cannot be cast to class org.apache.parquet.io.GroupColumnIO (org.apache.parquet.io.PrimitiveColumnIO and org.apache.parquet.io.GroupColumnIO are in unnamed module of loader io.trino.server.PluginClassLoader @6c504dad)
2026-03-19 11:32:33 [ERROR]: Athena Execution Error: Athena Query Failed: HIVE_CANNOT_OPEN_SPLIT: Error opening Hive split s3://agentic-energy-ml-models-200937443240/147a92b9-f90a-473d-b443-e6e668c4fbb7/detections/anomaly_detection/anomaly_suggestions_run_ts=20260318T101505Z.parquet (offset=0, length=24925): class org.apache.parquet.io.PrimitiveColumnIO cannot be cast to class org.apache.parquet.io.GroupColumnIO (org.apache.parquet.io.PrimitiveColumnIO and org.apache.parquet.io.GroupColumnIO are in unnamed module of loader io.trino.server.PluginClassLoader @6c504dad)
2026-03-19 11:32:33 [ERROR]: Error in getAtRiskAssets: Athena Query Failed: HIVE_CANNOT_OPEN_SPLIT: Error opening Hive split s3://agentic-energy-ml-models-200937443240/147a92b9-f90a-473d-b443-e6e668c4fbb7/detections/anomaly_detection/anomaly_suggestions_run_ts=20260318T101505Z.parquet (offset=0, length=24925): class org.apache.parquet.io.PrimitiveColumnIO cannot be cast to class org.apache.parquet.io.GroupColumnIO (org.apache.parquet.io.PrimitiveColumnIO and org.apache.parquet.io.GroupColumnIO are in unnamed module of loader io.trino.server.PluginClassLoader @6c504dad)
2026-03-19 11:32:33 [ERROR]: Athena Query Failed: HIVE_CANNOT_OPEN_SPLIT: Error opening Hive split s3://agentic-energy-ml-models-200937443240/147a92b9-f90a-473d-b443-e6e668c4fbb7/detections/anomaly_detection/anomaly_suggestions_run_ts=20260318T101505Z.parquet (offset=0, length=24925): class org.apache.parquet.io.PrimitiveColumnIO cannot be cast to class org.apache.parquet.io.GroupColumnIO (org.apache.parquet.io.PrimitiveColumnIO and org.apache.parquet.io.GroupColumnIO are in unnamed module of loader io.trino.server.PluginClassLoader @6c504dad)
2026-03-19 11:53:38 [ERROR]: Error in askAboutAlert: Alert not found
2026-03-19 11:53:38 [ERROR]: Alert not found
2026-03-19 12:04:49 [ERROR]: Athena Query Failed: HIVE_BAD_DATA: Malformed Parquet file. Field date's type INT32 in parquet file s3://agentic-energy-ml-models-200937443240/147a92b9-f90a-473d-b443-e6e668c4fbb7/sensor_data/daily_production.parquet is incompatible with type varchar defined in table schema [s3://agentic-energy-ml-models-200937443240/147a92b9-f90a-473d-b443-e6e668c4fbb7/sensor_data/daily_production.parquet]
2026-03-19 12:04:49 [ERROR]: Athena Execution Error: Athena Query Failed: HIVE_BAD_DATA: Malformed Parquet file. Field date's type INT32 in parquet file s3://agentic-energy-ml-models-200937443240/147a92b9-f90a-473d-b443-e6e668c4fbb7/sensor_data/daily_production.parquet is incompatible with type varchar defined in table schema [s3://agentic-energy-ml-models-200937443240/147a92b9-f90a-473d-b443-e6e668c4fbb7/sensor_data/daily_production.parquet]
2026-03-19 12:04:49 [ERROR]: Error fetching production stats from Athena/S3: Athena Query Failed: HIVE_BAD_DATA: Malformed Parquet file. Field date's type INT32 in parquet file s3://agentic-energy-ml-models-200937443240/147a92b9-f90a-473d-b443-e6e668c4fbb7/sensor_data/daily_production.parquet is incompatible with type varchar defined in table schema [s3://agentic-energy-ml-models-200937443240/147a92b9-f90a-473d-b443-e6e668c4fbb7/sensor_data/daily_production.parquet]
2026-03-19 12:05:13 [ERROR]: Athena Query Failed: HIVE_BAD_DATA: Malformed Parquet file. Field date's type INT32 in parquet file s3://agentic-energy-ml-models-200937443240/147a92b9-f90a-473d-b443-e6e668c4fbb7/sensor_data/daily_production.parquet is incompatible with type varchar defined in table schema [s3://agentic-energy-ml-models-200937443240/147a92b9-f90a-473d-b443-e6e668c4fbb7/sensor_data/daily_production.parquet]
2026-03-19 12:05:13 [ERROR]: Athena Execution Error: Athena Query Failed: HIVE_BAD_DATA: Malformed Parquet file. Field date's type INT32 in parquet file s3://agentic-energy-ml-models-200937443240/147a92b9-f90a-473d-b443-e6e668c4fbb7/sensor_data/daily_production.parquet is incompatible with type varchar defined in table schema [s3://agentic-energy-ml-models-200937443240/147a92b9-f90a-473d-b443-e6e668c4fbb7/sensor_data/daily_production.parquet]
2026-03-19 12:05:13 [ERROR]: Error fetching production stats from Athena/S3: Athena Query Failed: HIVE_BAD_DATA: Malformed Parquet file. Field date's type INT32 in parquet file s3://agentic-energy-ml-models-200937443240/147a92b9-f90a-473d-b443-e6e668c4fbb7/sensor_data/daily_production.parquet is incompatible with type varchar defined in table schema [s3://agentic-energy-ml-models-200937443240/147a92b9-f90a-473d-b443-e6e668c4fbb7/sensor_data/daily_production.parquet]
2026-03-19 15:24:27 [ERROR]: Athena Query Failed: HIVE_CANNOT_OPEN_SPLIT: Error opening Hive split s3://agentic-energy-ml-models-200937443240/147a92b9-f90a-473d-b443-e6e668c4fbb7/detections/anomaly_detection/anomaly_suggestions_run_ts=20260319T095304Z.parquet (offset=0, length=24796): class org.apache.parquet.io.GroupColumnIO cannot be cast to class org.apache.parquet.io.PrimitiveColumnIO (org.apache.parquet.io.GroupColumnIO and org.apache.parquet.io.PrimitiveColumnIO are in unnamed module of loader io.trino.server.PluginClassLoader @5b7fc190)
2026-03-19 15:24:27 [ERROR]: Athena Execution Error: Athena Query Failed: HIVE_CANNOT_OPEN_SPLIT: Error opening Hive split s3://agentic-energy-ml-models-200937443240/147a92b9-f90a-473d-b443-e6e668c4fbb7/detections/anomaly_detection/anomaly_suggestions_run_ts=20260319T095304Z.parquet (offset=0, length=24796): class org.apache.parquet.io.GroupColumnIO cannot be cast to class org.apache.parquet.io.PrimitiveColumnIO (org.apache.parquet.io.GroupColumnIO and org.apache.parquet.io.PrimitiveColumnIO are in unnamed module of loader io.trino.server.PluginClassLoader @5b7fc190)
2026-03-19 15:24:27 [ERROR]: Error in getAtRiskAssets: Athena Query Failed: HIVE_CANNOT_OPEN_SPLIT: Error opening Hive split s3://agentic-energy-ml-models-200937443240/147a92b9-f90a-473d-b443-e6e668c4fbb7/detections/anomaly_detection/anomaly_suggestions_run_ts=20260319T095304Z.parquet (offset=0, length=24796): class org.apache.parquet.io.GroupColumnIO cannot be cast to class org.apache.parquet.io.PrimitiveColumnIO (org.apache.parquet.io.GroupColumnIO and org.apache.parquet.io.PrimitiveColumnIO are in unnamed module of loader io.trino.server.PluginClassLoader @5b7fc190)
2026-03-19 15:24:27 [ERROR]: Athena Query Failed: HIVE_CANNOT_OPEN_SPLIT: Error opening Hive split s3://agentic-energy-ml-models-200937443240/147a92b9-f90a-473d-b443-e6e668c4fbb7/detections/anomaly_detection/anomaly_suggestions_run_ts=20260319T095304Z.parquet (offset=0, length=24796): class org.apache.parquet.io.GroupColumnIO cannot be cast to class org.apache.parquet.io.PrimitiveColumnIO (org.apache.parquet.io.GroupColumnIO and org.apache.parquet.io.PrimitiveColumnIO are in unnamed module of loader io.trino.server.PluginClassLoader @5b7fc190)
2026-03-19 15:31:54 [ERROR]: Athena Query Failed: HIVE_CANNOT_OPEN_SPLIT: Error opening Hive split s3://agentic-energy-ml-models-200937443240/147a92b9-f90a-473d-b443-e6e668c4fbb7/detections/anomaly_detection/anomaly_suggestions_run_ts=20260319T100108Z.parquet (offset=0, length=24498): class org.apache.parquet.io.GroupColumnIO cannot be cast to class org.apache.parquet.io.PrimitiveColumnIO (org.apache.parquet.io.GroupColumnIO and org.apache.parquet.io.PrimitiveColumnIO are in unnamed module of loader io.trino.server.PluginClassLoader @1d9c6074)
2026-03-19 15:31:54 [ERROR]: Athena Execution Error: Athena Query Failed: HIVE_CANNOT_OPEN_SPLIT: Error opening Hive split s3://agentic-energy-ml-models-200937443240/147a92b9-f90a-473d-b443-e6e668c4fbb7/detections/anomaly_detection/anomaly_suggestions_run_ts=20260319T100108Z.parquet (offset=0, length=24498): class org.apache.parquet.io.GroupColumnIO cannot be cast to class org.apache.parquet.io.PrimitiveColumnIO (org.apache.parquet.io.GroupColumnIO and org.apache.parquet.io.PrimitiveColumnIO are in unnamed module of loader io.trino.server.PluginClassLoader @1d9c6074)
2026-03-19 15:31:54 [ERROR]: Error in getAtRiskAssets: Athena Query Failed: HIVE_CANNOT_OPEN_SPLIT: Error opening Hive split s3://agentic-energy-ml-models-200937443240/147a92b9-f90a-473d-b443-e6e668c4fbb7/detections/anomaly_detection/anomaly_suggestions_run_ts=20260319T100108Z.parquet (offset=0, length=24498): class org.apache.parquet.io.GroupColumnIO cannot be cast to class org.apache.parquet.io.PrimitiveColumnIO (org.apache.parquet.io.GroupColumnIO and org.apache.parquet.io.PrimitiveColumnIO are in unnamed module of loader io.trino.server.PluginClassLoader @1d9c6074)
2026-03-19 15:31:54 [ERROR]: Athena Query Failed: HIVE_CANNOT_OPEN_SPLIT: Error opening Hive split s3://agentic-energy-ml-models-200937443240/147a92b9-f90a-473d-b443-e6e668c4fbb7/detections/anomaly_detection/anomaly_suggestions_run_ts=20260319T100108Z.parquet (offset=0, length=24498): class org.apache.parquet.io.GroupColumnIO cannot be cast to class org.apache.parquet.io.PrimitiveColumnIO (org.apache.parquet.io.GroupColumnIO and org.apache.parquet.io.PrimitiveColumnIO are in unnamed module of loader io.trino.server.PluginClassLoader @1d9c6074)
2026-03-19 15:38:57 [ERROR]:  - Error processing 147a92b9-f90a-473d-b443-e6e668c4fbb7/detections/anomaly_detection/anomaly_suggestions_run_ts=20260318T101453Z.parquet:
2026-03-19 15:38:57 [ERROR]:  - Error processing 147a92b9-f90a-473d-b443-e6e668c4fbb7/detections/anomaly_detection/anomaly_suggestions_run_ts=20260318T101505Z.parquet:
2026-03-19 15:38:58 [ERROR]:  - Error processing 147a92b9-f90a-473d-b443-e6e668c4fbb7/detections/anomaly_detection/anomaly_suggestions_run_ts=20260318T101517Z.parquet:
2026-03-19 15:38:58 [ERROR]:  - Error processing 147a92b9-f90a-473d-b443-e6e668c4fbb7/detections/anomaly_detection/anomaly_suggestions_run_ts=20260318T101529Z.parquet:
2026-03-19 15:38:59 [ERROR]:  - Error processing 147a92b9-f90a-473d-b443-e6e668c4fbb7/detections/anomaly_detection/anomaly_suggestions_run_ts=20260319T095224Z.parquet:
2026-03-19 15:38:59 [ERROR]:  - Error processing 147a92b9-f90a-473d-b443-e6e668c4fbb7/detections/anomaly_detection/anomaly_suggestions_run_ts=20260319T095235Z.parquet:
2026-03-19 15:38:59 [ERROR]:  - Error processing 147a92b9-f90a-473d-b443-e6e668c4fbb7/detections/anomaly_detection/anomaly_suggestions_run_ts=20260319T095250Z.parquet:
2026-03-19 15:39:00 [ERROR]:  - Error processing 147a92b9-f90a-473d-b443-e6e668c4fbb7/detections/anomaly_detection/anomaly_suggestions_run_ts=20260319T095304Z.parquet:
2026-03-19 15:39:00 [ERROR]:  - Error processing 147a92b9-f90a-473d-b443-e6e668c4fbb7/detections/anomaly_detection/anomaly_suggestions_run_ts=20260319T100108Z.parquet:
2026-03-19 15:39:01 [ERROR]:  - Error processing 147a92b9-f90a-473d-b443-e6e668c4fbb7/detections/anomaly_detection/anomaly_suggestions_run_ts=20260319T100122Z.parquet:
2026-03-19 15:39:01 [ERROR]:  - Error processing 147a92b9-f90a-473d-b443-e6e668c4fbb7/detections/anomaly_detection/anomaly_suggestions_run_ts=20260319T100136Z.parquet:
2026-03-19 15:39:01 [ERROR]:  - Error processing 147a92b9-f90a-473d-b443-e6e668c4fbb7/detections/anomaly_detection/anomaly_suggestions_run_ts=20260319T100150Z.parquet:
2026-03-19 15:39:44 [ERROR]:  - Error processing 147a92b9-f90a-473d-b443-e6e668c4fbb7/detections/anomaly_detection/anomaly_suggestions_run_ts=20260318T101453Z.parquet: invalid encoding: RLE_DICTIONARY
2026-03-19 15:39:44 [ERROR]:  - Error processing 147a92b9-f90a-473d-b443-e6e668c4fbb7/detections/anomaly_detection/anomaly_suggestions_run_ts=20260318T101505Z.parquet: invalid encoding: RLE_DICTIONARY
2026-03-19 15:39:45 [ERROR]:  - Error processing 147a92b9-f90a-473d-b443-e6e668c4fbb7/detections/anomaly_detection/anomaly_suggestions_run_ts=20260318T101517Z.parquet: invalid encoding: RLE_DICTIONARY
2026-03-19 15:39:45 [ERROR]:  - Error processing 147a92b9-f90a-473d-b443-e6e668c4fbb7/detections/anomaly_detection/anomaly_suggestions_run_ts=20260318T101529Z.parquet: invalid encoding: RLE_DICTIONARY
2026-03-19 15:39:45 [ERROR]:  - Error processing 147a92b9-f90a-473d-b443-e6e668c4fbb7/detections/anomaly_detection/anomaly_suggestions_run_ts=20260319T095224Z.parquet: invalid encoding: RLE_DICTIONARY
2026-03-19 15:39:46 [ERROR]:  - Error processing 147a92b9-f90a-473d-b443-e6e668c4fbb7/detections/anomaly_detection/anomaly_suggestions_run_ts=20260319T095235Z.parquet: invalid encoding: RLE_DICTIONARY
2026-03-19 15:39:46 [ERROR]:  - Error processing 147a92b9-f90a-473d-b443-e6e668c4fbb7/detections/anomaly_detection/anomaly_suggestions_run_ts=20260319T095250Z.parquet: invalid encoding: RLE_DICTIONARY
2026-03-19 15:39:47 [ERROR]:  - Error processing 147a92b9-f90a-473d-b443-e6e668c4fbb7/detections/anomaly_detection/anomaly_suggestions_run_ts=20260319T095304Z.parquet: invalid encoding: RLE_DICTIONARY
2026-03-19 15:39:47 [ERROR]:  - Error processing 147a92b9-f90a-473d-b443-e6e668c4fbb7/detections/anomaly_detection/anomaly_suggestions_run_ts=20260319T100108Z.parquet: invalid encoding: RLE_DICTIONARY
2026-03-19 15:39:47 [ERROR]:  - Error processing 147a92b9-f90a-473d-b443-e6e668c4fbb7/detections/anomaly_detection/anomaly_suggestions_run_ts=20260319T100122Z.parquet: invalid encoding: RLE_DICTIONARY
2026-03-19 15:39:48 [ERROR]:  - Error processing 147a92b9-f90a-473d-b443-e6e668c4fbb7/detections/anomaly_detection/anomaly_suggestions_run_ts=20260319T100136Z.parquet: invalid encoding: RLE_DICTIONARY
2026-03-19 15:39:48 [ERROR]:  - Error processing 147a92b9-f90a-473d-b443-e6e668c4fbb7/detections/anomaly_detection/anomaly_suggestions_run_ts=20260319T100150Z.parquet: invalid encoding: RLE_DICTIONARY
2026-03-19 15:51:57 [ERROR]:  - Error processing 147a92b9-f90a-473d-b443-e6e668c4fbb7/detections/anomaly_detection/anomaly_suggestions_run_ts=20260318T101453Z.parquet: invalid encoding: RLE_DICTIONARY
2026-03-19 15:51:57 [ERROR]:  - Error processing 147a92b9-f90a-473d-b443-e6e668c4fbb7/detections/anomaly_detection/anomaly_suggestions_run_ts=20260318T101505Z.parquet: invalid encoding: RLE_DICTIONARY
2026-03-19 15:51:58 [ERROR]:  - Error processing 147a92b9-f90a-473d-b443-e6e668c4fbb7/detections/anomaly_detection/anomaly_suggestions_run_ts=20260318T101517Z.parquet: invalid encoding: RLE_DICTIONARY
2026-03-19 15:51:58 [ERROR]:  - Error processing 147a92b9-f90a-473d-b443-e6e668c4fbb7/detections/anomaly_detection/anomaly_suggestions_run_ts=20260318T101529Z.parquet: invalid encoding: RLE_DICTIONARY
2026-03-19 15:51:58 [ERROR]:  - Error processing 147a92b9-f90a-473d-b443-e6e668c4fbb7/detections/anomaly_detection/anomaly_suggestions_run_ts=20260319T095224Z.parquet: invalid encoding: RLE_DICTIONARY
2026-03-19 15:51:59 [ERROR]:  - Error processing 147a92b9-f90a-473d-b443-e6e668c4fbb7/detections/anomaly_detection/anomaly_suggestions_run_ts=20260319T095235Z.parquet: invalid encoding: RLE_DICTIONARY
2026-03-19 15:51:59 [ERROR]:  - Error processing 147a92b9-f90a-473d-b443-e6e668c4fbb7/detections/anomaly_detection/anomaly_suggestions_run_ts=20260319T095250Z.parquet: invalid encoding: RLE_DICTIONARY
2026-03-19 15:51:59 [ERROR]:  - Error processing 147a92b9-f90a-473d-b443-e6e668c4fbb7/detections/anomaly_detection/anomaly_suggestions_run_ts=20260319T095304Z.parquet: invalid encoding: RLE_DICTIONARY
2026-03-19 15:52:00 [ERROR]:  - Error processing 147a92b9-f90a-473d-b443-e6e668c4fbb7/detections/anomaly_detection/anomaly_suggestions_run_ts=20260319T100108Z.parquet: invalid encoding: RLE_DICTIONARY
2026-03-19 15:52:00 [ERROR]:  - Error processing 147a92b9-f90a-473d-b443-e6e668c4fbb7/detections/anomaly_detection/anomaly_suggestions_run_ts=20260319T100122Z.parquet: invalid encoding: RLE_DICTIONARY
2026-03-19 15:52:00 [ERROR]:  - Error processing 147a92b9-f90a-473d-b443-e6e668c4fbb7/detections/anomaly_detection/anomaly_suggestions_run_ts=20260319T100136Z.parquet: invalid encoding: RLE_DICTIONARY
2026-03-19 15:52:01 [ERROR]:  - Error processing 147a92b9-f90a-473d-b443-e6e668c4fbb7/detections/anomaly_detection/anomaly_suggestions_run_ts=20260319T100150Z.parquet: invalid encoding: RLE_DICTIONARY
2026-03-19 15:57:18 [ERROR]: Athena Query Failed: HIVE_CANNOT_OPEN_SPLIT: Error opening Hive split s3://agentic-energy-ml-models-200937443240/147a92b9-f90a-473d-b443-e6e668c4fbb7/detections/anomaly_detection/anomaly_suggestions_run_ts=20260319T102453Z.parquet (offset=0, length=25777): class org.apache.parquet.io.GroupColumnIO cannot be cast to class org.apache.parquet.io.PrimitiveColumnIO (org.apache.parquet.io.GroupColumnIO and org.apache.parquet.io.PrimitiveColumnIO are in unnamed module of loader io.trino.server.PluginClassLoader @472a1418)
2026-03-19 15:57:36 [ERROR]:  - Error processing 147a92b9-f90a-473d-b443-e6e668c4fbb7/detections/anomaly_detection/anomaly_suggestions_run_ts=20260318T101453Z.parquet: invalid encoding: RLE_DICTIONARY
2026-03-19 15:57:36 [ERROR]:  - Error processing 147a92b9-f90a-473d-b443-e6e668c4fbb7/detections/anomaly_detection/anomaly_suggestions_run_ts=20260318T101505Z.parquet: invalid encoding: RLE_DICTIONARY
2026-03-19 15:57:37 [ERROR]:  - Error processing 147a92b9-f90a-473d-b443-e6e668c4fbb7/detections/anomaly_detection/anomaly_suggestions_run_ts=20260318T101517Z.parquet: invalid encoding: RLE_DICTIONARY
2026-03-19 15:57:37 [ERROR]:  - Error processing 147a92b9-f90a-473d-b443-e6e668c4fbb7/detections/anomaly_detection/anomaly_suggestions_run_ts=20260318T101529Z.parquet: invalid encoding: RLE_DICTIONARY
2026-03-19 15:57:37 [ERROR]:  - Error processing 147a92b9-f90a-473d-b443-e6e668c4fbb7/detections/anomaly_detection/anomaly_suggestions_run_ts=20260319T095224Z.parquet: invalid encoding: RLE_DICTIONARY
2026-03-19 15:57:38 [ERROR]:  - Error processing 147a92b9-f90a-473d-b443-e6e668c4fbb7/detections/anomaly_detection/anomaly_suggestions_run_ts=20260319T095235Z.parquet: invalid encoding: RLE_DICTIONARY
2026-03-19 15:57:38 [ERROR]:  - Error processing 147a92b9-f90a-473d-b443-e6e668c4fbb7/detections/anomaly_detection/anomaly_suggestions_run_ts=20260319T095250Z.parquet: invalid encoding: RLE_DICTIONARY
2026-03-19 15:57:38 [ERROR]:  - Error processing 147a92b9-f90a-473d-b443-e6e668c4fbb7/detections/anomaly_detection/anomaly_suggestions_run_ts=20260319T095304Z.parquet: invalid encoding: RLE_DICTIONARY
2026-03-19 15:57:39 [ERROR]:  - Error processing 147a92b9-f90a-473d-b443-e6e668c4fbb7/detections/anomaly_detection/anomaly_suggestions_run_ts=20260319T100108Z.parquet: invalid encoding: RLE_DICTIONARY
2026-03-19 15:57:40 [ERROR]:  - Error processing 147a92b9-f90a-473d-b443-e6e668c4fbb7/detections/anomaly_detection/anomaly_suggestions_run_ts=20260319T100122Z.parquet: invalid encoding: RLE_DICTIONARY
2026-03-19 15:57:41 [ERROR]:  - Error processing 147a92b9-f90a-473d-b443-e6e668c4fbb7/detections/anomaly_detection/anomaly_suggestions_run_ts=20260319T100136Z.parquet: invalid encoding: RLE_DICTIONARY
2026-03-19 15:57:41 [ERROR]:  - Error processing 147a92b9-f90a-473d-b443-e6e668c4fbb7/detections/anomaly_detection/anomaly_suggestions_run_ts=20260319T100150Z.parquet: invalid encoding: RLE_DICTIONARY
2026-03-19 15:57:42 [ERROR]:  - Error processing 147a92b9-f90a-473d-b443-e6e668c4fbb7/detections/anomaly_detection/anomaly_suggestions_run_ts=20260319T102430Z.parquet: invalid encoding: RLE_DICTIONARY
2026-03-19 15:57:42 [ERROR]:  - Error processing 147a92b9-f90a-473d-b443-e6e668c4fbb7/detections/anomaly_detection/anomaly_suggestions_run_ts=20260319T102441Z.parquet: invalid encoding: RLE_DICTIONARY
2026-03-19 15:57:43 [ERROR]:  - Error processing 147a92b9-f90a-473d-b443-e6e668c4fbb7/detections/anomaly_detection/anomaly_suggestions_run_ts=20260319T102453Z.parquet: invalid encoding: RLE_DICTIONARY
2026-03-19 15:57:44 [ERROR]:  - Error processing 147a92b9-f90a-473d-b443-e6e668c4fbb7/detections/anomaly_detection/anomaly_suggestions_run_ts=20260319T102504Z.parquet: invalid encoding: RLE_DICTIONARY
2026-03-19 15:57:46 [ERROR]: Athena Query Failed: HIVE_CANNOT_OPEN_SPLIT: Error opening Hive split s3://agentic-energy-ml-models-200937443240/147a92b9-f90a-473d-b443-e6e668c4fbb7/detections/anomaly_detection/anomaly_suggestions_run_ts=20260319T102430Z.parquet (offset=0, length=24648): class org.apache.parquet.io.GroupColumnIO cannot be cast to class org.apache.parquet.io.PrimitiveColumnIO (org.apache.parquet.io.GroupColumnIO and org.apache.parquet.io.PrimitiveColumnIO are in unnamed module of loader io.trino.server.PluginClassLoader @27f5f25f)
2026-03-19 15:57:46 [ERROR]: Athena Execution Error: Athena Query Failed: HIVE_CANNOT_OPEN_SPLIT: Error opening Hive split s3://agentic-energy-ml-models-200937443240/147a92b9-f90a-473d-b443-e6e668c4fbb7/detections/anomaly_detection/anomaly_suggestions_run_ts=20260319T102430Z.parquet (offset=0, length=24648): class org.apache.parquet.io.GroupColumnIO cannot be cast to class org.apache.parquet.io.PrimitiveColumnIO (org.apache.parquet.io.GroupColumnIO and org.apache.parquet.io.PrimitiveColumnIO are in unnamed module of loader io.trino.server.PluginClassLoader @27f5f25f)
2026-03-19 15:57:46 [ERROR]: Error in getAtRiskAssets: Athena Query Failed: HIVE_CANNOT_OPEN_SPLIT: Error opening Hive split s3://agentic-energy-ml-models-200937443240/147a92b9-f90a-473d-b443-e6e668c4fbb7/detections/anomaly_detection/anomaly_suggestions_run_ts=20260319T102430Z.parquet (offset=0, length=24648): class org.apache.parquet.io.GroupColumnIO cannot be cast to class org.apache.parquet.io.PrimitiveColumnIO (org.apache.parquet.io.GroupColumnIO and org.apache.parquet.io.PrimitiveColumnIO are in unnamed module of loader io.trino.server.PluginClassLoader @27f5f25f)
2026-03-19 15:57:46 [ERROR]: Athena Query Failed: HIVE_CANNOT_OPEN_SPLIT: Error opening Hive split s3://agentic-energy-ml-models-200937443240/147a92b9-f90a-473d-b443-e6e668c4fbb7/detections/anomaly_detection/anomaly_suggestions_run_ts=20260319T102430Z.parquet (offset=0, length=24648): class org.apache.parquet.io.GroupColumnIO cannot be cast to class org.apache.parquet.io.PrimitiveColumnIO (org.apache.parquet.io.GroupColumnIO and org.apache.parquet.io.PrimitiveColumnIO are in unnamed module of loader io.trino.server.PluginClassLoader @27f5f25f)
2026-03-19 15:59:30 [ERROR]:  - Error processing 147a92b9-f90a-473d-b443-e6e668c4fbb7/detections/anomaly_detection/anomaly_suggestions_run_ts=20260318T101453Z.parquet: invalid encoding: RLE_DICTIONARY
2026-03-19 15:59:31 [ERROR]:  - Error processing 147a92b9-f90a-473d-b443-e6e668c4fbb7/detections/anomaly_detection/anomaly_suggestions_run_ts=20260318T101505Z.parquet: invalid encoding: RLE_DICTIONARY
2026-03-19 15:59:31 [ERROR]:  - Error processing 147a92b9-f90a-473d-b443-e6e668c4fbb7/detections/anomaly_detection/anomaly_suggestions_run_ts=20260318T101517Z.parquet: invalid encoding: RLE_DICTIONARY
2026-03-19 15:59:31 [ERROR]:  - Error processing 147a92b9-f90a-473d-b443-e6e668c4fbb7/detections/anomaly_detection/anomaly_suggestions_run_ts=20260318T101529Z.parquet: invalid encoding: RLE_DICTIONARY
2026-03-19 15:59:32 [ERROR]:  - Error processing 147a92b9-f90a-473d-b443-e6e668c4fbb7/detections/anomaly_detection/anomaly_suggestions_run_ts=20260319T095224Z.parquet: invalid encoding: RLE_DICTIONARY
2026-03-19 15:59:32 [ERROR]:  - Error processing 147a92b9-f90a-473d-b443-e6e668c4fbb7/detections/anomaly_detection/anomaly_suggestions_run_ts=20260319T095235Z.parquet: invalid encoding: RLE_DICTIONARY
2026-03-19 15:59:33 [ERROR]:  - Error processing 147a92b9-f90a-473d-b443-e6e668c4fbb7/detections/anomaly_detection/anomaly_suggestions_run_ts=20260319T095250Z.parquet: invalid encoding: RLE_DICTIONARY
2026-03-19 15:59:33 [ERROR]:  - Error processing 147a92b9-f90a-473d-b443-e6e668c4fbb7/detections/anomaly_detection/anomaly_suggestions_run_ts=20260319T095304Z.parquet: invalid encoding: RLE_DICTIONARY
2026-03-19 15:59:33 [ERROR]:  - Error processing 147a92b9-f90a-473d-b443-e6e668c4fbb7/detections/anomaly_detection/anomaly_suggestions_run_ts=20260319T100108Z.parquet: invalid encoding: RLE_DICTIONARY
2026-03-19 15:59:34 [ERROR]:  - Error processing 147a92b9-f90a-473d-b443-e6e668c4fbb7/detections/anomaly_detection/anomaly_suggestions_run_ts=20260319T100122Z.parquet: invalid encoding: RLE_DICTIONARY
2026-03-19 15:59:34 [ERROR]:  - Error processing 147a92b9-f90a-473d-b443-e6e668c4fbb7/detections/anomaly_detection/anomaly_suggestions_run_ts=20260319T100136Z.parquet: invalid encoding: RLE_DICTIONARY
2026-03-19 15:59:34 [ERROR]:  - Error processing 147a92b9-f90a-473d-b443-e6e668c4fbb7/detections/anomaly_detection/anomaly_suggestions_run_ts=20260319T100150Z.parquet: invalid encoding: RLE_DICTIONARY
2026-03-19 15:59:34 [ERROR]:  - Error processing 147a92b9-f90a-473d-b443-e6e668c4fbb7/detections/anomaly_detection/anomaly_suggestions_run_ts=20260319T102430Z.parquet: invalid encoding: RLE_DICTIONARY
2026-03-19 15:59:35 [ERROR]:  - Error processing 147a92b9-f90a-473d-b443-e6e668c4fbb7/detections/anomaly_detection/anomaly_suggestions_run_ts=20260319T102441Z.parquet: invalid encoding: RLE_DICTIONARY
2026-03-19 15:59:35 [ERROR]:  - Error processing 147a92b9-f90a-473d-b443-e6e668c4fbb7/detections/anomaly_detection/anomaly_suggestions_run_ts=20260319T102453Z.parquet: invalid encoding: RLE_DICTIONARY
2026-03-19 15:59:35 [ERROR]:  - Error processing 147a92b9-f90a-473d-b443-e6e668c4fbb7/detections/anomaly_detection/anomaly_suggestions_run_ts=20260319T102504Z.parquet: invalid encoding: RLE_DICTIONARY
2026-03-19 16:01:00 [ERROR]:  - Error processing 147a92b9-f90a-473d-b443-e6e668c4fbb7/detections/anomaly_detection/anomaly_suggestions_run_ts=20260318T101453Z.parquet: invalid encoding: RLE_DICTIONARY
2026-03-19 16:01:01 [ERROR]:  - Error processing 147a92b9-f90a-473d-b443-e6e668c4fbb7/detections/anomaly_detection/anomaly_suggestions_run_ts=20260318T101505Z.parquet: invalid encoding: RLE_DICTIONARY
2026-03-19 16:01:01 [ERROR]:  - Error processing 147a92b9-f90a-473d-b443-e6e668c4fbb7/detections/anomaly_detection/anomaly_suggestions_run_ts=20260318T101517Z.parquet: invalid encoding: RLE_DICTIONARY
2026-03-19 16:01:01 [ERROR]:  - Error processing 147a92b9-f90a-473d-b443-e6e668c4fbb7/detections/anomaly_detection/anomaly_suggestions_run_ts=20260318T101529Z.parquet: invalid encoding: RLE_DICTIONARY
2026-03-19 16:01:02 [ERROR]:  - Error processing 147a92b9-f90a-473d-b443-e6e668c4fbb7/detections/anomaly_detection/anomaly_suggestions_run_ts=20260319T095224Z.parquet: invalid encoding: RLE_DICTIONARY
2026-03-19 16:01:02 [ERROR]:  - Error processing 147a92b9-f90a-473d-b443-e6e668c4fbb7/detections/anomaly_detection/anomaly_suggestions_run_ts=20260319T095235Z.parquet: invalid encoding: RLE_DICTIONARY
2026-03-19 16:01:02 [ERROR]:  - Error processing 147a92b9-f90a-473d-b443-e6e668c4fbb7/detections/anomaly_detection/anomaly_suggestions_run_ts=20260319T095250Z.parquet: invalid encoding: RLE_DICTIONARY
2026-03-19 16:01:03 [ERROR]:  - Error processing 147a92b9-f90a-473d-b443-e6e668c4fbb7/detections/anomaly_detection/anomaly_suggestions_run_ts=20260319T095304Z.parquet: invalid encoding: RLE_DICTIONARY
2026-03-19 16:01:03 [ERROR]:  - Error processing 147a92b9-f90a-473d-b443-e6e668c4fbb7/detections/anomaly_detection/anomaly_suggestions_run_ts=20260319T100108Z.parquet: invalid encoding: RLE_DICTIONARY
2026-03-19 16:01:03 [ERROR]:  - Error processing 147a92b9-f90a-473d-b443-e6e668c4fbb7/detections/anomaly_detection/anomaly_suggestions_run_ts=20260319T100122Z.parquet: invalid encoding: RLE_DICTIONARY
2026-03-19 16:01:04 [ERROR]:  - Error processing 147a92b9-f90a-473d-b443-e6e668c4fbb7/detections/anomaly_detection/anomaly_suggestions_run_ts=20260319T100136Z.parquet: invalid encoding: RLE_DICTIONARY
2026-03-19 16:01:04 [ERROR]:  - Error processing 147a92b9-f90a-473d-b443-e6e668c4fbb7/detections/anomaly_detection/anomaly_suggestions_run_ts=20260319T100150Z.parquet: invalid encoding: RLE_DICTIONARY
2026-03-19 16:01:04 [ERROR]:  - Error processing 147a92b9-f90a-473d-b443-e6e668c4fbb7/detections/anomaly_detection/anomaly_suggestions_run_ts=20260319T102430Z.parquet: invalid encoding: RLE_DICTIONARY
2026-03-19 16:01:05 [ERROR]:  - Error processing 147a92b9-f90a-473d-b443-e6e668c4fbb7/detections/anomaly_detection/anomaly_suggestions_run_ts=20260319T102441Z.parquet: invalid encoding: RLE_DICTIONARY
2026-03-19 16:01:05 [ERROR]:  - Error processing 147a92b9-f90a-473d-b443-e6e668c4fbb7/detections/anomaly_detection/anomaly_suggestions_run_ts=20260319T102453Z.parquet: invalid encoding: RLE_DICTIONARY
2026-03-19 16:01:05 [ERROR]:  - Error processing 147a92b9-f90a-473d-b443-e6e668c4fbb7/detections/anomaly_detection/anomaly_suggestions_run_ts=20260319T102504Z.parquet: invalid encoding: RLE_DICTIONARY
2026-03-19 16:01:31 [ERROR]:  - Error processing 147a92b9-f90a-473d-b443-e6e668c4fbb7/detections/anomaly_detection/anomaly_suggestions_run_ts=20260318T101453Z.parquet: invalid encoding: RLE_DICTIONARY
2026-03-19 16:01:32 [ERROR]:  - Error processing 147a92b9-f90a-473d-b443-e6e668c4fbb7/detections/anomaly_detection/anomaly_suggestions_run_ts=20260318T101505Z.parquet: invalid encoding: RLE_DICTIONARY
2026-03-19 16:01:32 [ERROR]:  - Error processing 147a92b9-f90a-473d-b443-e6e668c4fbb7/detections/anomaly_detection/anomaly_suggestions_run_ts=20260318T101517Z.parquet: invalid encoding: RLE_DICTIONARY
2026-03-19 16:01:33 [ERROR]:  - Error processing 147a92b9-f90a-473d-b443-e6e668c4fbb7/detections/anomaly_detection/anomaly_suggestions_run_ts=20260318T101529Z.parquet: invalid encoding: RLE_DICTIONARY
2026-03-19 16:01:33 [ERROR]:  - Error processing 147a92b9-f90a-473d-b443-e6e668c4fbb7/detections/anomaly_detection/anomaly_suggestions_run_ts=20260319T095224Z.parquet: invalid encoding: RLE_DICTIONARY
2026-03-19 16:01:33 [ERROR]:  - Error processing 147a92b9-f90a-473d-b443-e6e668c4fbb7/detections/anomaly_detection/anomaly_suggestions_run_ts=20260319T095235Z.parquet: invalid encoding: RLE_DICTIONARY
2026-03-19 16:01:34 [ERROR]:  - Error processing 147a92b9-f90a-473d-b443-e6e668c4fbb7/detections/anomaly_detection/anomaly_suggestions_run_ts=20260319T095250Z.parquet: invalid encoding: RLE_DICTIONARY
2026-03-19 16:01:34 [ERROR]:  - Error processing 147a92b9-f90a-473d-b443-e6e668c4fbb7/detections/anomaly_detection/anomaly_suggestions_run_ts=20260319T095304Z.parquet: invalid encoding: RLE_DICTIONARY
2026-03-19 16:01:34 [ERROR]:  - Error processing 147a92b9-f90a-473d-b443-e6e668c4fbb7/detections/anomaly_detection/anomaly_suggestions_run_ts=20260319T100108Z.parquet: invalid encoding: RLE_DICTIONARY
2026-03-19 16:01:35 [ERROR]:  - Error processing 147a92b9-f90a-473d-b443-e6e668c4fbb7/detections/anomaly_detection/anomaly_suggestions_run_ts=20260319T100122Z.parquet: invalid encoding: RLE_DICTIONARY
2026-03-19 16:01:35 [ERROR]:  - Error processing 147a92b9-f90a-473d-b443-e6e668c4fbb7/detections/anomaly_detection/anomaly_suggestions_run_ts=20260319T100136Z.parquet: invalid encoding: RLE_DICTIONARY
2026-03-19 16:01:35 [ERROR]:  - Error processing 147a92b9-f90a-473d-b443-e6e668c4fbb7/detections/anomaly_detection/anomaly_suggestions_run_ts=20260319T100150Z.parquet: invalid encoding: RLE_DICTIONARY
2026-03-19 16:01:36 [ERROR]:  - Error processing 147a92b9-f90a-473d-b443-e6e668c4fbb7/detections/anomaly_detection/anomaly_suggestions_run_ts=20260319T102430Z.parquet: invalid encoding: RLE_DICTIONARY
2026-03-19 16:01:36 [ERROR]:  - Error processing 147a92b9-f90a-473d-b443-e6e668c4fbb7/detections/anomaly_detection/anomaly_suggestions_run_ts=20260319T102441Z.parquet: invalid encoding: RLE_DICTIONARY
2026-03-19 16:01:36 [ERROR]:  - Error processing 147a92b9-f90a-473d-b443-e6e668c4fbb7/detections/anomaly_detection/anomaly_suggestions_run_ts=20260319T102453Z.parquet: invalid encoding: RLE_DICTIONARY
2026-03-19 16:01:37 [ERROR]:  - Error processing 147a92b9-f90a-473d-b443-e6e668c4fbb7/detections/anomaly_detection/anomaly_suggestions_run_ts=20260319T102504Z.parquet: invalid encoding: RLE_DICTIONARY
2026-03-19 16:02:12 [ERROR]: Athena Query Failed: COLUMN_NOT_FOUND: line 8:39: Column 'status' cannot be resolved or requester is not authorized to access requested resources
2026-03-19 16:02:12 [ERROR]: Athena Execution Error: Athena Query Failed: COLUMN_NOT_FOUND: line 8:39: Column 'status' cannot be resolved or requester is not authorized to access requested resources
2026-03-19 16:03:56 [ERROR]: Athena Execution Error: getaddrinfo EAI_AGAIN athena.us-east-1.amazonaws.com
2026-03-19 16:03:56 [ERROR]: Error in getAtRiskAssets: getaddrinfo EAI_AGAIN athena.us-east-1.amazonaws.com
2026-03-19 16:03:56 [ERROR]: getaddrinfo EAI_AGAIN athena.us-east-1.amazonaws.com
2026-03-19 16:05:03 [ERROR]: Athena Execution Error: getaddrinfo EAI_AGAIN athena.us-east-1.amazonaws.com
2026-03-19 16:05:03 [ERROR]: Error in getAtRiskAssets: getaddrinfo EAI_AGAIN athena.us-east-1.amazonaws.com
2026-03-19 16:05:03 [ERROR]: getaddrinfo EAI_AGAIN athena.us-east-1.amazonaws.com
2026-03-19 16:06:15 [ERROR]: Athena Query Failed: HIVE_CANNOT_OPEN_SPLIT: Error opening Hive split s3://agentic-energy-ml-models-200937443240/147a92b9-f90a-473d-b443-e6e668c4fbb7/detections/anomaly_detection/anomaly_suggestions_run_ts=20260318T101529Z.parquet (offset=0, length=20671): class org.apache.parquet.io.PrimitiveColumnIO cannot be cast to class org.apache.parquet.io.GroupColumnIO (org.apache.parquet.io.PrimitiveColumnIO and org.apache.parquet.io.GroupColumnIO are in unnamed module of loader io.trino.server.PluginClassLoader @6d1f7107)
2026-03-19 16:07:06 [ERROR]:  - Error processing 147a92b9-f90a-473d-b443-e6e668c4fbb7/detections/anomaly_detection/anomaly_suggestions_run_ts=20260318T101453Z.parquet: invalid parquet version
2026-03-19 16:07:06 [ERROR]:  - Error processing 147a92b9-f90a-473d-b443-e6e668c4fbb7/detections/anomaly_detection/anomaly_suggestions_run_ts=20260318T101505Z.parquet: invalid parquet version
2026-03-19 16:07:07 [ERROR]:  - Error processing 147a92b9-f90a-473d-b443-e6e668c4fbb7/detections/anomaly_detection/anomaly_suggestions_run_ts=20260318T101517Z.parquet: invalid parquet version
2026-03-19 16:07:07 [ERROR]:  - Error processing 147a92b9-f90a-473d-b443-e6e668c4fbb7/detections/anomaly_detection/anomaly_suggestions_run_ts=20260318T101529Z.parquet: invalid parquet version
2026-03-19 16:07:07 [ERROR]:  - Error processing 147a92b9-f90a-473d-b443-e6e668c4fbb7/detections/anomaly_detection/anomaly_suggestions_run_ts=20260319T095224Z.parquet: invalid parquet version
2026-03-19 16:07:08 [ERROR]:  - Error processing 147a92b9-f90a-473d-b443-e6e668c4fbb7/detections/anomaly_detection/anomaly_suggestions_run_ts=20260319T095235Z.parquet: invalid parquet version
2026-03-19 16:07:08 [ERROR]:  - Error processing 147a92b9-f90a-473d-b443-e6e668c4fbb7/detections/anomaly_detection/anomaly_suggestions_run_ts=20260319T095250Z.parquet: invalid parquet version
2026-03-19 16:07:08 [ERROR]:  - Error processing 147a92b9-f90a-473d-b443-e6e668c4fbb7/detections/anomaly_detection/anomaly_suggestions_run_ts=20260319T095304Z.parquet: invalid parquet version
2026-03-19 16:07:09 [ERROR]:  - Error processing 147a92b9-f90a-473d-b443-e6e668c4fbb7/detections/anomaly_detection/anomaly_suggestions_run_ts=20260319T100108Z.parquet: invalid parquet version
2026-03-19 16:07:09 [ERROR]:  - Error processing 147a92b9-f90a-473d-b443-e6e668c4fbb7/detections/anomaly_detection/anomaly_suggestions_run_ts=20260319T100122Z.parquet: invalid parquet version
2026-03-19 16:07:09 [ERROR]:  - Error processing 147a92b9-f90a-473d-b443-e6e668c4fbb7/detections/anomaly_detection/anomaly_suggestions_run_ts=20260319T100136Z.parquet: invalid parquet version
2026-03-19 16:07:10 [ERROR]:  - Error processing 147a92b9-f90a-473d-b443-e6e668c4fbb7/detections/anomaly_detection/anomaly_suggestions_run_ts=20260319T100150Z.parquet: invalid parquet version
2026-03-19 16:07:10 [ERROR]:  - Error processing 147a92b9-f90a-473d-b443-e6e668c4fbb7/detections/anomaly_detection/anomaly_suggestions_run_ts=20260319T102430Z.parquet: invalid parquet version
2026-03-19 16:07:10 [ERROR]:  - Error processing 147a92b9-f90a-473d-b443-e6e668c4fbb7/detections/anomaly_detection/anomaly_suggestions_run_ts=20260319T102441Z.parquet: invalid parquet version
2026-03-19 16:07:11 [ERROR]:  - Error processing 147a92b9-f90a-473d-b443-e6e668c4fbb7/detections/anomaly_detection/anomaly_suggestions_run_ts=20260319T102453Z.parquet: invalid parquet version
2026-03-19 16:07:11 [ERROR]:  - Error processing 147a92b9-f90a-473d-b443-e6e668c4fbb7/detections/anomaly_detection/anomaly_suggestions_run_ts=20260319T102504Z.parquet: invalid parquet version
2026-03-19 16:07:19 [ERROR]: Athena Query Failed: HIVE_CANNOT_OPEN_SPLIT: Error opening Hive split s3://agentic-energy-ml-models-200937443240/147a92b9-f90a-473d-b443-e6e668c4fbb7/detections/anomaly_detection/anomaly_suggestions_run_ts=20260319T100122Z.parquet (offset=0, length=20458): class org.apache.parquet.io.PrimitiveColumnIO cannot be cast to class org.apache.parquet.io.GroupColumnIO (org.apache.parquet.io.PrimitiveColumnIO and org.apache.parquet.io.GroupColumnIO are in unnamed module of loader io.trino.server.PluginClassLoader @61e903e4)
2026-03-19 16:07:19 [ERROR]: Athena Execution Error: Athena Query Failed: HIVE_CANNOT_OPEN_SPLIT: Error opening Hive split s3://agentic-energy-ml-models-200937443240/147a92b9-f90a-473d-b443-e6e668c4fbb7/detections/anomaly_detection/anomaly_suggestions_run_ts=20260319T100122Z.parquet (offset=0, length=20458): class org.apache.parquet.io.PrimitiveColumnIO cannot be cast to class org.apache.parquet.io.GroupColumnIO (org.apache.parquet.io.PrimitiveColumnIO and org.apache.parquet.io.GroupColumnIO are in unnamed module of loader io.trino.server.PluginClassLoader @61e903e4)
2026-03-19 16:07:19 [ERROR]: Error in getAtRiskAssets: Athena Query Failed: HIVE_CANNOT_OPEN_SPLIT: Error opening Hive split s3://agentic-energy-ml-models-200937443240/147a92b9-f90a-473d-b443-e6e668c4fbb7/detections/anomaly_detection/anomaly_suggestions_run_ts=20260319T100122Z.parquet (offset=0, length=20458): class org.apache.parquet.io.PrimitiveColumnIO cannot be cast to class org.apache.parquet.io.GroupColumnIO (org.apache.parquet.io.PrimitiveColumnIO and org.apache.parquet.io.GroupColumnIO are in unnamed module of loader io.trino.server.PluginClassLoader @61e903e4)
2026-03-19 16:07:19 [ERROR]: Athena Query Failed: HIVE_CANNOT_OPEN_SPLIT: Error opening Hive split s3://agentic-energy-ml-models-200937443240/147a92b9-f90a-473d-b443-e6e668c4fbb7/detections/anomaly_detection/anomaly_suggestions_run_ts=20260319T100122Z.parquet (offset=0, length=20458): class org.apache.parquet.io.PrimitiveColumnIO cannot be cast to class org.apache.parquet.io.GroupColumnIO (org.apache.parquet.io.PrimitiveColumnIO and org.apache.parquet.io.GroupColumnIO are in unnamed module of loader io.trino.server.PluginClassLoader @61e903e4)
2026-03-19 16:12:06 [ERROR]: Athena Query Failed: HIVE_CANNOT_OPEN_SPLIT: Error opening Hive split s3://agentic-energy-ml-models-200937443240/147a92b9-f90a-473d-b443-e6e668c4fbb7/detections/anomaly_detection/anomaly_suggestions_run_ts=20260319T102504Z.parquet (offset=0, length=24755): class org.apache.parquet.io.GroupColumnIO cannot be cast to class org.apache.parquet.io.PrimitiveColumnIO (org.apache.parquet.io.GroupColumnIO and org.apache.parquet.io.PrimitiveColumnIO are in unnamed module of loader io.trino.server.PluginClassLoader @562cf08c)
2026-03-19 16:12:24 [ERROR]:  - Error processing 147a92b9-f90a-473d-b443-e6e668c4fbb7/detections/anomaly_detection/anomaly_suggestions_run_ts=20260318T101453Z.parquet: invalid parquet version
2026-03-19 16:12:24 [ERROR]:  - Error processing 147a92b9-f90a-473d-b443-e6e668c4fbb7/detections/anomaly_detection/anomaly_suggestions_run_ts=20260318T101505Z.parquet: invalid parquet version
2026-03-19 16:12:24 [ERROR]:  - Error processing 147a92b9-f90a-473d-b443-e6e668c4fbb7/detections/anomaly_detection/anomaly_suggestions_run_ts=20260318T101517Z.parquet: invalid parquet version
2026-03-19 16:12:25 [ERROR]:  - Error processing 147a92b9-f90a-473d-b443-e6e668c4fbb7/detections/anomaly_detection/anomaly_suggestions_run_ts=20260318T101529Z.parquet: invalid parquet version
2026-03-19 16:12:25 [ERROR]:  - Error processing 147a92b9-f90a-473d-b443-e6e668c4fbb7/detections/anomaly_detection/anomaly_suggestions_run_ts=20260319T095224Z.parquet: invalid parquet version
2026-03-19 16:12:25 [ERROR]:  - Error processing 147a92b9-f90a-473d-b443-e6e668c4fbb7/detections/anomaly_detection/anomaly_suggestions_run_ts=20260319T095235Z.parquet: invalid parquet version
2026-03-19 16:12:26 [ERROR]:  - Error processing 147a92b9-f90a-473d-b443-e6e668c4fbb7/detections/anomaly_detection/anomaly_suggestions_run_ts=20260319T095250Z.parquet: invalid parquet version
2026-03-19 16:12:26 [ERROR]:  - Error processing 147a92b9-f90a-473d-b443-e6e668c4fbb7/detections/anomaly_detection/anomaly_suggestions_run_ts=20260319T095304Z.parquet: invalid parquet version
2026-03-19 16:12:26 [ERROR]:  - Error processing 147a92b9-f90a-473d-b443-e6e668c4fbb7/detections/anomaly_detection/anomaly_suggestions_run_ts=20260319T100108Z.parquet: invalid parquet version
2026-03-19 16:12:27 [ERROR]:  - Error processing 147a92b9-f90a-473d-b443-e6e668c4fbb7/detections/anomaly_detection/anomaly_suggestions_run_ts=20260319T100122Z.parquet: invalid parquet version
2026-03-19 16:12:27 [ERROR]:  - Error processing 147a92b9-f90a-473d-b443-e6e668c4fbb7/detections/anomaly_detection/anomaly_suggestions_run_ts=20260319T100136Z.parquet: invalid parquet version
2026-03-19 16:12:27 [ERROR]:  - Error processing 147a92b9-f90a-473d-b443-e6e668c4fbb7/detections/anomaly_detection/anomaly_suggestions_run_ts=20260319T100150Z.parquet: invalid parquet version
2026-03-19 16:12:28 [ERROR]:  - Error processing 147a92b9-f90a-473d-b443-e6e668c4fbb7/detections/anomaly_detection/anomaly_suggestions_run_ts=20260319T102430Z.parquet: invalid parquet version
2026-03-19 16:12:28 [ERROR]:  - Error processing 147a92b9-f90a-473d-b443-e6e668c4fbb7/detections/anomaly_detection/anomaly_suggestions_run_ts=20260319T102441Z.parquet: invalid parquet version
2026-03-19 16:12:28 [ERROR]:  - Error processing 147a92b9-f90a-473d-b443-e6e668c4fbb7/detections/anomaly_detection/anomaly_suggestions_run_ts=20260319T102453Z.parquet: invalid parquet version
2026-03-19 16:12:29 [ERROR]:  - Error processing 147a92b9-f90a-473d-b443-e6e668c4fbb7/detections/anomaly_detection/anomaly_suggestions_run_ts=20260319T102504Z.parquet: invalid parquet version
2026-03-19 16:12:31 [ERROR]: Athena Query Failed: HIVE_CANNOT_OPEN_SPLIT: Error opening Hive split s3://agentic-energy-ml-models-200937443240/147a92b9-f90a-473d-b443-e6e668c4fbb7/detections/anomaly_detection/anomaly_suggestions_run_ts=20260319T102430Z.parquet (offset=0, length=24648): class org.apache.parquet.io.GroupColumnIO cannot be cast to class org.apache.parquet.io.PrimitiveColumnIO (org.apache.parquet.io.GroupColumnIO and org.apache.parquet.io.PrimitiveColumnIO are in unnamed module of loader io.trino.server.PluginClassLoader @4d080cb7)
2026-03-19 16:12:31 [ERROR]: Athena Execution Error: Athena Query Failed: HIVE_CANNOT_OPEN_SPLIT: Error opening Hive split s3://agentic-energy-ml-models-200937443240/147a92b9-f90a-473d-b443-e6e668c4fbb7/detections/anomaly_detection/anomaly_suggestions_run_ts=20260319T102430Z.parquet (offset=0, length=24648): class org.apache.parquet.io.GroupColumnIO cannot be cast to class org.apache.parquet.io.PrimitiveColumnIO (org.apache.parquet.io.GroupColumnIO and org.apache.parquet.io.PrimitiveColumnIO are in unnamed module of loader io.trino.server.PluginClassLoader @4d080cb7)
2026-03-19 16:12:31 [ERROR]: Error in getAtRiskAssets: Athena Query Failed: HIVE_CANNOT_OPEN_SPLIT: Error opening Hive split s3://agentic-energy-ml-models-200937443240/147a92b9-f90a-473d-b443-e6e668c4fbb7/detections/anomaly_detection/anomaly_suggestions_run_ts=20260319T102430Z.parquet (offset=0, length=24648): class org.apache.parquet.io.GroupColumnIO cannot be cast to class org.apache.parquet.io.PrimitiveColumnIO (org.apache.parquet.io.GroupColumnIO and org.apache.parquet.io.PrimitiveColumnIO are in unnamed module of loader io.trino.server.PluginClassLoader @4d080cb7)
2026-03-19 16:16:22 [ERROR]: Athena Query Failed: HIVE_CANNOT_OPEN_SPLIT: Error opening Hive split s3://agentic-energy-ml-models-200937443240/147a92b9-f90a-473d-b443-e6e668c4fbb7/detections/anomaly_detection/anomaly_suggestions_run_ts=20260319T102441Z.parquet (offset=0, length=24643): class org.apache.parquet.io.GroupColumnIO cannot be cast to class org.apache.parquet.io.PrimitiveColumnIO (org.apache.parquet.io.GroupColumnIO and org.apache.parquet.io.PrimitiveColumnIO are in unnamed module of loader io.trino.server.PluginClassLoader @7097e774)
2026-03-19 16:16:48 [ERROR]:  - Error processing 147a92b9-f90a-473d-b443-e6e668c4fbb7/detections/anomaly_detection/anomaly_suggestions_run_ts=20260318T101453Z.parquet: invalid parquet version
2026-03-19 16:16:48 [ERROR]:  - Error processing 147a92b9-f90a-473d-b443-e6e668c4fbb7/detections/anomaly_detection/anomaly_suggestions_run_ts=20260318T101505Z.parquet: invalid parquet version
2026-03-19 16:16:48 [ERROR]:  - Error processing 147a92b9-f90a-473d-b443-e6e668c4fbb7/detections/anomaly_detection/anomaly_suggestions_run_ts=20260318T101517Z.parquet: invalid parquet version
2026-03-19 16:16:49 [ERROR]:  - Error processing 147a92b9-f90a-473d-b443-e6e668c4fbb7/detections/anomaly_detection/anomaly_suggestions_run_ts=20260318T101529Z.parquet: invalid parquet version
2026-03-19 16:16:49 [ERROR]:  - Error processing 147a92b9-f90a-473d-b443-e6e668c4fbb7/detections/anomaly_detection/anomaly_suggestions_run_ts=20260319T095224Z.parquet: invalid parquet version
2026-03-19 16:16:49 [ERROR]:  - Error processing 147a92b9-f90a-473d-b443-e6e668c4fbb7/detections/anomaly_detection/anomaly_suggestions_run_ts=20260319T095235Z.parquet: invalid parquet version
2026-03-19 16:16:50 [ERROR]:  - Error processing 147a92b9-f90a-473d-b443-e6e668c4fbb7/detections/anomaly_detection/anomaly_suggestions_run_ts=20260319T095250Z.parquet: invalid parquet version
2026-03-19 16:16:51 [ERROR]:  - Error processing 147a92b9-f90a-473d-b443-e6e668c4fbb7/detections/anomaly_detection/anomaly_suggestions_run_ts=20260319T095304Z.parquet: invalid parquet version
2026-03-19 16:16:51 [ERROR]:  - Error processing 147a92b9-f90a-473d-b443-e6e668c4fbb7/detections/anomaly_detection/anomaly_suggestions_run_ts=20260319T100108Z.parquet: invalid parquet version
2026-03-19 16:16:51 [ERROR]:  - Error processing 147a92b9-f90a-473d-b443-e6e668c4fbb7/detections/anomaly_detection/anomaly_suggestions_run_ts=20260319T100122Z.parquet: invalid parquet version
2026-03-19 16:16:52 [ERROR]:  - Error processing 147a92b9-f90a-473d-b443-e6e668c4fbb7/detections/anomaly_detection/anomaly_suggestions_run_ts=20260319T100136Z.parquet: invalid parquet version
2026-03-19 16:16:52 [ERROR]:  - Error processing 147a92b9-f90a-473d-b443-e6e668c4fbb7/detections/anomaly_detection/anomaly_suggestions_run_ts=20260319T100150Z.parquet: invalid parquet version
2026-03-19 16:16:52 [ERROR]:  - Error processing 147a92b9-f90a-473d-b443-e6e668c4fbb7/detections/anomaly_detection/anomaly_suggestions_run_ts=20260319T102430Z.parquet: invalid parquet version
2026-03-19 16:16:53 [ERROR]:  - Error processing 147a92b9-f90a-473d-b443-e6e668c4fbb7/detections/anomaly_detection/anomaly_suggestions_run_ts=20260319T102441Z.parquet: invalid parquet version
2026-03-19 16:16:53 [ERROR]:  - Error processing 147a92b9-f90a-473d-b443-e6e668c4fbb7/detections/anomaly_detection/anomaly_suggestions_run_ts=20260319T102453Z.parquet: invalid parquet version
2026-03-19 16:16:53 [ERROR]:  - Error processing 147a92b9-f90a-473d-b443-e6e668c4fbb7/detections/anomaly_detection/anomaly_suggestions_run_ts=20260319T102504Z.parquet: invalid parquet version
2026-03-19 16:17:01 [ERROR]: Athena Query Failed: HIVE_CANNOT_OPEN_SPLIT: Error opening Hive split s3://agentic-energy-ml-models-200937443240/147a92b9-f90a-473d-b443-e6e668c4fbb7/detections/anomaly_detection/anomaly_suggestions_run_ts=20260319T102504Z.parquet (offset=0, length=24755): class org.apache.parquet.io.GroupColumnIO cannot be cast to class org.apache.parquet.io.PrimitiveColumnIO (org.apache.parquet.io.GroupColumnIO and org.apache.parquet.io.PrimitiveColumnIO are in unnamed module of loader io.trino.server.PluginClassLoader @457eeeba)
2026-03-19 16:17:01 [ERROR]: Athena Execution Error: Athena Query Failed: HIVE_CANNOT_OPEN_SPLIT: Error opening Hive split s3://agentic-energy-ml-models-200937443240/147a92b9-f90a-473d-b443-e6e668c4fbb7/detections/anomaly_detection/anomaly_suggestions_run_ts=20260319T102504Z.parquet (offset=0, length=24755): class org.apache.parquet.io.GroupColumnIO cannot be cast to class org.apache.parquet.io.PrimitiveColumnIO (org.apache.parquet.io.GroupColumnIO and org.apache.parquet.io.PrimitiveColumnIO are in unnamed module of loader io.trino.server.PluginClassLoader @457eeeba)
2026-03-19 16:17:01 [ERROR]: Error in getAtRiskAssets: Athena Query Failed: HIVE_CANNOT_OPEN_SPLIT: Error opening Hive split s3://agentic-energy-ml-models-200937443240/147a92b9-f90a-473d-b443-e6e668c4fbb7/detections/anomaly_detection/anomaly_suggestions_run_ts=20260319T102504Z.parquet (offset=0, length=24755): class org.apache.parquet.io.GroupColumnIO cannot be cast to class org.apache.parquet.io.PrimitiveColumnIO (org.apache.parquet.io.GroupColumnIO and org.apache.parquet.io.PrimitiveColumnIO are in unnamed module of loader io.trino.server.PluginClassLoader @457eeeba)
2026-03-19 16:17:01 [ERROR]: Athena Query Failed: HIVE_CANNOT_OPEN_SPLIT: Error opening Hive split s3://agentic-energy-ml-models-200937443240/147a92b9-f90a-473d-b443-e6e668c4fbb7/detections/anomaly_detection/anomaly_suggestions_run_ts=20260319T102504Z.parquet (offset=0, length=24755): class org.apache.parquet.io.GroupColumnIO cannot be cast to class org.apache.parquet.io.PrimitiveColumnIO (org.apache.parquet.io.GroupColumnIO and org.apache.parquet.io.PrimitiveColumnIO are in unnamed module of loader io.trino.server.PluginClassLoader @457eeeba)
2026-03-19 16:20:26 [ERROR]:  - Error processing 147a92b9-f90a-473d-b443-e6e668c4fbb7/detections/anomaly_detection/anomaly_suggestions_run_ts=20260318T101453Z.parquet: The specified method is not allowed against this resource.
2026-03-19 16:20:26 [ERROR]:  - Error processing 147a92b9-f90a-473d-b443-e6e668c4fbb7/detections/anomaly_detection/anomaly_suggestions_run_ts=20260318T101505Z.parquet: The specified method is not allowed against this resource.
2026-03-19 16:20:27 [ERROR]:  - Error processing 147a92b9-f90a-473d-b443-e6e668c4fbb7/detections/anomaly_detection/anomaly_suggestions_run_ts=20260318T101517Z.parquet: The specified method is not allowed against this resource.
2026-03-19 16:20:27 [ERROR]:  - Error processing 147a92b9-f90a-473d-b443-e6e668c4fbb7/detections/anomaly_detection/anomaly_suggestions_run_ts=20260318T101529Z.parquet: The specified method is not allowed against this resource.
2026-03-19 16:20:27 [ERROR]:  - Error processing 147a92b9-f90a-473d-b443-e6e668c4fbb7/detections/anomaly_detection/anomaly_suggestions_run_ts=20260319T095224Z.parquet: The specified method is not allowed against this resource.
2026-03-19 16:20:28 [ERROR]:  - Error processing 147a92b9-f90a-473d-b443-e6e668c4fbb7/detections/anomaly_detection/anomaly_suggestions_run_ts=20260319T095235Z.parquet: The specified method is not allowed against this resource.
2026-03-19 16:20:28 [ERROR]:  - Error processing 147a92b9-f90a-473d-b443-e6e668c4fbb7/detections/anomaly_detection/anomaly_suggestions_run_ts=20260319T095250Z.parquet: The specified method is not allowed against this resource.
2026-03-19 16:20:28 [ERROR]:  - Error processing 147a92b9-f90a-473d-b443-e6e668c4fbb7/detections/anomaly_detection/anomaly_suggestions_run_ts=20260319T095304Z.parquet: The specified method is not allowed against this resource.
2026-03-19 16:20:29 [ERROR]:  - Error processing 147a92b9-f90a-473d-b443-e6e668c4fbb7/detections/anomaly_detection/anomaly_suggestions_run_ts=20260319T100108Z.parquet: The specified method is not allowed against this resource.
2026-03-19 16:20:29 [ERROR]:  - Error processing 147a92b9-f90a-473d-b443-e6e668c4fbb7/detections/anomaly_detection/anomaly_suggestions_run_ts=20260319T100122Z.parquet: The specified method is not allowed against this resource.
2026-03-19 16:20:29 [ERROR]:  - Error processing 147a92b9-f90a-473d-b443-e6e668c4fbb7/detections/anomaly_detection/anomaly_suggestions_run_ts=20260319T100136Z.parquet: The specified method is not allowed against this resource.
2026-03-19 16:20:30 [ERROR]:  - Error processing 147a92b9-f90a-473d-b443-e6e668c4fbb7/detections/anomaly_detection/anomaly_suggestions_run_ts=20260319T100150Z.parquet: The specified method is not allowed against this resource.
2026-03-19 16:20:30 [ERROR]:  - Error processing 147a92b9-f90a-473d-b443-e6e668c4fbb7/detections/anomaly_detection/anomaly_suggestions_run_ts=20260319T102430Z.parquet: The specified method is not allowed against this resource.
2026-03-19 16:20:30 [ERROR]:  - Error processing 147a92b9-f90a-473d-b443-e6e668c4fbb7/detections/anomaly_detection/anomaly_suggestions_run_ts=20260319T102441Z.parquet: The specified method is not allowed against this resource.
2026-03-19 16:20:31 [ERROR]:  - Error processing 147a92b9-f90a-473d-b443-e6e668c4fbb7/detections/anomaly_detection/anomaly_suggestions_run_ts=20260319T102453Z.parquet: The specified method is not allowed against this resource.
2026-03-19 16:20:31 [ERROR]:  - Error processing 147a92b9-f90a-473d-b443-e6e668c4fbb7/detections/anomaly_detection/anomaly_suggestions_run_ts=20260319T102504Z.parquet: The specified method is not allowed against this resource.
2026-03-19 16:22:43 [ERROR]:  - Buffer read failed: undefined
2026-03-19 16:22:44 [ERROR]:  - Buffer read failed: undefined
2026-03-19 16:22:44 [ERROR]:  - Buffer read failed: undefined
2026-03-19 16:22:44 [ERROR]:  - Buffer read failed: undefined
2026-03-19 16:22:45 [ERROR]:  - Buffer read failed: undefined
2026-03-19 16:22:45 [ERROR]:  - Buffer read failed: undefined
2026-03-19 16:22:46 [ERROR]:  - Buffer read failed: undefined
2026-03-19 16:22:46 [ERROR]:  - Buffer read failed: undefined
2026-03-19 16:22:46 [ERROR]:  - Buffer read failed: undefined
2026-03-19 16:22:47 [ERROR]:  - Buffer read failed: undefined
2026-03-19 16:22:47 [ERROR]:  - Buffer read failed: undefined
2026-03-19 16:22:47 [ERROR]:  - Buffer read failed: undefined
2026-03-19 16:22:48 [ERROR]:  - Buffer read failed: undefined
2026-03-19 16:22:48 [ERROR]:  - Buffer read failed: undefined
2026-03-19 16:22:48 [ERROR]:  - Buffer read failed: undefined
2026-03-19 16:22:48 [ERROR]:  - Buffer read failed: undefined
2026-03-19 16:29:41 [ERROR]: Athena Query Failed: HIVE_CANNOT_OPEN_SPLIT: Error opening Hive split s3://agentic-energy-ml-models-200937443240/147a92b9-f90a-473d-b443-e6e668c4fbb7/detections/anomaly_detection/anomaly_suggestions_run_ts=20260319T102453Z.parquet (offset=0, length=25777): class org.apache.parquet.io.GroupColumnIO cannot be cast to class org.apache.parquet.io.PrimitiveColumnIO (org.apache.parquet.io.GroupColumnIO and org.apache.parquet.io.PrimitiveColumnIO are in unnamed module of loader io.trino.server.PluginClassLoader @22a433e2)
2026-03-19 16:30:49 [ERROR]: Athena Query Failed: HIVE_CANNOT_OPEN_SPLIT: Error opening Hive split s3://agentic-energy-ml-models-200937443240/147a92b9-f90a-473d-b443-e6e668c4fbb7/detections/anomaly_detection/anomaly_suggestions_run_ts=20260319T102504Z.parquet (offset=0, length=24755): class org.apache.parquet.io.GroupColumnIO cannot be cast to class org.apache.parquet.io.PrimitiveColumnIO (org.apache.parquet.io.GroupColumnIO and org.apache.parquet.io.PrimitiveColumnIO are in unnamed module of loader io.trino.server.PluginClassLoader @73c92db7)
2026-03-19 16:30:49 [ERROR]: Athena Execution Error: Athena Query Failed: HIVE_CANNOT_OPEN_SPLIT: Error opening Hive split s3://agentic-energy-ml-models-200937443240/147a92b9-f90a-473d-b443-e6e668c4fbb7/detections/anomaly_detection/anomaly_suggestions_run_ts=20260319T102504Z.parquet (offset=0, length=24755): class org.apache.parquet.io.GroupColumnIO cannot be cast to class org.apache.parquet.io.PrimitiveColumnIO (org.apache.parquet.io.GroupColumnIO and org.apache.parquet.io.PrimitiveColumnIO are in unnamed module of loader io.trino.server.PluginClassLoader @73c92db7)
2026-03-19 16:30:49 [ERROR]: Error in getAtRiskAssets: Athena Query Failed: HIVE_CANNOT_OPEN_SPLIT: Error opening Hive split s3://agentic-energy-ml-models-200937443240/147a92b9-f90a-473d-b443-e6e668c4fbb7/detections/anomaly_detection/anomaly_suggestions_run_ts=20260319T102504Z.parquet (offset=0, length=24755): class org.apache.parquet.io.GroupColumnIO cannot be cast to class org.apache.parquet.io.PrimitiveColumnIO (org.apache.parquet.io.GroupColumnIO and org.apache.parquet.io.PrimitiveColumnIO are in unnamed module of loader io.trino.server.PluginClassLoader @73c92db7)
2026-03-19 16:30:49 [ERROR]: Athena Query Failed: HIVE_CANNOT_OPEN_SPLIT: Error opening Hive split s3://agentic-energy-ml-models-200937443240/147a92b9-f90a-473d-b443-e6e668c4fbb7/detections/anomaly_detection/anomaly_suggestions_run_ts=20260319T102504Z.parquet (offset=0, length=24755): class org.apache.parquet.io.GroupColumnIO cannot be cast to class org.apache.parquet.io.PrimitiveColumnIO (org.apache.parquet.io.GroupColumnIO and org.apache.parquet.io.PrimitiveColumnIO are in unnamed module of loader io.trino.server.PluginClassLoader @73c92db7)
2026-03-19 16:33:11 [ERROR]: Athena Query Failed: HIVE_CANNOT_OPEN_SPLIT: Error opening Hive split s3://agentic-energy-ml-models-200937443240/147a92b9-f90a-473d-b443-e6e668c4fbb7/detections/anomaly_detection/anomaly_suggestions_run_ts=20260319T102430Z.parquet (offset=0, length=24648): class org.apache.parquet.io.GroupColumnIO cannot be cast to class org.apache.parquet.io.PrimitiveColumnIO (org.apache.parquet.io.GroupColumnIO and org.apache.parquet.io.PrimitiveColumnIO are in unnamed module of loader io.trino.server.PluginClassLoader @41a80dea)
2026-03-19 16:33:36 [ERROR]:  - Error processing 147a92b9-f90a-473d-b443-e6e668c4fbb7/detections/anomaly_detection/anomaly_suggestions_run_ts=20260318T101453Z.parquet: invalid parquet version
2026-03-19 16:33:37 [ERROR]:  - Error processing 147a92b9-f90a-473d-b443-e6e668c4fbb7/detections/anomaly_detection/anomaly_suggestions_run_ts=20260318T101505Z.parquet: invalid parquet version
2026-03-19 16:33:37 [ERROR]:  - Error processing 147a92b9-f90a-473d-b443-e6e668c4fbb7/detections/anomaly_detection/anomaly_suggestions_run_ts=20260318T101517Z.parquet: invalid parquet version
2026-03-19 16:33:37 [ERROR]:  - Error processing 147a92b9-f90a-473d-b443-e6e668c4fbb7/detections/anomaly_detection/anomaly_suggestions_run_ts=20260318T101529Z.parquet: invalid parquet version
2026-03-19 16:33:38 [ERROR]:  - Error processing 147a92b9-f90a-473d-b443-e6e668c4fbb7/detections/anomaly_detection/anomaly_suggestions_run_ts=20260319T095224Z.parquet: invalid parquet version
2026-03-19 16:33:38 [ERROR]:  - Error processing 147a92b9-f90a-473d-b443-e6e668c4fbb7/detections/anomaly_detection/anomaly_suggestions_run_ts=20260319T095235Z.parquet: invalid parquet version
2026-03-19 16:33:38 [ERROR]:  - Error processing 147a92b9-f90a-473d-b443-e6e668c4fbb7/detections/anomaly_detection/anomaly_suggestions_run_ts=20260319T095250Z.parquet: invalid parquet version
2026-03-19 16:33:39 [ERROR]:  - Error processing 147a92b9-f90a-473d-b443-e6e668c4fbb7/detections/anomaly_detection/anomaly_suggestions_run_ts=20260319T095304Z.parquet: invalid parquet version
2026-03-19 16:33:39 [ERROR]:  - Error processing 147a92b9-f90a-473d-b443-e6e668c4fbb7/detections/anomaly_detection/anomaly_suggestions_run_ts=20260319T100108Z.parquet: invalid parquet version
2026-03-19 16:33:40 [ERROR]:  - Error processing 147a92b9-f90a-473d-b443-e6e668c4fbb7/detections/anomaly_detection/anomaly_suggestions_run_ts=20260319T100122Z.parquet: invalid parquet version
2026-03-19 16:33:40 [ERROR]:  - Error processing 147a92b9-f90a-473d-b443-e6e668c4fbb7/detections/anomaly_detection/anomaly_suggestions_run_ts=20260319T100136Z.parquet: invalid parquet version
2026-03-19 16:33:40 [ERROR]:  - Error processing 147a92b9-f90a-473d-b443-e6e668c4fbb7/detections/anomaly_detection/anomaly_suggestions_run_ts=20260319T100150Z.parquet: invalid parquet version
2026-03-19 16:33:41 [ERROR]:  - Error processing 147a92b9-f90a-473d-b443-e6e668c4fbb7/detections/anomaly_detection/anomaly_suggestions_run_ts=20260319T102430Z.parquet: invalid parquet version
2026-03-19 16:33:41 [ERROR]:  - Error processing 147a92b9-f90a-473d-b443-e6e668c4fbb7/detections/anomaly_detection/anomaly_suggestions_run_ts=20260319T102441Z.parquet: invalid parquet version
2026-03-19 16:33:41 [ERROR]:  - Error processing 147a92b9-f90a-473d-b443-e6e668c4fbb7/detections/anomaly_detection/anomaly_suggestions_run_ts=20260319T102453Z.parquet: invalid parquet version
2026-03-19 16:33:42 [ERROR]:  - Error processing 147a92b9-f90a-473d-b443-e6e668c4fbb7/detections/anomaly_detection/anomaly_suggestions_run_ts=20260319T102504Z.parquet: invalid parquet version
2026-03-19 16:34:12 [ERROR]: Athena Execution Error: getaddrinfo EAI_AGAIN athena.us-east-1.amazonaws.com
2026-03-19 16:34:12 [ERROR]: Error in getAtRiskAssets: getaddrinfo EAI_AGAIN athena.us-east-1.amazonaws.com
2026-03-19 16:34:12 [ERROR]: getaddrinfo EAI_AGAIN athena.us-east-1.amazonaws.com
2026-03-19 16:35:04 [ERROR]: Athena Query Failed: HIVE_CANNOT_OPEN_SPLIT: Error opening Hive split s3://agentic-energy-ml-models-200937443240/147a92b9-f90a-473d-b443-e6e668c4fbb7/detections/anomaly_detection/anomaly_suggestions_run_ts=20260319T102453Z.parquet (offset=0, length=25777): class org.apache.parquet.io.GroupColumnIO cannot be cast to class org.apache.parquet.io.PrimitiveColumnIO (org.apache.parquet.io.GroupColumnIO and org.apache.parquet.io.PrimitiveColumnIO are in unnamed module of loader io.trino.server.PluginClassLoader @28812def)
2026-03-19 16:35:51 [ERROR]: Athena Query Failed: HIVE_CANNOT_OPEN_SPLIT: Error opening Hive split s3://agentic-energy-ml-models-200937443240/147a92b9-f90a-473d-b443-e6e668c4fbb7/detections/anomaly_detection/anomaly_suggestions_run_ts=20260319T102504Z.parquet (offset=0, length=24755): class org.apache.parquet.io.GroupColumnIO cannot be cast to class org.apache.parquet.io.PrimitiveColumnIO (org.apache.parquet.io.GroupColumnIO and org.apache.parquet.io.PrimitiveColumnIO are in unnamed module of loader io.trino.server.PluginClassLoader @2a365859)
2026-03-19 16:35:51 [ERROR]: Athena Execution Error: Athena Query Failed: HIVE_CANNOT_OPEN_SPLIT: Error opening Hive split s3://agentic-energy-ml-models-200937443240/147a92b9-f90a-473d-b443-e6e668c4fbb7/detections/anomaly_detection/anomaly_suggestions_run_ts=20260319T102504Z.parquet (offset=0, length=24755): class org.apache.parquet.io.GroupColumnIO cannot be cast to class org.apache.parquet.io.PrimitiveColumnIO (org.apache.parquet.io.GroupColumnIO and org.apache.parquet.io.PrimitiveColumnIO are in unnamed module of loader io.trino.server.PluginClassLoader @2a365859)
2026-03-19 16:35:51 [ERROR]: Error in getAtRiskAssets: Athena Query Failed: HIVE_CANNOT_OPEN_SPLIT: Error opening Hive split s3://agentic-energy-ml-models-200937443240/147a92b9-f90a-473d-b443-e6e668c4fbb7/detections/anomaly_detection/anomaly_suggestions_run_ts=20260319T102504Z.parquet (offset=0, length=24755): class org.apache.parquet.io.GroupColumnIO cannot be cast to class org.apache.parquet.io.PrimitiveColumnIO (org.apache.parquet.io.GroupColumnIO and org.apache.parquet.io.PrimitiveColumnIO are in unnamed module of loader io.trino.server.PluginClassLoader @2a365859)
2026-03-19 16:35:51 [ERROR]: Athena Query Failed: HIVE_CANNOT_OPEN_SPLIT: Error opening Hive split s3://agentic-energy-ml-models-200937443240/147a92b9-f90a-473d-b443-e6e668c4fbb7/detections/anomaly_detection/anomaly_suggestions_run_ts=20260319T102504Z.parquet (offset=0, length=24755): class org.apache.parquet.io.GroupColumnIO cannot be cast to class org.apache.parquet.io.PrimitiveColumnIO (org.apache.parquet.io.GroupColumnIO and org.apache.parquet.io.PrimitiveColumnIO are in unnamed module of loader io.trino.server.PluginClassLoader @2a365859)
2026-03-19 17:31:29 [ERROR]: Athena Query Failed: TABLE_NOT_FOUND: line 16:18: Table 'awsdatacatalog.agentic_energy_web_db.anomaly_suggestions' does not exist
2026-03-19 17:31:30 [ERROR]: Athena Execution Error: Athena Query Failed: TABLE_NOT_FOUND: line 16:18: Table 'awsdatacatalog.agentic_energy_web_db.anomaly_suggestions' does not exist
2026-03-19 17:31:30 [ERROR]: Error in getAtRiskAssets: Athena Query Failed: TABLE_NOT_FOUND: line 16:18: Table 'awsdatacatalog.agentic_energy_web_db.anomaly_suggestions' does not exist
2026-03-19 17:31:30 [ERROR]: Athena Query Failed: TABLE_NOT_FOUND: line 16:18: Table 'awsdatacatalog.agentic_energy_web_db.anomaly_suggestions' does not exist
2026-03-19 17:39:29 [ERROR]: Athena Query Failed: HIVE_CANNOT_OPEN_SPLIT: Error opening Hive split s3://agentic-energy-ml-models-200937443240/147a92b9-f90a-473d-b443-e6e668c4fbb7/detections/anomaly_detection/anomaly_suggestions_run_ts=20260319T120847Z.parquet (offset=0, length=24932): class org.apache.parquet.io.GroupColumnIO cannot be cast to class org.apache.parquet.io.PrimitiveColumnIO (org.apache.parquet.io.GroupColumnIO and org.apache.parquet.io.PrimitiveColumnIO are in unnamed module of loader io.trino.server.PluginClassLoader @38588a44)
2026-03-19 17:39:34 [ERROR]:  - ❌ Error repairing 147a92b9-f90a-473d-b443-e6e668c4fbb7/detections/anomaly_detection/anomaly_suggestions_run_ts=20260319T120754Z.parquet: The specified method is not allowed against this resource.
2026-03-19 17:39:35 [ERROR]:  - ❌ Error repairing 147a92b9-f90a-473d-b443-e6e668c4fbb7/detections/anomaly_detection/anomaly_suggestions_run_ts=20260319T120804Z.parquet: The specified method is not allowed against this resource.
2026-03-19 17:39:35 [ERROR]:  - ❌ Error repairing 147a92b9-f90a-473d-b443-e6e668c4fbb7/detections/anomaly_detection/anomaly_suggestions_run_ts=20260319T120819Z.parquet: The specified method is not allowed against this resource.
2026-03-19 17:39:35 [ERROR]:  - ❌ Error repairing 147a92b9-f90a-473d-b443-e6e668c4fbb7/detections/anomaly_detection/anomaly_suggestions_run_ts=20260319T120847Z.parquet: The specified method is not allowed against this resource.
2026-03-19 17:39:35 [ERROR]:  - ❌ Error repairing 147a92b9-f90a-473d-b443-e6e668c4fbb7/detections/anomaly_review/run_ts=20260316T074644Z/anomaly_reviews.parquet: The specified method is not allowed against this resource.
2026-03-19 17:39:36 [ERROR]:  - ❌ Error repairing 147a92b9-f90a-473d-b443-e6e668c4fbb7/detections/operations/run_ts=20260316T075933Z/operations_recommendations.parquet: The specified method is not allowed against this resource.
2026-03-19 17:39:36 [ERROR]:  - ❌ Error repairing 147a92b9-f90a-473d-b443-e6e668c4fbb7/sensor_data/daily_production.parquet: The specified method is not allowed against this resource.
2026-03-19 17:39:36 [ERROR]:  - ❌ Error repairing 147a92b9-f90a-473d-b443-e6e668c4fbb7/sensor_data/sensor_ranges.parquet: The specified method is not allowed against this resource.
2026-03-19 17:39:37 [ERROR]:  - ❌ Error repairing 147a92b9-f90a-473d-b443-e6e668c4fbb7/sensor_data/well_metadata.parquet: The specified method is not allowed against this resource.
2026-03-19 17:39:37 [ERROR]:  - ❌ Error repairing 147a92b9-f90a-473d-b443-e6e668c4fbb7/sensor_data/well_sensor_readings.parquet: The specified method is not allowed against this resource.
2026-03-19 17:39:37 [ERROR]:  - ❌ Error repairing 147a92b9-f90a-473d-b443-e6e668c4fbb7/sensor_data/well_status.parquet: The specified method is not allowed against this resource.
2026-03-19 17:39:38 [ERROR]:  - ❌ Error repairing 147a92b9-f90a-473d-b443-e6e668c4fbb7/take_actions/anomaly_detection/20260317T080012Z/alert_actions.parquet: The specified method is not allowed against this resource.
2026-03-19 17:39:38 [ERROR]:  - ❌ Error repairing 147a92b9-f90a-473d-b443-e6e668c4fbb7/take_actions/anomaly_detection/20260318T071516Z/alert_actions.parquet: The specified method is not allowed against this resource.
2026-03-19 17:39:38 [ERROR]:  - ❌ Error repairing 147a92b9-f90a-473d-b443-e6e668c4fbb7/take_actions/anomaly_reviews/20260316T093207Z/anomaly_review_actions.parquet: The specified method is not allowed against this resource.
2026-03-19 17:39:39 [ERROR]:  - ❌ Error repairing 147a92b9-f90a-473d-b443-e6e668c4fbb7/take_actions/operations/20260316T094605Z/operations_recommendations.parquet: The specified method is not allowed against this resource.
2026-03-19 17:39:41 [ERROR]: Athena Query Failed: HIVE_CANNOT_OPEN_SPLIT: Error opening Hive split s3://agentic-energy-ml-models-200937443240/147a92b9-f90a-473d-b443-e6e668c4fbb7/detections/anomaly_detection/anomaly_suggestions_run_ts=20260319T120847Z.parquet (offset=0, length=24932): class org.apache.parquet.io.GroupColumnIO cannot be cast to class org.apache.parquet.io.PrimitiveColumnIO (org.apache.parquet.io.GroupColumnIO and org.apache.parquet.io.PrimitiveColumnIO are in unnamed module of loader io.trino.server.PluginClassLoader @24da1017)
2026-03-19 17:39:41 [ERROR]: Athena Execution Error: Athena Query Failed: HIVE_CANNOT_OPEN_SPLIT: Error opening Hive split s3://agentic-energy-ml-models-200937443240/147a92b9-f90a-473d-b443-e6e668c4fbb7/detections/anomaly_detection/anomaly_suggestions_run_ts=20260319T120847Z.parquet (offset=0, length=24932): class org.apache.parquet.io.GroupColumnIO cannot be cast to class org.apache.parquet.io.PrimitiveColumnIO (org.apache.parquet.io.GroupColumnIO and org.apache.parquet.io.PrimitiveColumnIO are in unnamed module of loader io.trino.server.PluginClassLoader @24da1017)
2026-03-19 17:39:41 [ERROR]: Automatic self-healing failed: Athena Query Failed: HIVE_CANNOT_OPEN_SPLIT: Error opening Hive split s3://agentic-energy-ml-models-200937443240/147a92b9-f90a-473d-b443-e6e668c4fbb7/detections/anomaly_detection/anomaly_suggestions_run_ts=20260319T120847Z.parquet (offset=0, length=24932): class org.apache.parquet.io.GroupColumnIO cannot be cast to class org.apache.parquet.io.PrimitiveColumnIO (org.apache.parquet.io.GroupColumnIO and org.apache.parquet.io.PrimitiveColumnIO are in unnamed module of loader io.trino.server.PluginClassLoader @24da1017)
2026-03-19 17:39:41 [ERROR]: Athena Execution Error: Athena Query Failed: HIVE_CANNOT_OPEN_SPLIT: Error opening Hive split s3://agentic-energy-ml-models-200937443240/147a92b9-f90a-473d-b443-e6e668c4fbb7/detections/anomaly_detection/anomaly_suggestions_run_ts=20260319T120847Z.parquet (offset=0, length=24932): class org.apache.parquet.io.GroupColumnIO cannot be cast to class org.apache.parquet.io.PrimitiveColumnIO (org.apache.parquet.io.GroupColumnIO and org.apache.parquet.io.PrimitiveColumnIO are in unnamed module of loader io.trino.server.PluginClassLoader @38588a44)
2026-03-19 17:39:41 [ERROR]: Error in getAtRiskAssets: Athena Query Failed: HIVE_CANNOT_OPEN_SPLIT: Error opening Hive split s3://agentic-energy-ml-models-200937443240/147a92b9-f90a-473d-b443-e6e668c4fbb7/detections/anomaly_detection/anomaly_suggestions_run_ts=20260319T120847Z.parquet (offset=0, length=24932): class org.apache.parquet.io.GroupColumnIO cannot be cast to class org.apache.parquet.io.PrimitiveColumnIO (org.apache.parquet.io.GroupColumnIO and org.apache.parquet.io.PrimitiveColumnIO are in unnamed module of loader io.trino.server.PluginClassLoader @38588a44)
2026-03-19 17:39:41 [ERROR]: Athena Query Failed: HIVE_CANNOT_OPEN_SPLIT: Error opening Hive split s3://agentic-energy-ml-models-200937443240/147a92b9-f90a-473d-b443-e6e668c4fbb7/detections/anomaly_detection/anomaly_suggestions_run_ts=20260319T120847Z.parquet (offset=0, length=24932): class org.apache.parquet.io.GroupColumnIO cannot be cast to class org.apache.parquet.io.PrimitiveColumnIO (org.apache.parquet.io.GroupColumnIO and org.apache.parquet.io.PrimitiveColumnIO are in unnamed module of loader io.trino.server.PluginClassLoader @38588a44)
2026-03-19 17:40:00 [ERROR]: Athena Query Failed: HIVE_CANNOT_OPEN_SPLIT: Error opening Hive split s3://agentic-energy-ml-models-200937443240/147a92b9-f90a-473d-b443-e6e668c4fbb7/detections/anomaly_detection/anomaly_suggestions_run_ts=20260319T120819Z.parquet (offset=0, length=26267): class org.apache.parquet.io.GroupColumnIO cannot be cast to class org.apache.parquet.io.PrimitiveColumnIO (org.apache.parquet.io.GroupColumnIO and org.apache.parquet.io.PrimitiveColumnIO are in unnamed module of loader io.trino.server.PluginClassLoader @382017c4)
2026-03-19 17:40:08 [ERROR]:  - ❌ Error repairing 147a92b9-f90a-473d-b443-e6e668c4fbb7/detections/anomaly_detection/anomaly_suggestions_run_ts=20260319T120754Z.parquet: The specified method is not allowed against this resource.
2026-03-19 17:40:08 [ERROR]:  - ❌ Error repairing 147a92b9-f90a-473d-b443-e6e668c4fbb7/detections/anomaly_detection/anomaly_suggestions_run_ts=20260319T120804Z.parquet: The specified method is not allowed against this resource.
2026-03-19 17:40:08 [ERROR]:  - ❌ Error repairing 147a92b9-f90a-473d-b443-e6e668c4fbb7/detections/anomaly_detection/anomaly_suggestions_run_ts=20260319T120819Z.parquet: The specified method is not allowed against this resource.
2026-03-19 17:40:09 [ERROR]:  - ❌ Error repairing 147a92b9-f90a-473d-b443-e6e668c4fbb7/detections/anomaly_detection/anomaly_suggestions_run_ts=20260319T120847Z.parquet: The specified method is not allowed against this resource.
2026-03-19 17:40:10 [ERROR]:  - ❌ Error repairing 147a92b9-f90a-473d-b443-e6e668c4fbb7/detections/anomaly_review/run_ts=20260316T074644Z/anomaly_reviews.parquet: The specified method is not allowed against this resource.
2026-03-19 17:40:10 [ERROR]:  - ❌ Error repairing 147a92b9-f90a-473d-b443-e6e668c4fbb7/detections/operations/run_ts=20260316T075933Z/operations_recommendations.parquet: The specified method is not allowed against this resource.
2026-03-19 17:40:10 [ERROR]:  - ❌ Error repairing 147a92b9-f90a-473d-b443-e6e668c4fbb7/sensor_data/daily_production.parquet: The specified method is not allowed against this resource.
2026-03-19 17:40:11 [ERROR]:  - ❌ Error repairing 147a92b9-f90a-473d-b443-e6e668c4fbb7/sensor_data/sensor_ranges.parquet: The specified method is not allowed against this resource.
2026-03-19 17:40:11 [ERROR]:  - ❌ Error repairing 147a92b9-f90a-473d-b443-e6e668c4fbb7/sensor_data/well_metadata.parquet: The specified method is not allowed against this resource.
2026-03-19 17:40:11 [ERROR]:  - ❌ Error repairing 147a92b9-f90a-473d-b443-e6e668c4fbb7/sensor_data/well_sensor_readings.parquet: The specified method is not allowed against this resource.
2026-03-19 17:40:12 [ERROR]:  - ❌ Error repairing 147a92b9-f90a-473d-b443-e6e668c4fbb7/sensor_data/well_status.parquet: The specified method is not allowed against this resource.
2026-03-19 17:40:12 [ERROR]:  - ❌ Error repairing 147a92b9-f90a-473d-b443-e6e668c4fbb7/take_actions/anomaly_detection/20260317T080012Z/alert_actions.parquet: The specified method is not allowed against this resource.
2026-03-19 17:40:12 [ERROR]:  - ❌ Error repairing 147a92b9-f90a-473d-b443-e6e668c4fbb7/take_actions/anomaly_detection/20260318T071516Z/alert_actions.parquet: The specified method is not allowed against this resource.
2026-03-19 17:40:12 [ERROR]:  - ❌ Error repairing 147a92b9-f90a-473d-b443-e6e668c4fbb7/take_actions/anomaly_reviews/20260316T093207Z/anomaly_review_actions.parquet: The specified method is not allowed against this resource.
2026-03-19 17:40:13 [ERROR]:  - ❌ Error repairing 147a92b9-f90a-473d-b443-e6e668c4fbb7/take_actions/operations/20260316T094605Z/operations_recommendations.parquet: The specified method is not allowed against this resource.
2026-03-19 17:40:15 [ERROR]: Athena Query Failed: HIVE_CANNOT_OPEN_SPLIT: Error opening Hive split s3://agentic-energy-ml-models-200937443240/147a92b9-f90a-473d-b443-e6e668c4fbb7/detections/anomaly_detection/anomaly_suggestions_run_ts=20260319T120847Z.parquet (offset=0, length=24932): class org.apache.parquet.io.GroupColumnIO cannot be cast to class org.apache.parquet.io.PrimitiveColumnIO (org.apache.parquet.io.GroupColumnIO and org.apache.parquet.io.PrimitiveColumnIO are in unnamed module of loader io.trino.server.PluginClassLoader @44ba4a9)
2026-03-19 17:40:15 [ERROR]: Athena Execution Error: Athena Query Failed: HIVE_CANNOT_OPEN_SPLIT: Error opening Hive split s3://agentic-energy-ml-models-200937443240/147a92b9-f90a-473d-b443-e6e668c4fbb7/detections/anomaly_detection/anomaly_suggestions_run_ts=20260319T120847Z.parquet (offset=0, length=24932): class org.apache.parquet.io.GroupColumnIO cannot be cast to class org.apache.parquet.io.PrimitiveColumnIO (org.apache.parquet.io.GroupColumnIO and org.apache.parquet.io.PrimitiveColumnIO are in unnamed module of loader io.trino.server.PluginClassLoader @44ba4a9)
2026-03-19 17:40:15 [ERROR]: Automatic self-healing failed: Athena Query Failed: HIVE_CANNOT_OPEN_SPLIT: Error opening Hive split s3://agentic-energy-ml-models-200937443240/147a92b9-f90a-473d-b443-e6e668c4fbb7/detections/anomaly_detection/anomaly_suggestions_run_ts=20260319T120847Z.parquet (offset=0, length=24932): class org.apache.parquet.io.GroupColumnIO cannot be cast to class org.apache.parquet.io.PrimitiveColumnIO (org.apache.parquet.io.GroupColumnIO and org.apache.parquet.io.PrimitiveColumnIO are in unnamed module of loader io.trino.server.PluginClassLoader @44ba4a9)
2026-03-19 17:40:15 [ERROR]: Athena Execution Error: Athena Query Failed: HIVE_CANNOT_OPEN_SPLIT: Error opening Hive split s3://agentic-energy-ml-models-200937443240/147a92b9-f90a-473d-b443-e6e668c4fbb7/detections/anomaly_detection/anomaly_suggestions_run_ts=20260319T120819Z.parquet (offset=0, length=26267): class org.apache.parquet.io.GroupColumnIO cannot be cast to class org.apache.parquet.io.PrimitiveColumnIO (org.apache.parquet.io.GroupColumnIO and org.apache.parquet.io.PrimitiveColumnIO are in unnamed module of loader io.trino.server.PluginClassLoader @382017c4)
2026-03-19 17:40:15 [ERROR]: Error in getAtRiskAssets: Athena Query Failed: HIVE_CANNOT_OPEN_SPLIT: Error opening Hive split s3://agentic-energy-ml-models-200937443240/147a92b9-f90a-473d-b443-e6e668c4fbb7/detections/anomaly_detection/anomaly_suggestions_run_ts=20260319T120819Z.parquet (offset=0, length=26267): class org.apache.parquet.io.GroupColumnIO cannot be cast to class org.apache.parquet.io.PrimitiveColumnIO (org.apache.parquet.io.GroupColumnIO and org.apache.parquet.io.PrimitiveColumnIO are in unnamed module of loader io.trino.server.PluginClassLoader @382017c4)
2026-03-19 17:40:15 [ERROR]: Athena Query Failed: HIVE_CANNOT_OPEN_SPLIT: Error opening Hive split s3://agentic-energy-ml-models-200937443240/147a92b9-f90a-473d-b443-e6e668c4fbb7/detections/anomaly_detection/anomaly_suggestions_run_ts=20260319T120819Z.parquet (offset=0, length=26267): class org.apache.parquet.io.GroupColumnIO cannot be cast to class org.apache.parquet.io.PrimitiveColumnIO (org.apache.parquet.io.GroupColumnIO and org.apache.parquet.io.PrimitiveColumnIO are in unnamed module of loader io.trino.server.PluginClassLoader @382017c4)
2026-03-19 17:44:05 [ERROR]: Athena Query Failed. StageChangeReason: "HIVE_CANNOT_OPEN_SPLIT: Error opening Hive split s3://agentic-energy-ml-models-200937443240/147a92b9-f90a-473d-b443-e6e668c4fbb7/detections/anomaly_detection/anomaly_suggestions_run_ts=20260319T120847Z.parquet (offset=0, length=24932): class org.apache.parquet.io.GroupColumnIO cannot be cast to class org.apache.parquet.io.PrimitiveColumnIO (org.apache.parquet.io.GroupColumnIO and org.apache.parquet.io.PrimitiveColumnIO are in unnamed module of loader io.trino.server.PluginClassLoader @7609c927)"
2026-03-19 17:44:11 [ERROR]:  - ❌ Error repairing 147a92b9-f90a-473d-b443-e6e668c4fbb7/detections/anomaly_detection/anomaly_suggestions_run_ts=20260319T120754Z.parquet: The specified method is not allowed against this resource.
2026-03-19 17:44:11 [ERROR]:  - ❌ Error repairing 147a92b9-f90a-473d-b443-e6e668c4fbb7/detections/anomaly_detection/anomaly_suggestions_run_ts=20260319T120804Z.parquet: The specified method is not allowed against this resource.
2026-03-19 17:44:11 [ERROR]:  - ❌ Error repairing 147a92b9-f90a-473d-b443-e6e668c4fbb7/detections/anomaly_detection/anomaly_suggestions_run_ts=20260319T120819Z.parquet: The specified method is not allowed against this resource.
2026-03-19 17:44:12 [ERROR]:  - ❌ Error repairing 147a92b9-f90a-473d-b443-e6e668c4fbb7/detections/anomaly_detection/anomaly_suggestions_run_ts=20260319T120847Z.parquet: The specified method is not allowed against this resource.
2026-03-19 17:44:12 [ERROR]:  - ❌ Error repairing 147a92b9-f90a-473d-b443-e6e668c4fbb7/detections/anomaly_review/run_ts=20260316T074644Z/anomaly_reviews.parquet: The specified method is not allowed against this resource.
2026-03-19 17:44:12 [ERROR]:  - ❌ Error repairing 147a92b9-f90a-473d-b443-e6e668c4fbb7/detections/operations/run_ts=20260316T075933Z/operations_recommendations.parquet: The specified method is not allowed against this resource.
2026-03-19 17:44:13 [ERROR]:  - ❌ Error repairing 147a92b9-f90a-473d-b443-e6e668c4fbb7/sensor_data/daily_production.parquet: The specified method is not allowed against this resource.
2026-03-19 17:44:13 [ERROR]:  - ❌ Error repairing 147a92b9-f90a-473d-b443-e6e668c4fbb7/sensor_data/sensor_ranges.parquet: The specified method is not allowed against this resource.
2026-03-19 17:44:13 [ERROR]:  - ❌ Error repairing 147a92b9-f90a-473d-b443-e6e668c4fbb7/sensor_data/well_metadata.parquet: The specified method is not allowed against this resource.
2026-03-19 17:44:14 [ERROR]:  - ❌ Error repairing 147a92b9-f90a-473d-b443-e6e668c4fbb7/sensor_data/well_sensor_readings.parquet: The specified method is not allowed against this resource.
2026-03-19 17:44:14 [ERROR]:  - ❌ Error repairing 147a92b9-f90a-473d-b443-e6e668c4fbb7/sensor_data/well_status.parquet: The specified method is not allowed against this resource.
2026-03-19 17:44:14 [ERROR]:  - ❌ Error repairing 147a92b9-f90a-473d-b443-e6e668c4fbb7/take_actions/anomaly_detection/20260317T080012Z/alert_actions.parquet: The specified method is not allowed against this resource.
2026-03-19 17:44:14 [ERROR]:  - ❌ Error repairing 147a92b9-f90a-473d-b443-e6e668c4fbb7/take_actions/anomaly_detection/20260318T071516Z/alert_actions.parquet: The specified method is not allowed against this resource.
2026-03-19 17:44:15 [ERROR]:  - ❌ Error repairing 147a92b9-f90a-473d-b443-e6e668c4fbb7/take_actions/anomaly_reviews/20260316T093207Z/anomaly_review_actions.parquet: The specified method is not allowed against this resource.
2026-03-19 17:44:15 [ERROR]:  - ❌ Error repairing 147a92b9-f90a-473d-b443-e6e668c4fbb7/take_actions/operations/20260316T094605Z/operations_recommendations.parquet: The specified method is not allowed against this resource.
2026-03-19 17:44:17 [ERROR]: Athena Query Failed. StageChangeReason: "HIVE_CANNOT_OPEN_SPLIT: Error opening Hive split s3://agentic-energy-ml-models-200937443240/147a92b9-f90a-473d-b443-e6e668c4fbb7/detections/anomaly_detection/anomaly_suggestions_run_ts=20260319T120819Z.parquet (offset=0, length=26267): class org.apache.parquet.io.GroupColumnIO cannot be cast to class org.apache.parquet.io.PrimitiveColumnIO (org.apache.parquet.io.GroupColumnIO and org.apache.parquet.io.PrimitiveColumnIO are in unnamed module of loader io.trino.server.PluginClassLoader @1fd82f97)"
2026-03-19 17:44:17 [ERROR]: Athena Execution Error: Athena Query Failed: HIVE_CANNOT_OPEN_SPLIT: Error opening Hive split s3://agentic-energy-ml-models-200937443240/147a92b9-f90a-473d-b443-e6e668c4fbb7/detections/anomaly_detection/anomaly_suggestions_run_ts=20260319T120819Z.parquet (offset=0, length=26267): class org.apache.parquet.io.GroupColumnIO cannot be cast to class org.apache.parquet.io.PrimitiveColumnIO (org.apache.parquet.io.GroupColumnIO and org.apache.parquet.io.PrimitiveColumnIO are in unnamed module of loader io.trino.server.PluginClassLoader @1fd82f97)
2026-03-19 17:44:17 [ERROR]: Automatic self-healing failed: Athena Query Failed: HIVE_CANNOT_OPEN_SPLIT: Error opening Hive split s3://agentic-energy-ml-models-200937443240/147a92b9-f90a-473d-b443-e6e668c4fbb7/detections/anomaly_detection/anomaly_suggestions_run_ts=20260319T120819Z.parquet (offset=0, length=26267): class org.apache.parquet.io.GroupColumnIO cannot be cast to class org.apache.parquet.io.PrimitiveColumnIO (org.apache.parquet.io.GroupColumnIO and org.apache.parquet.io.PrimitiveColumnIO are in unnamed module of loader io.trino.server.PluginClassLoader @1fd82f97)
2026-03-19 17:44:17 [ERROR]: Athena Execution Error: Athena Query Failed: HIVE_CANNOT_OPEN_SPLIT: Error opening Hive split s3://agentic-energy-ml-models-200937443240/147a92b9-f90a-473d-b443-e6e668c4fbb7/detections/anomaly_detection/anomaly_suggestions_run_ts=20260319T120847Z.parquet (offset=0, length=24932): class org.apache.parquet.io.GroupColumnIO cannot be cast to class org.apache.parquet.io.PrimitiveColumnIO (org.apache.parquet.io.GroupColumnIO and org.apache.parquet.io.PrimitiveColumnIO are in unnamed module of loader io.trino.server.PluginClassLoader @7609c927)
2026-03-19 17:44:17 [ERROR]: Error in getAtRiskAssets: Athena Query Failed: HIVE_CANNOT_OPEN_SPLIT: Error opening Hive split s3://agentic-energy-ml-models-200937443240/147a92b9-f90a-473d-b443-e6e668c4fbb7/detections/anomaly_detection/anomaly_suggestions_run_ts=20260319T120847Z.parquet (offset=0, length=24932): class org.apache.parquet.io.GroupColumnIO cannot be cast to class org.apache.parquet.io.PrimitiveColumnIO (org.apache.parquet.io.GroupColumnIO and org.apache.parquet.io.PrimitiveColumnIO are in unnamed module of loader io.trino.server.PluginClassLoader @7609c927)
2026-03-19 17:44:17 [ERROR]: Athena Query Failed: HIVE_CANNOT_OPEN_SPLIT: Error opening Hive split s3://agentic-energy-ml-models-200937443240/147a92b9-f90a-473d-b443-e6e668c4fbb7/detections/anomaly_detection/anomaly_suggestions_run_ts=20260319T120847Z.parquet (offset=0, length=24932): class org.apache.parquet.io.GroupColumnIO cannot be cast to class org.apache.parquet.io.PrimitiveColumnIO (org.apache.parquet.io.GroupColumnIO and org.apache.parquet.io.PrimitiveColumnIO are in unnamed module of loader io.trino.server.PluginClassLoader @7609c927)
2026-03-19 18:16:54 [ERROR]: Error in getAtRiskAssets: 
Invalid `db_1.prisma.anomaly_suggestions.findMany()` invocation in
/home/abhishek/Desktop/projects/latest-EA-backend-withmodel 19Mar/latest-EA-backend-withmodel 1/latest-EA-backend-withmodel/dist/modules/industrial-data/at-risk/controllers/at-risk.controller.js:109:49

  106     throw new AppError_1.AppError('Organization ID is required', 400);
  107 }
  108 const [alerts, total, atRiskAssets] = await Promise.all([
→ 109     db_1.prisma.anomaly_suggestions.findMany(
The table `public.anomaly_suggestions` does not exist in the current database.
2026-03-19 18:16:54 [ERROR]: 
Invalid `db_1.prisma.anomaly_suggestions.findMany()` invocation in
/home/abhishek/Desktop/projects/latest-EA-backend-withmodel 19Mar/latest-EA-backend-withmodel 1/latest-EA-backend-withmodel/dist/modules/industrial-data/at-risk/controllers/at-risk.controller.js:109:49

  106     throw new AppError_1.AppError('Organization ID is required', 400);
  107 }
  108 const [alerts, total, atRiskAssets] = await Promise.all([
→ 109     db_1.prisma.anomaly_suggestions.findMany(
The table `public.anomaly_suggestions` does not exist in the current database.
2026-03-19 18:18:28 [ERROR]: Error in getAtRiskAssets: 
Invalid `prisma.anomaly_suggestions.findMany()` invocation:


The table `public.anomaly_suggestions` does not exist in the current database.
2026-03-19 18:18:28 [ERROR]: 
Invalid `prisma.anomaly_suggestions.findMany()` invocation:


The table `public.anomaly_suggestions` does not exist in the current database.
2026-03-19 18:24:01 [ERROR]: Athena Query Failed. StageChangeReason: "HIVE_CANNOT_OPEN_SPLIT: Error opening Hive split s3://agentic-energy-ml-models-200937443240/147a92b9-f90a-473d-b443-e6e668c4fbb7/detections/anomaly_detection/anomaly_suggestions_run_ts=20260319T125258Z.parquet (offset=0, length=25262): class org.apache.parquet.io.GroupColumnIO cannot be cast to class org.apache.parquet.io.PrimitiveColumnIO (org.apache.parquet.io.GroupColumnIO and org.apache.parquet.io.PrimitiveColumnIO are in unnamed module of loader io.trino.server.PluginClassLoader @6fc3b77e)"
2026-03-19 18:24:06 [ERROR]:  - ❌ Error repairing 147a92b9-f90a-473d-b443-e6e668c4fbb7/detections/anomaly_detection/anomaly_suggestions_run_ts=20260319T125244Z.parquet: The specified method is not allowed against this resource.
2026-03-19 18:24:06 [ERROR]:  - ❌ Error repairing 147a92b9-f90a-473d-b443-e6e668c4fbb7/detections/anomaly_detection/anomaly_suggestions_run_ts=20260319T125258Z.parquet: The specified method is not allowed against this resource.
2026-03-19 18:24:06 [ERROR]:  - ❌ Error repairing 147a92b9-f90a-473d-b443-e6e668c4fbb7/detections/anomaly_detection/anomaly_suggestions_run_ts=20260319T125324Z.parquet: The specified method is not allowed against this resource.
2026-03-19 18:24:07 [ERROR]:  - ❌ Error repairing 147a92b9-f90a-473d-b443-e6e668c4fbb7/detections/anomaly_detection/anomaly_suggestions_run_ts=20260319T125339Z.parquet: The specified method is not allowed against this resource.
2026-03-19 18:24:08 [ERROR]:  - ❌ Error repairing 147a92b9-f90a-473d-b443-e6e668c4fbb7/detections/anomaly_review/run_ts=20260316T074644Z/anomaly_reviews.parquet: The specified method is not allowed against this resource.
2026-03-19 18:24:08 [ERROR]:  - ❌ Error repairing 147a92b9-f90a-473d-b443-e6e668c4fbb7/detections/operations/run_ts=20260316T075933Z/operations_recommendations.parquet: The specified method is not allowed against this resource.
2026-03-19 18:24:09 [ERROR]:  - ❌ Error repairing 147a92b9-f90a-473d-b443-e6e668c4fbb7/sensor_data/daily_production.parquet: The specified method is not allowed against this resource.
2026-03-19 18:24:09 [ERROR]:  - ❌ Error repairing 147a92b9-f90a-473d-b443-e6e668c4fbb7/sensor_data/sensor_ranges.parquet: The specified method is not allowed against this resource.
2026-03-19 18:24:10 [ERROR]:  - ❌ Error repairing 147a92b9-f90a-473d-b443-e6e668c4fbb7/sensor_data/well_metadata.parquet: The specified method is not allowed against this resource.
2026-03-19 18:24:10 [ERROR]:  - ❌ Error repairing 147a92b9-f90a-473d-b443-e6e668c4fbb7/sensor_data/well_sensor_readings.parquet: The specified method is not allowed against this resource.
2026-03-19 18:24:11 [ERROR]:  - ❌ Error repairing 147a92b9-f90a-473d-b443-e6e668c4fbb7/sensor_data/well_status.parquet: The specified method is not allowed against this resource.
2026-03-19 18:24:11 [ERROR]:  - ❌ Error repairing 147a92b9-f90a-473d-b443-e6e668c4fbb7/take_actions/anomaly_detection/20260317T080012Z/alert_actions.parquet: The specified method is not allowed against this resource.
2026-03-19 18:24:11 [ERROR]:  - ❌ Error repairing 147a92b9-f90a-473d-b443-e6e668c4fbb7/take_actions/anomaly_detection/20260318T071516Z/alert_actions.parquet: The specified method is not allowed against this resource.
2026-03-19 18:24:12 [ERROR]:  - ❌ Error repairing 147a92b9-f90a-473d-b443-e6e668c4fbb7/take_actions/anomaly_reviews/20260316T093207Z/anomaly_review_actions.parquet: The specified method is not allowed against this resource.
2026-03-19 18:24:12 [ERROR]:  - ❌ Error repairing 147a92b9-f90a-473d-b443-e6e668c4fbb7/take_actions/operations/20260316T094605Z/operations_recommendations.parquet: The specified method is not allowed against this resource.
2026-03-19 18:24:14 [ERROR]: Athena Query Failed. StageChangeReason: "HIVE_CANNOT_OPEN_SPLIT: Error opening Hive split s3://agentic-energy-ml-models-200937443240/147a92b9-f90a-473d-b443-e6e668c4fbb7/detections/anomaly_detection/anomaly_suggestions_run_ts=20260319T125339Z.parquet (offset=0, length=25028): class org.apache.parquet.io.GroupColumnIO cannot be cast to class org.apache.parquet.io.PrimitiveColumnIO (org.apache.parquet.io.GroupColumnIO and org.apache.parquet.io.PrimitiveColumnIO are in unnamed module of loader io.trino.server.PluginClassLoader @3964e111)"
2026-03-19 18:24:14 [ERROR]: Athena Execution Error: Athena Query Failed: HIVE_CANNOT_OPEN_SPLIT: Error opening Hive split s3://agentic-energy-ml-models-200937443240/147a92b9-f90a-473d-b443-e6e668c4fbb7/detections/anomaly_detection/anomaly_suggestions_run_ts=20260319T125339Z.parquet (offset=0, length=25028): class org.apache.parquet.io.GroupColumnIO cannot be cast to class org.apache.parquet.io.PrimitiveColumnIO (org.apache.parquet.io.GroupColumnIO and org.apache.parquet.io.PrimitiveColumnIO are in unnamed module of loader io.trino.server.PluginClassLoader @3964e111)
2026-03-19 18:24:14 [ERROR]: Automatic self-healing failed: Athena Query Failed: HIVE_CANNOT_OPEN_SPLIT: Error opening Hive split s3://agentic-energy-ml-models-200937443240/147a92b9-f90a-473d-b443-e6e668c4fbb7/detections/anomaly_detection/anomaly_suggestions_run_ts=20260319T125339Z.parquet (offset=0, length=25028): class org.apache.parquet.io.GroupColumnIO cannot be cast to class org.apache.parquet.io.PrimitiveColumnIO (org.apache.parquet.io.GroupColumnIO and org.apache.parquet.io.PrimitiveColumnIO are in unnamed module of loader io.trino.server.PluginClassLoader @3964e111)
2026-03-19 18:24:14 [ERROR]: Athena Execution Error: Athena Query Failed: HIVE_CANNOT_OPEN_SPLIT: Error opening Hive split s3://agentic-energy-ml-models-200937443240/147a92b9-f90a-473d-b443-e6e668c4fbb7/detections/anomaly_detection/anomaly_suggestions_run_ts=20260319T125258Z.parquet (offset=0, length=25262): class org.apache.parquet.io.GroupColumnIO cannot be cast to class org.apache.parquet.io.PrimitiveColumnIO (org.apache.parquet.io.GroupColumnIO and org.apache.parquet.io.PrimitiveColumnIO are in unnamed module of loader io.trino.server.PluginClassLoader @6fc3b77e)
2026-03-19 18:24:14 [ERROR]: Error in getAtRiskAssets: Athena Query Failed: HIVE_CANNOT_OPEN_SPLIT: Error opening Hive split s3://agentic-energy-ml-models-200937443240/147a92b9-f90a-473d-b443-e6e668c4fbb7/detections/anomaly_detection/anomaly_suggestions_run_ts=20260319T125258Z.parquet (offset=0, length=25262): class org.apache.parquet.io.GroupColumnIO cannot be cast to class org.apache.parquet.io.PrimitiveColumnIO (org.apache.parquet.io.GroupColumnIO and org.apache.parquet.io.PrimitiveColumnIO are in unnamed module of loader io.trino.server.PluginClassLoader @6fc3b77e)
2026-03-19 18:24:14 [ERROR]: Athena Query Failed: HIVE_CANNOT_OPEN_SPLIT: Error opening Hive split s3://agentic-energy-ml-models-200937443240/147a92b9-f90a-473d-b443-e6e668c4fbb7/detections/anomaly_detection/anomaly_suggestions_run_ts=20260319T125258Z.parquet (offset=0, length=25262): class org.apache.parquet.io.GroupColumnIO cannot be cast to class org.apache.parquet.io.PrimitiveColumnIO (org.apache.parquet.io.GroupColumnIO and org.apache.parquet.io.PrimitiveColumnIO are in unnamed module of loader io.trino.server.PluginClassLoader @6fc3b77e)
2026-03-19 18:33:15 [ERROR]: Athena Query Failed. StageChangeReason: "HIVE_CANNOT_OPEN_SPLIT: Error opening Hive split s3://agentic-energy-ml-models-200937443240/147a92b9-f90a-473d-b443-e6e668c4fbb7/detections/anomaly_detection/anomaly_suggestions_run_ts=20260319T125339Z.parquet (offset=0, length=25028): class org.apache.parquet.io.GroupColumnIO cannot be cast to class org.apache.parquet.io.PrimitiveColumnIO (org.apache.parquet.io.GroupColumnIO and org.apache.parquet.io.PrimitiveColumnIO are in unnamed module of loader io.trino.server.PluginClassLoader @2876e556)"
2026-03-19 18:33:34 [ERROR]:  - ❌ Error repairing 147a92b9-f90a-473d-b443-e6e668c4fbb7/detections/anomaly_detection/anomaly_suggestions_run_ts=20260319T125244Z.parquet: The specified method is not allowed against this resource.
2026-03-19 18:33:35 [ERROR]:  - ❌ Error repairing 147a92b9-f90a-473d-b443-e6e668c4fbb7/detections/anomaly_detection/anomaly_suggestions_run_ts=20260319T125258Z.parquet: The specified method is not allowed against this resource.
2026-03-19 18:33:35 [ERROR]:  - ❌ Error repairing 147a92b9-f90a-473d-b443-e6e668c4fbb7/detections/anomaly_detection/anomaly_suggestions_run_ts=20260319T125324Z.parquet: The specified method is not allowed against this resource.
2026-03-19 18:33:35 [ERROR]:  - ❌ Error repairing 147a92b9-f90a-473d-b443-e6e668c4fbb7/detections/anomaly_detection/anomaly_suggestions_run_ts=20260319T125339Z.parquet: The specified method is not allowed against this resource.
2026-03-19 18:33:36 [ERROR]:  - ❌ Error repairing 147a92b9-f90a-473d-b443-e6e668c4fbb7/detections/anomaly_review/run_ts=20260316T074644Z/anomaly_reviews.parquet: The specified method is not allowed against this resource.
2026-03-19 18:33:36 [ERROR]:  - ❌ Error repairing 147a92b9-f90a-473d-b443-e6e668c4fbb7/detections/operations/run_ts=20260316T075933Z/operations_recommendations.parquet: The specified method is not allowed against this resource.
2026-03-19 18:33:36 [ERROR]:  - ❌ Error repairing 147a92b9-f90a-473d-b443-e6e668c4fbb7/sensor_data/daily_production.parquet: The specified method is not allowed against this resource.
2026-03-19 18:33:37 [ERROR]:  - ❌ Error repairing 147a92b9-f90a-473d-b443-e6e668c4fbb7/sensor_data/sensor_ranges.parquet: The specified method is not allowed against this resource.
2026-03-19 18:33:37 [ERROR]:  - ❌ Error repairing 147a92b9-f90a-473d-b443-e6e668c4fbb7/sensor_data/well_metadata.parquet: The specified method is not allowed against this resource.
2026-03-19 18:33:38 [ERROR]:  - ❌ Error repairing 147a92b9-f90a-473d-b443-e6e668c4fbb7/sensor_data/well_sensor_readings.parquet: The specified method is not allowed against this resource.
2026-03-19 18:33:38 [ERROR]:  - ❌ Error repairing 147a92b9-f90a-473d-b443-e6e668c4fbb7/sensor_data/well_status.parquet: The specified method is not allowed against this resource.
2026-03-19 18:33:38 [ERROR]:  - ❌ Error repairing 147a92b9-f90a-473d-b443-e6e668c4fbb7/take_actions/anomaly_detection/20260317T080012Z/alert_actions.parquet: The specified method is not allowed against this resource.
2026-03-19 18:33:39 [ERROR]:  - ❌ Error repairing 147a92b9-f90a-473d-b443-e6e668c4fbb7/take_actions/anomaly_detection/20260318T071516Z/alert_actions.parquet: The specified method is not allowed against this resource.
2026-03-19 18:33:39 [ERROR]:  - ❌ Error repairing 147a92b9-f90a-473d-b443-e6e668c4fbb7/take_actions/anomaly_reviews/20260316T093207Z/anomaly_review_actions.parquet: The specified method is not allowed against this resource.
2026-03-19 18:33:40 [ERROR]:  - ❌ Error repairing 147a92b9-f90a-473d-b443-e6e668c4fbb7/take_actions/operations/20260316T094605Z/operations_recommendations.parquet: The specified method is not allowed against this resource.
2026-03-19 18:33:42 [ERROR]: Athena Query Failed. StageChangeReason: "HIVE_CANNOT_OPEN_SPLIT: Error opening Hive split s3://agentic-energy-ml-models-200937443240/147a92b9-f90a-473d-b443-e6e668c4fbb7/detections/anomaly_detection/anomaly_suggestions_run_ts=20260319T125324Z.parquet (offset=0, length=25781): class org.apache.parquet.io.GroupColumnIO cannot be cast to class org.apache.parquet.io.PrimitiveColumnIO (org.apache.parquet.io.GroupColumnIO and org.apache.parquet.io.PrimitiveColumnIO are in unnamed module of loader io.trino.server.PluginClassLoader @5199e1d)"
2026-03-19 18:33:42 [ERROR]: Athena Execution Error: Athena Query Failed: HIVE_CANNOT_OPEN_SPLIT: Error opening Hive split s3://agentic-energy-ml-models-200937443240/147a92b9-f90a-473d-b443-e6e668c4fbb7/detections/anomaly_detection/anomaly_suggestions_run_ts=20260319T125324Z.parquet (offset=0, length=25781): class org.apache.parquet.io.GroupColumnIO cannot be cast to class org.apache.parquet.io.PrimitiveColumnIO (org.apache.parquet.io.GroupColumnIO and org.apache.parquet.io.PrimitiveColumnIO are in unnamed module of loader io.trino.server.PluginClassLoader @5199e1d)
2026-03-19 18:33:42 [ERROR]: Automatic self-healing failed: Athena Query Failed: HIVE_CANNOT_OPEN_SPLIT: Error opening Hive split s3://agentic-energy-ml-models-200937443240/147a92b9-f90a-473d-b443-e6e668c4fbb7/detections/anomaly_detection/anomaly_suggestions_run_ts=20260319T125324Z.parquet (offset=0, length=25781): class org.apache.parquet.io.GroupColumnIO cannot be cast to class org.apache.parquet.io.PrimitiveColumnIO (org.apache.parquet.io.GroupColumnIO and org.apache.parquet.io.PrimitiveColumnIO are in unnamed module of loader io.trino.server.PluginClassLoader @5199e1d)
2026-03-19 18:33:42 [ERROR]: Athena Execution Error: Athena Query Failed: HIVE_CANNOT_OPEN_SPLIT: Error opening Hive split s3://agentic-energy-ml-models-200937443240/147a92b9-f90a-473d-b443-e6e668c4fbb7/detections/anomaly_detection/anomaly_suggestions_run_ts=20260319T125339Z.parquet (offset=0, length=25028): class org.apache.parquet.io.GroupColumnIO cannot be cast to class org.apache.parquet.io.PrimitiveColumnIO (org.apache.parquet.io.GroupColumnIO and org.apache.parquet.io.PrimitiveColumnIO are in unnamed module of loader io.trino.server.PluginClassLoader @2876e556)
2026-03-19 18:33:42 [ERROR]: Error in getAtRiskAssets: Athena Query Failed: HIVE_CANNOT_OPEN_SPLIT: Error opening Hive split s3://agentic-energy-ml-models-200937443240/147a92b9-f90a-473d-b443-e6e668c4fbb7/detections/anomaly_detection/anomaly_suggestions_run_ts=20260319T125339Z.parquet (offset=0, length=25028): class org.apache.parquet.io.GroupColumnIO cannot be cast to class org.apache.parquet.io.PrimitiveColumnIO (org.apache.parquet.io.GroupColumnIO and org.apache.parquet.io.PrimitiveColumnIO are in unnamed module of loader io.trino.server.PluginClassLoader @2876e556)
2026-03-19 18:33:42 [ERROR]: Athena Query Failed: HIVE_CANNOT_OPEN_SPLIT: Error opening Hive split s3://agentic-energy-ml-models-200937443240/147a92b9-f90a-473d-b443-e6e668c4fbb7/detections/anomaly_detection/anomaly_suggestions_run_ts=20260319T125339Z.parquet (offset=0, length=25028): class org.apache.parquet.io.GroupColumnIO cannot be cast to class org.apache.parquet.io.PrimitiveColumnIO (org.apache.parquet.io.GroupColumnIO and org.apache.parquet.io.PrimitiveColumnIO are in unnamed module of loader io.trino.server.PluginClassLoader @2876e556)
2026-03-19 18:41:45 [ERROR]: Error in getAtRiskAssets: Expected property name or '}' in JSON at position 1
2026-03-19 18:41:45 [ERROR]: Expected property name or '}' in JSON at position 1
2026-03-20 17:41:29 [ERROR]: Athena Query Failed. StageChangeReason: "HIVE_BAD_DATA: Malformed Parquet file. Field operating_hours's type INT64 in parquet file s3://agentic-energy-ml-models-200937443240/147a92b9-f90a-473d-b443-e6e668c4fbb7/detections/anomaly_detection/anomaly_suggestions_run_ts=20260320T120949Z.parquet is incompatible with type varchar defined in table schema [s3://agentic-energy-ml-models-200937443240/147a92b9-f90a-473d-b443-e6e668c4fbb7/detections/anomaly_detection/anomaly_suggestions_run_ts=20260320T120949Z.parquet]"
2026-03-20 17:41:29 [ERROR]: Athena Execution Error: Athena Query Failed: HIVE_BAD_DATA: Malformed Parquet file. Field operating_hours's type INT64 in parquet file s3://agentic-energy-ml-models-200937443240/147a92b9-f90a-473d-b443-e6e668c4fbb7/detections/anomaly_detection/anomaly_suggestions_run_ts=20260320T120949Z.parquet is incompatible with type varchar defined in table schema [s3://agentic-energy-ml-models-200937443240/147a92b9-f90a-473d-b443-e6e668c4fbb7/detections/anomaly_detection/anomaly_suggestions_run_ts=20260320T120949Z.parquet]
2026-03-20 17:41:29 [ERROR]: Error in getAtRiskAssets: Athena Query Failed: HIVE_BAD_DATA: Malformed Parquet file. Field operating_hours's type INT64 in parquet file s3://agentic-energy-ml-models-200937443240/147a92b9-f90a-473d-b443-e6e668c4fbb7/detections/anomaly_detection/anomaly_suggestions_run_ts=20260320T120949Z.parquet is incompatible with type varchar defined in table schema [s3://agentic-energy-ml-models-200937443240/147a92b9-f90a-473d-b443-e6e668c4fbb7/detections/anomaly_detection/anomaly_suggestions_run_ts=20260320T120949Z.parquet]
2026-03-20 17:41:29 [ERROR]: Athena Query Failed: HIVE_BAD_DATA: Malformed Parquet file. Field operating_hours's type INT64 in parquet file s3://agentic-energy-ml-models-200937443240/147a92b9-f90a-473d-b443-e6e668c4fbb7/detections/anomaly_detection/anomaly_suggestions_run_ts=20260320T120949Z.parquet is incompatible with type varchar defined in table schema [s3://agentic-energy-ml-models-200937443240/147a92b9-f90a-473d-b443-e6e668c4fbb7/detections/anomaly_detection/anomaly_suggestions_run_ts=20260320T120949Z.parquet]
2026-03-20 17:42:01 [ERROR]: Athena Query Failed. StageChangeReason: "HIVE_BAD_DATA: Malformed Parquet file. Field operating_hours's type INT64 in parquet file s3://agentic-energy-ml-models-200937443240/147a92b9-f90a-473d-b443-e6e668c4fbb7/detections/anomaly_detection/anomaly_suggestions_run_ts=20260320T120949Z.parquet is incompatible with type varchar defined in table schema [s3://agentic-energy-ml-models-200937443240/147a92b9-f90a-473d-b443-e6e668c4fbb7/detections/anomaly_detection/anomaly_suggestions_run_ts=20260320T120949Z.parquet]"
2026-03-20 17:42:01 [ERROR]: Athena Execution Error: Athena Query Failed: HIVE_BAD_DATA: Malformed Parquet file. Field operating_hours's type INT64 in parquet file s3://agentic-energy-ml-models-200937443240/147a92b9-f90a-473d-b443-e6e668c4fbb7/detections/anomaly_detection/anomaly_suggestions_run_ts=20260320T120949Z.parquet is incompatible with type varchar defined in table schema [s3://agentic-energy-ml-models-200937443240/147a92b9-f90a-473d-b443-e6e668c4fbb7/detections/anomaly_detection/anomaly_suggestions_run_ts=20260320T120949Z.parquet]
2026-03-20 17:42:01 [ERROR]: Error in getAtRiskAssets: Athena Query Failed: HIVE_BAD_DATA: Malformed Parquet file. Field operating_hours's type INT64 in parquet file s3://agentic-energy-ml-models-200937443240/147a92b9-f90a-473d-b443-e6e668c4fbb7/detections/anomaly_detection/anomaly_suggestions_run_ts=20260320T120949Z.parquet is incompatible with type varchar defined in table schema [s3://agentic-energy-ml-models-200937443240/147a92b9-f90a-473d-b443-e6e668c4fbb7/detections/anomaly_detection/anomaly_suggestions_run_ts=20260320T120949Z.parquet]
2026-03-20 17:42:01 [ERROR]: Athena Query Failed: HIVE_BAD_DATA: Malformed Parquet file. Field operating_hours's type INT64 in parquet file s3://agentic-energy-ml-models-200937443240/147a92b9-f90a-473d-b443-e6e668c4fbb7/detections/anomaly_detection/anomaly_suggestions_run_ts=20260320T120949Z.parquet is incompatible with type varchar defined in table schema [s3://agentic-energy-ml-models-200937443240/147a92b9-f90a-473d-b443-e6e668c4fbb7/detections/anomaly_detection/anomaly_suggestions_run_ts=20260320T120949Z.parquet]
2026-03-20 17:42:25 [ERROR]: Athena Query Failed. StageChangeReason: "HIVE_BAD_DATA: Malformed Parquet file. Field operating_hours's type INT64 in parquet file s3://agentic-energy-ml-models-200937443240/147a92b9-f90a-473d-b443-e6e668c4fbb7/detections/anomaly_detection/anomaly_suggestions_run_ts=20260320T120949Z.parquet is incompatible with type varchar defined in table schema [s3://agentic-energy-ml-models-200937443240/147a92b9-f90a-473d-b443-e6e668c4fbb7/detections/anomaly_detection/anomaly_suggestions_run_ts=20260320T120949Z.parquet]"
2026-03-20 17:42:25 [ERROR]: Athena Execution Error: Athena Query Failed: HIVE_BAD_DATA: Malformed Parquet file. Field operating_hours's type INT64 in parquet file s3://agentic-energy-ml-models-200937443240/147a92b9-f90a-473d-b443-e6e668c4fbb7/detections/anomaly_detection/anomaly_suggestions_run_ts=20260320T120949Z.parquet is incompatible with type varchar defined in table schema [s3://agentic-energy-ml-models-200937443240/147a92b9-f90a-473d-b443-e6e668c4fbb7/detections/anomaly_detection/anomaly_suggestions_run_ts=20260320T120949Z.parquet]
2026-03-20 17:42:25 [ERROR]: Error in getAtRiskAssets: Athena Query Failed: HIVE_BAD_DATA: Malformed Parquet file. Field operating_hours's type INT64 in parquet file s3://agentic-energy-ml-models-200937443240/147a92b9-f90a-473d-b443-e6e668c4fbb7/detections/anomaly_detection/anomaly_suggestions_run_ts=20260320T120949Z.parquet is incompatible with type varchar defined in table schema [s3://agentic-energy-ml-models-200937443240/147a92b9-f90a-473d-b443-e6e668c4fbb7/detections/anomaly_detection/anomaly_suggestions_run_ts=20260320T120949Z.parquet]
2026-03-20 17:42:25 [ERROR]: Athena Query Failed: HIVE_BAD_DATA: Malformed Parquet file. Field operating_hours's type INT64 in parquet file s3://agentic-energy-ml-models-200937443240/147a92b9-f90a-473d-b443-e6e668c4fbb7/detections/anomaly_detection/anomaly_suggestions_run_ts=20260320T120949Z.parquet is incompatible with type varchar defined in table schema [s3://agentic-energy-ml-models-200937443240/147a92b9-f90a-473d-b443-e6e668c4fbb7/detections/anomaly_detection/anomaly_suggestions_run_ts=20260320T120949Z.parquet]
2026-03-24 17:08:34 [ERROR]: Athena Query Failed. StageChangeReason: "NOT_SUPPORTED: Unsupported schema for Parquet column ([suggested_actions] optional binary suggested_actions (STRING))"
2026-03-24 17:08:34 [ERROR]: Athena Execution Error: Athena Query Failed: NOT_SUPPORTED: Unsupported schema for Parquet column ([suggested_actions] optional binary suggested_actions (STRING))
2026-03-24 17:08:34 [ERROR]: Error in getAtRiskAssets: Athena Query Failed: NOT_SUPPORTED: Unsupported schema for Parquet column ([suggested_actions] optional binary suggested_actions (STRING))
2026-03-24 17:08:34 [ERROR]: Athena Query Failed: NOT_SUPPORTED: Unsupported schema for Parquet column ([suggested_actions] optional binary suggested_actions (STRING))
2026-03-24 17:11:01 [ERROR]: Athena Query Failed. StageChangeReason: "HIVE_CANNOT_OPEN_SPLIT: Error opening Hive split s3://agentic-energy-ml-models-200937443240/147a92b9-f90a-473d-b443-e6e668c4fbb7/detections/anomaly_detection/history/corrupted_1774349144704_anomaly_suggestions_run_ts=20260324T093835Z.parquet (offset=0, length=40606): class org.apache.parquet.io.PrimitiveColumnIO cannot be cast to class org.apache.parquet.io.GroupColumnIO (org.apache.parquet.io.PrimitiveColumnIO and org.apache.parquet.io.GroupColumnIO are in unnamed module of loader io.trino.server.PluginClassLoader @6a75971d)"
2026-03-24 17:11:03 [ERROR]:  - ❌ Error repairing 147a92b9-f90a-473d-b443-e6e668c4fbb7/detections/anomaly_review/run_ts=20260324T095256Z/anomaly_reviews.parquet: The specified method is not allowed against this resource.
2026-03-24 17:11:04 [ERROR]:  - ❌ Error repairing 147a92b9-f90a-473d-b443-e6e668c4fbb7/detections/operations/run_ts=20260324T100155Z/operations_recommendations.parquet: The specified method is not allowed against this resource.
2026-03-24 17:11:04 [ERROR]:  - ❌ Error repairing 147a92b9-f90a-473d-b443-e6e668c4fbb7/sensor_data/daily_production.parquet: The specified method is not allowed against this resource.
2026-03-24 17:11:04 [ERROR]:  - ❌ Error repairing 147a92b9-f90a-473d-b443-e6e668c4fbb7/sensor_data/sensor_ranges.parquet: The specified method is not allowed against this resource.
2026-03-24 17:11:04 [ERROR]:  - ❌ Error repairing 147a92b9-f90a-473d-b443-e6e668c4fbb7/sensor_data/well_metadata.parquet: The specified method is not allowed against this resource.
2026-03-24 17:11:05 [ERROR]:  - ❌ Error repairing 147a92b9-f90a-473d-b443-e6e668c4fbb7/sensor_data/well_sensor_readings.parquet: The specified method is not allowed against this resource.
2026-03-24 17:11:05 [ERROR]:  - ❌ Error repairing 147a92b9-f90a-473d-b443-e6e668c4fbb7/sensor_data/well_status.parquet: The specified method is not allowed against this resource.
2026-03-24 17:11:05 [ERROR]:  - ❌ Error repairing 147a92b9-f90a-473d-b443-e6e668c4fbb7/take_actions/anomaly_detection/20260317T080012Z/alert_actions.parquet: The specified method is not allowed against this resource.
2026-03-24 17:11:05 [ERROR]:  - ❌ Error repairing 147a92b9-f90a-473d-b443-e6e668c4fbb7/take_actions/anomaly_detection/20260318T071516Z/alert_actions.parquet: The specified method is not allowed against this resource.
2026-03-24 17:11:06 [ERROR]:  - ❌ Error repairing 147a92b9-f90a-473d-b443-e6e668c4fbb7/take_actions/anomaly_detection/20260323T145919Z/alert_actions.parquet: The specified method is not allowed against this resource.
2026-03-24 17:11:06 [ERROR]:  - ❌ Error repairing 147a92b9-f90a-473d-b443-e6e668c4fbb7/take_actions/anomaly_detection/20260323T153713Z/alert_actions.parquet: The specified method is not allowed against this resource.
2026-03-24 17:11:06 [ERROR]:  - ❌ Error repairing 147a92b9-f90a-473d-b443-e6e668c4fbb7/take_actions/anomaly_detection/20260324T062618Z/alert_actions.parquet: The specified method is not allowed against this resource.
2026-03-24 17:11:06 [ERROR]:  - ❌ Error repairing 147a92b9-f90a-473d-b443-e6e668c4fbb7/take_actions/anomaly_reviews/20260316T093207Z/anomaly_review_actions.parquet: The specified method is not allowed against this resource.
2026-03-24 17:11:06 [ERROR]:  - ❌ Error repairing 147a92b9-f90a-473d-b443-e6e668c4fbb7/take_actions/operations/20260316T094605Z/operations_recommendations.parquet: The specified method is not allowed against this resource.
2026-03-24 17:11:07 [ERROR]:  - ❌ Error repairing 147a92b9-f90a-473d-b443-e6e668c4fbb7/take_actions/operations/20260320T051843Z/operations_recommendations.parquet: The specified method is not allowed against this resource.
2026-03-24 17:11:07 [ERROR]:  - ❌ Error repairing 147a92b9-f90a-473d-b443-e6e668c4fbb7/take_actions/operations/20260320T051902Z/operations_recommendations.parquet: The specified method is not allowed against this resource.
2026-03-24 17:11:07 [ERROR]:  - ❌ Error repairing 147a92b9-f90a-473d-b443-e6e668c4fbb7/tmp/anomaly_schema_test/anomaly_suggestions_run_ts=20260319T125244Z/anomaly_suggestions_run_ts=20260319T125244Z.parquet: The specified method is not allowed against this resource.
2026-03-24 17:11:07 [ERROR]:  - ❌ Error repairing 147a92b9-f90a-473d-b443-e6e668c4fbb7/tmp/anomaly_schema_test/anomaly_suggestions_run_ts=20260319T125258Z/anomaly_suggestions_run_ts=20260319T125258Z.parquet: The specified method is not allowed against this resource.
2026-03-24 17:11:08 [ERROR]:  - ❌ Error repairing 147a92b9-f90a-473d-b443-e6e668c4fbb7/tmp/anomaly_schema_test/anomaly_suggestions_run_ts=20260319T125324Z/anomaly_suggestions_run_ts=20260319T125324Z.parquet: The specified method is not allowed against this resource.
2026-03-24 17:11:08 [ERROR]:  - ❌ Error repairing 147a92b9-f90a-473d-b443-e6e668c4fbb7/tmp/anomaly_schema_test/anomaly_suggestions_run_ts=20260319T125339Z/anomaly_suggestions_run_ts=20260319T125339Z.parquet: The specified method is not allowed against this resource.
2026-03-24 17:11:10 [ERROR]: Athena Query Failed. StageChangeReason: "HIVE_CANNOT_OPEN_SPLIT: Error opening Hive split s3://agentic-energy-ml-models-200937443240/147a92b9-f90a-473d-b443-e6e668c4fbb7/detections/anomaly_detection/history/corrupted_1774349145928_anomaly_suggestions_run_ts=20260324T094231Z.parquet (offset=0, length=25127): class org.apache.parquet.io.GroupColumnIO cannot be cast to class org.apache.parquet.io.PrimitiveColumnIO (org.apache.parquet.io.GroupColumnIO and org.apache.parquet.io.PrimitiveColumnIO are in unnamed module of loader io.trino.server.PluginClassLoader @6d1f7107)"
2026-03-24 17:11:10 [ERROR]: Athena Execution Error: Athena Query Failed: HIVE_CANNOT_OPEN_SPLIT: Error opening Hive split s3://agentic-energy-ml-models-200937443240/147a92b9-f90a-473d-b443-e6e668c4fbb7/detections/anomaly_detection/history/corrupted_1774349145928_anomaly_suggestions_run_ts=20260324T094231Z.parquet (offset=0, length=25127): class org.apache.parquet.io.GroupColumnIO cannot be cast to class org.apache.parquet.io.PrimitiveColumnIO (org.apache.parquet.io.GroupColumnIO and org.apache.parquet.io.PrimitiveColumnIO are in unnamed module of loader io.trino.server.PluginClassLoader @6d1f7107)
2026-03-24 17:11:10 [ERROR]: Automatic self-healing failed: Athena Query Failed: HIVE_CANNOT_OPEN_SPLIT: Error opening Hive split s3://agentic-energy-ml-models-200937443240/147a92b9-f90a-473d-b443-e6e668c4fbb7/detections/anomaly_detection/history/corrupted_1774349145928_anomaly_suggestions_run_ts=20260324T094231Z.parquet (offset=0, length=25127): class org.apache.parquet.io.GroupColumnIO cannot be cast to class org.apache.parquet.io.PrimitiveColumnIO (org.apache.parquet.io.GroupColumnIO and org.apache.parquet.io.PrimitiveColumnIO are in unnamed module of loader io.trino.server.PluginClassLoader @6d1f7107)
2026-03-24 17:11:10 [ERROR]: Athena Execution Error: Athena Query Failed: HIVE_CANNOT_OPEN_SPLIT: Error opening Hive split s3://agentic-energy-ml-models-200937443240/147a92b9-f90a-473d-b443-e6e668c4fbb7/detections/anomaly_detection/history/corrupted_1774349144704_anomaly_suggestions_run_ts=20260324T093835Z.parquet (offset=0, length=40606): class org.apache.parquet.io.PrimitiveColumnIO cannot be cast to class org.apache.parquet.io.GroupColumnIO (org.apache.parquet.io.PrimitiveColumnIO and org.apache.parquet.io.GroupColumnIO are in unnamed module of loader io.trino.server.PluginClassLoader @6a75971d)
2026-03-24 17:11:10 [ERROR]: Error in getAtRiskAssets: Athena Query Failed: HIVE_CANNOT_OPEN_SPLIT: Error opening Hive split s3://agentic-energy-ml-models-200937443240/147a92b9-f90a-473d-b443-e6e668c4fbb7/detections/anomaly_detection/history/corrupted_1774349144704_anomaly_suggestions_run_ts=20260324T093835Z.parquet (offset=0, length=40606): class org.apache.parquet.io.PrimitiveColumnIO cannot be cast to class org.apache.parquet.io.GroupColumnIO (org.apache.parquet.io.PrimitiveColumnIO and org.apache.parquet.io.GroupColumnIO are in unnamed module of loader io.trino.server.PluginClassLoader @6a75971d)
2026-03-24 17:11:10 [ERROR]: Athena Query Failed: HIVE_CANNOT_OPEN_SPLIT: Error opening Hive split s3://agentic-energy-ml-models-200937443240/147a92b9-f90a-473d-b443-e6e668c4fbb7/detections/anomaly_detection/history/corrupted_1774349144704_anomaly_suggestions_run_ts=20260324T093835Z.parquet (offset=0, length=40606): class org.apache.parquet.io.PrimitiveColumnIO cannot be cast to class org.apache.parquet.io.GroupColumnIO (org.apache.parquet.io.PrimitiveColumnIO and org.apache.parquet.io.GroupColumnIO are in unnamed module of loader io.trino.server.PluginClassLoader @6a75971d)
2026-03-24 17:12:13 [ERROR]: Athena Query Failed. StageChangeReason: "HIVE_CANNOT_OPEN_SPLIT: Error opening Hive split s3://agentic-energy-ml-models-200937443240/147a92b9-f90a-473d-b443-e6e668c4fbb7/detections/anomaly_detection/history/corrupted_1774349144704_anomaly_suggestions_run_ts=20260324T093835Z.parquet (offset=0, length=40606): class org.apache.parquet.io.PrimitiveColumnIO cannot be cast to class org.apache.parquet.io.GroupColumnIO (org.apache.parquet.io.PrimitiveColumnIO and org.apache.parquet.io.GroupColumnIO are in unnamed module of loader io.trino.server.PluginClassLoader @65b50213)"
2026-03-24 17:12:15 [ERROR]:  - ❌ Error repairing 147a92b9-f90a-473d-b443-e6e668c4fbb7/detections/anomaly_review/run_ts=20260324T095256Z/anomaly_reviews.parquet: The specified method is not allowed against this resource.
2026-03-24 17:12:15 [ERROR]:  - ❌ Error repairing 147a92b9-f90a-473d-b443-e6e668c4fbb7/detections/operations/run_ts=20260324T100155Z/operations_recommendations.parquet: The specified method is not allowed against this resource.
2026-03-24 17:12:15 [ERROR]:  - ❌ Error repairing 147a92b9-f90a-473d-b443-e6e668c4fbb7/sensor_data/daily_production.parquet: The specified method is not allowed against this resource.
2026-03-24 17:12:16 [ERROR]:  - ❌ Error repairing 147a92b9-f90a-473d-b443-e6e668c4fbb7/sensor_data/sensor_ranges.parquet: The specified method is not allowed against this resource.
2026-03-24 17:12:16 [ERROR]:  - ❌ Error repairing 147a92b9-f90a-473d-b443-e6e668c4fbb7/sensor_data/well_metadata.parquet: The specified method is not allowed against this resource.
2026-03-24 17:12:16 [ERROR]:  - ❌ Error repairing 147a92b9-f90a-473d-b443-e6e668c4fbb7/sensor_data/well_sensor_readings.parquet: The specified method is not allowed against this resource.
2026-03-24 17:12:16 [ERROR]:  - ❌ Error repairing 147a92b9-f90a-473d-b443-e6e668c4fbb7/sensor_data/well_status.parquet: The specified method is not allowed against this resource.
2026-03-24 17:12:17 [ERROR]:  - ❌ Error repairing 147a92b9-f90a-473d-b443-e6e668c4fbb7/take_actions/anomaly_detection/20260317T080012Z/alert_actions.parquet: The specified method is not allowed against this resource.
2026-03-24 17:12:17 [ERROR]:  - ❌ Error repairing 147a92b9-f90a-473d-b443-e6e668c4fbb7/take_actions/anomaly_detection/20260318T071516Z/alert_actions.parquet: The specified method is not allowed against this resource.
2026-03-24 17:12:17 [ERROR]:  - ❌ Error repairing 147a92b9-f90a-473d-b443-e6e668c4fbb7/take_actions/anomaly_detection/20260323T145919Z/alert_actions.parquet: The specified method is not allowed against this resource.
2026-03-24 17:12:17 [ERROR]:  - ❌ Error repairing 147a92b9-f90a-473d-b443-e6e668c4fbb7/take_actions/anomaly_detection/20260323T153713Z/alert_actions.parquet: The specified method is not allowed against this resource.
2026-03-24 17:12:18 [ERROR]:  - ❌ Error repairing 147a92b9-f90a-473d-b443-e6e668c4fbb7/take_actions/anomaly_detection/20260324T062618Z/alert_actions.parquet: The specified method is not allowed against this resource.
2026-03-24 17:12:18 [ERROR]:  - ❌ Error repairing 147a92b9-f90a-473d-b443-e6e668c4fbb7/take_actions/anomaly_reviews/20260316T093207Z/anomaly_review_actions.parquet: The specified method is not allowed against this resource.
2026-03-24 17:12:18 [ERROR]:  - ❌ Error repairing 147a92b9-f90a-473d-b443-e6e668c4fbb7/take_actions/operations/20260316T094605Z/operations_recommendations.parquet: The specified method is not allowed against this resource.
2026-03-24 17:12:18 [ERROR]:  - ❌ Error repairing 147a92b9-f90a-473d-b443-e6e668c4fbb7/take_actions/operations/20260320T051843Z/operations_recommendations.parquet: The specified method is not allowed against this resource.
2026-03-24 17:12:19 [ERROR]:  - ❌ Error repairing 147a92b9-f90a-473d-b443-e6e668c4fbb7/take_actions/operations/20260320T051902Z/operations_recommendations.parquet: The specified method is not allowed against this resource.
2026-03-24 17:12:19 [ERROR]:  - ❌ Error repairing 147a92b9-f90a-473d-b443-e6e668c4fbb7/tmp/anomaly_schema_test/anomaly_suggestions_run_ts=20260319T125244Z/anomaly_suggestions_run_ts=20260319T125244Z.parquet: The specified method is not allowed against this resource.
2026-03-24 17:12:19 [ERROR]:  - ❌ Error repairing 147a92b9-f90a-473d-b443-e6e668c4fbb7/tmp/anomaly_schema_test/anomaly_suggestions_run_ts=20260319T125258Z/anomaly_suggestions_run_ts=20260319T125258Z.parquet: The specified method is not allowed against this resource.
2026-03-24 17:12:19 [ERROR]:  - ❌ Error repairing 147a92b9-f90a-473d-b443-e6e668c4fbb7/tmp/anomaly_schema_test/anomaly_suggestions_run_ts=20260319T125324Z/anomaly_suggestions_run_ts=20260319T125324Z.parquet: The specified method is not allowed against this resource.
2026-03-24 17:12:20 [ERROR]:  - ❌ Error repairing 147a92b9-f90a-473d-b443-e6e668c4fbb7/tmp/anomaly_schema_test/anomaly_suggestions_run_ts=20260319T125339Z/anomaly_suggestions_run_ts=20260319T125339Z.parquet: The specified method is not allowed against this resource.
2026-03-24 17:12:21 [ERROR]: Athena Query Failed. StageChangeReason: "HIVE_CANNOT_OPEN_SPLIT: Error opening Hive split s3://agentic-energy-ml-models-200937443240/147a92b9-f90a-473d-b443-e6e668c4fbb7/detections/anomaly_detection/history/corrupted_1774349144704_anomaly_suggestions_run_ts=20260324T093835Z.parquet (offset=0, length=40606): class org.apache.parquet.io.PrimitiveColumnIO cannot be cast to class org.apache.parquet.io.GroupColumnIO (org.apache.parquet.io.PrimitiveColumnIO and org.apache.parquet.io.GroupColumnIO are in unnamed module of loader io.trino.server.PluginClassLoader @7747a24d)"
2026-03-24 17:12:21 [ERROR]: Athena Execution Error: Athena Query Failed: HIVE_CANNOT_OPEN_SPLIT: Error opening Hive split s3://agentic-energy-ml-models-200937443240/147a92b9-f90a-473d-b443-e6e668c4fbb7/detections/anomaly_detection/history/corrupted_1774349144704_anomaly_suggestions_run_ts=20260324T093835Z.parquet (offset=0, length=40606): class org.apache.parquet.io.PrimitiveColumnIO cannot be cast to class org.apache.parquet.io.GroupColumnIO (org.apache.parquet.io.PrimitiveColumnIO and org.apache.parquet.io.GroupColumnIO are in unnamed module of loader io.trino.server.PluginClassLoader @7747a24d)
2026-03-24 17:12:21 [ERROR]: Automatic self-healing failed: Athena Query Failed: HIVE_CANNOT_OPEN_SPLIT: Error opening Hive split s3://agentic-energy-ml-models-200937443240/147a92b9-f90a-473d-b443-e6e668c4fbb7/detections/anomaly_detection/history/corrupted_1774349144704_anomaly_suggestions_run_ts=20260324T093835Z.parquet (offset=0, length=40606): class org.apache.parquet.io.PrimitiveColumnIO cannot be cast to class org.apache.parquet.io.GroupColumnIO (org.apache.parquet.io.PrimitiveColumnIO and org.apache.parquet.io.GroupColumnIO are in unnamed module of loader io.trino.server.PluginClassLoader @7747a24d)
2026-03-24 17:12:21 [ERROR]: Athena Execution Error: Athena Query Failed: HIVE_CANNOT_OPEN_SPLIT: Error opening Hive split s3://agentic-energy-ml-models-200937443240/147a92b9-f90a-473d-b443-e6e668c4fbb7/detections/anomaly_detection/history/corrupted_1774349144704_anomaly_suggestions_run_ts=20260324T093835Z.parquet (offset=0, length=40606): class org.apache.parquet.io.PrimitiveColumnIO cannot be cast to class org.apache.parquet.io.GroupColumnIO (org.apache.parquet.io.PrimitiveColumnIO and org.apache.parquet.io.GroupColumnIO are in unnamed module of loader io.trino.server.PluginClassLoader @65b50213)
2026-03-24 17:12:21 [ERROR]: Error in getAtRiskAssets: Athena Query Failed: HIVE_CANNOT_OPEN_SPLIT: Error opening Hive split s3://agentic-energy-ml-models-200937443240/147a92b9-f90a-473d-b443-e6e668c4fbb7/detections/anomaly_detection/history/corrupted_1774349144704_anomaly_suggestions_run_ts=20260324T093835Z.parquet (offset=0, length=40606): class org.apache.parquet.io.PrimitiveColumnIO cannot be cast to class org.apache.parquet.io.GroupColumnIO (org.apache.parquet.io.PrimitiveColumnIO and org.apache.parquet.io.GroupColumnIO are in unnamed module of loader io.trino.server.PluginClassLoader @65b50213)
2026-03-24 17:12:21 [ERROR]: Athena Query Failed: HIVE_CANNOT_OPEN_SPLIT: Error opening Hive split s3://agentic-energy-ml-models-200937443240/147a92b9-f90a-473d-b443-e6e668c4fbb7/detections/anomaly_detection/history/corrupted_1774349144704_anomaly_suggestions_run_ts=20260324T093835Z.parquet (offset=0, length=40606): class org.apache.parquet.io.PrimitiveColumnIO cannot be cast to class org.apache.parquet.io.GroupColumnIO (org.apache.parquet.io.PrimitiveColumnIO and org.apache.parquet.io.GroupColumnIO are in unnamed module of loader io.trino.server.PluginClassLoader @65b50213)
2026-03-24 17:18:39 [ERROR]: Athena Query Failed. StageChangeReason: "HIVE_CANNOT_OPEN_SPLIT: Error opening Hive split s3://agentic-energy-ml-models-200937443240/147a92b9-f90a-473d-b443-e6e668c4fbb7/detections/anomaly_detection/anomaly_suggestions_run_ts=20260324T114801Z.parquet (offset=0, length=25955): class org.apache.parquet.io.GroupColumnIO cannot be cast to class org.apache.parquet.io.PrimitiveColumnIO (org.apache.parquet.io.GroupColumnIO and org.apache.parquet.io.PrimitiveColumnIO are in unnamed module of loader io.trino.server.PluginClassLoader @33050c91)"
2026-03-24 17:18:40 [ERROR]:  - ❌ Error repairing 147a92b9-f90a-473d-b443-e6e668c4fbb7/detections/anomaly_detection/anomaly_suggestions_run_ts=20260324T114747Z.parquet: The specified method is not allowed against this resource.
2026-03-24 17:18:41 [ERROR]:  - ❌ Error repairing 147a92b9-f90a-473d-b443-e6e668c4fbb7/detections/anomaly_detection/anomaly_suggestions_run_ts=20260324T114801Z.parquet: The specified method is not allowed against this resource.
2026-03-24 17:18:41 [ERROR]:  - ❌ Error repairing 147a92b9-f90a-473d-b443-e6e668c4fbb7/detections/anomaly_detection/anomaly_suggestions_run_ts=20260324T114825Z.parquet: The specified method is not allowed against this resource.
2026-03-24 17:18:41 [ERROR]:  - ❌ Error repairing 147a92b9-f90a-473d-b443-e6e668c4fbb7/detections/anomaly_review/run_ts=20260324T095256Z/anomaly_reviews.parquet: The specified method is not allowed against this resource.
2026-03-24 17:18:41 [ERROR]:  - ❌ Error repairing 147a92b9-f90a-473d-b443-e6e668c4fbb7/detections/operations/run_ts=20260324T100155Z/operations_recommendations.parquet: The specified method is not allowed against this resource.
2026-03-24 17:18:42 [ERROR]:  - ❌ Error repairing 147a92b9-f90a-473d-b443-e6e668c4fbb7/sensor_data/daily_production.parquet: The specified method is not allowed against this resource.
2026-03-24 17:18:42 [ERROR]:  - ❌ Error repairing 147a92b9-f90a-473d-b443-e6e668c4fbb7/sensor_data/sensor_ranges.parquet: The specified method is not allowed against this resource.
2026-03-24 17:18:42 [ERROR]:  - ❌ Error repairing 147a92b9-f90a-473d-b443-e6e668c4fbb7/sensor_data/well_metadata.parquet: The specified method is not allowed against this resource.
2026-03-24 17:18:42 [ERROR]:  - ❌ Error repairing 147a92b9-f90a-473d-b443-e6e668c4fbb7/sensor_data/well_sensor_readings.parquet: The specified method is not allowed against this resource.
2026-03-24 17:18:43 [ERROR]:  - ❌ Error repairing 147a92b9-f90a-473d-b443-e6e668c4fbb7/sensor_data/well_status.parquet: The specified method is not allowed against this resource.
2026-03-24 17:18:43 [ERROR]:  - ❌ Error repairing 147a92b9-f90a-473d-b443-e6e668c4fbb7/take_actions/anomaly_detection/20260317T080012Z/alert_actions.parquet: The specified method is not allowed against this resource.
2026-03-24 17:18:43 [ERROR]:  - ❌ Error repairing 147a92b9-f90a-473d-b443-e6e668c4fbb7/take_actions/anomaly_detection/20260318T071516Z/alert_actions.parquet: The specified method is not allowed against this resource.
2026-03-24 17:18:43 [ERROR]:  - ❌ Error repairing 147a92b9-f90a-473d-b443-e6e668c4fbb7/take_actions/anomaly_detection/20260323T145919Z/alert_actions.parquet: The specified method is not allowed against this resource.
2026-03-24 17:18:44 [ERROR]:  - ❌ Error repairing 147a92b9-f90a-473d-b443-e6e668c4fbb7/take_actions/anomaly_detection/20260323T153713Z/alert_actions.parquet: The specified method is not allowed against this resource.
2026-03-24 17:18:44 [ERROR]:  - ❌ Error repairing 147a92b9-f90a-473d-b443-e6e668c4fbb7/take_actions/anomaly_detection/20260324T062618Z/alert_actions.parquet: The specified method is not allowed against this resource.
2026-03-24 17:18:44 [ERROR]:  - ❌ Error repairing 147a92b9-f90a-473d-b443-e6e668c4fbb7/take_actions/anomaly_reviews/20260316T093207Z/anomaly_review_actions.parquet: The specified method is not allowed against this resource.
2026-03-24 17:18:44 [ERROR]:  - ❌ Error repairing 147a92b9-f90a-473d-b443-e6e668c4fbb7/take_actions/operations/20260316T094605Z/operations_recommendations.parquet: The specified method is not allowed against this resource.
2026-03-24 17:18:45 [ERROR]:  - ❌ Error repairing 147a92b9-f90a-473d-b443-e6e668c4fbb7/take_actions/operations/20260320T051843Z/operations_recommendations.parquet: The specified method is not allowed against this resource.
2026-03-24 17:18:45 [ERROR]:  - ❌ Error repairing 147a92b9-f90a-473d-b443-e6e668c4fbb7/take_actions/operations/20260320T051902Z/operations_recommendations.parquet: The specified method is not allowed against this resource.
2026-03-24 17:18:45 [ERROR]:  - ❌ Error repairing 147a92b9-f90a-473d-b443-e6e668c4fbb7/tmp/anomaly_schema_test/anomaly_suggestions_run_ts=20260319T125244Z/anomaly_suggestions_run_ts=20260319T125244Z.parquet: The specified method is not allowed against this resource.
2026-03-24 17:18:45 [ERROR]:  - ❌ Error repairing 147a92b9-f90a-473d-b443-e6e668c4fbb7/tmp/anomaly_schema_test/anomaly_suggestions_run_ts=20260319T125258Z/anomaly_suggestions_run_ts=20260319T125258Z.parquet: The specified method is not allowed against this resource.
2026-03-24 17:18:46 [ERROR]:  - ❌ Error repairing 147a92b9-f90a-473d-b443-e6e668c4fbb7/tmp/anomaly_schema_test/anomaly_suggestions_run_ts=20260319T125324Z/anomaly_suggestions_run_ts=20260319T125324Z.parquet: The specified method is not allowed against this resource.
2026-03-24 17:18:46 [ERROR]:  - ❌ Error repairing 147a92b9-f90a-473d-b443-e6e668c4fbb7/tmp/anomaly_schema_test/anomaly_suggestions_run_ts=20260319T125339Z/anomaly_suggestions_run_ts=20260319T125339Z.parquet: The specified method is not allowed against this resource.
2026-03-24 17:18:48 [ERROR]: Athena Query Failed. StageChangeReason: "HIVE_CANNOT_OPEN_SPLIT: Error opening Hive split s3://agentic-energy-ml-models-200937443240/147a92b9-f90a-473d-b443-e6e668c4fbb7/detections/anomaly_detection/anomaly_suggestions_run_ts=20260324T114825Z.parquet (offset=0, length=26078): class org.apache.parquet.io.GroupColumnIO cannot be cast to class org.apache.parquet.io.PrimitiveColumnIO (org.apache.parquet.io.GroupColumnIO and org.apache.parquet.io.PrimitiveColumnIO are in unnamed module of loader io.trino.server.PluginClassLoader @25e3dc81)"
2026-03-24 17:18:48 [ERROR]: Athena Execution Error: Athena Query Failed: HIVE_CANNOT_OPEN_SPLIT: Error opening Hive split s3://agentic-energy-ml-models-200937443240/147a92b9-f90a-473d-b443-e6e668c4fbb7/detections/anomaly_detection/anomaly_suggestions_run_ts=20260324T114825Z.parquet (offset=0, length=26078): class org.apache.parquet.io.GroupColumnIO cannot be cast to class org.apache.parquet.io.PrimitiveColumnIO (org.apache.parquet.io.GroupColumnIO and org.apache.parquet.io.PrimitiveColumnIO are in unnamed module of loader io.trino.server.PluginClassLoader @25e3dc81)
2026-03-24 17:18:48 [ERROR]: Automatic self-healing failed: Athena Query Failed: HIVE_CANNOT_OPEN_SPLIT: Error opening Hive split s3://agentic-energy-ml-models-200937443240/147a92b9-f90a-473d-b443-e6e668c4fbb7/detections/anomaly_detection/anomaly_suggestions_run_ts=20260324T114825Z.parquet (offset=0, length=26078): class org.apache.parquet.io.GroupColumnIO cannot be cast to class org.apache.parquet.io.PrimitiveColumnIO (org.apache.parquet.io.GroupColumnIO and org.apache.parquet.io.PrimitiveColumnIO are in unnamed module of loader io.trino.server.PluginClassLoader @25e3dc81)
2026-03-24 17:18:48 [ERROR]: Athena Execution Error: Athena Query Failed: HIVE_CANNOT_OPEN_SPLIT: Error opening Hive split s3://agentic-energy-ml-models-200937443240/147a92b9-f90a-473d-b443-e6e668c4fbb7/detections/anomaly_detection/anomaly_suggestions_run_ts=20260324T114801Z.parquet (offset=0, length=25955): class org.apache.parquet.io.GroupColumnIO cannot be cast to class org.apache.parquet.io.PrimitiveColumnIO (org.apache.parquet.io.GroupColumnIO and org.apache.parquet.io.PrimitiveColumnIO are in unnamed module of loader io.trino.server.PluginClassLoader @33050c91)
2026-03-24 17:18:48 [ERROR]: Error in getAtRiskAssets: Athena Query Failed: HIVE_CANNOT_OPEN_SPLIT: Error opening Hive split s3://agentic-energy-ml-models-200937443240/147a92b9-f90a-473d-b443-e6e668c4fbb7/detections/anomaly_detection/anomaly_suggestions_run_ts=20260324T114801Z.parquet (offset=0, length=25955): class org.apache.parquet.io.GroupColumnIO cannot be cast to class org.apache.parquet.io.PrimitiveColumnIO (org.apache.parquet.io.GroupColumnIO and org.apache.parquet.io.PrimitiveColumnIO are in unnamed module of loader io.trino.server.PluginClassLoader @33050c91)
2026-03-24 17:18:48 [ERROR]: Athena Query Failed: HIVE_CANNOT_OPEN_SPLIT: Error opening Hive split s3://agentic-energy-ml-models-200937443240/147a92b9-f90a-473d-b443-e6e668c4fbb7/detections/anomaly_detection/anomaly_suggestions_run_ts=20260324T114801Z.parquet (offset=0, length=25955): class org.apache.parquet.io.GroupColumnIO cannot be cast to class org.apache.parquet.io.PrimitiveColumnIO (org.apache.parquet.io.GroupColumnIO and org.apache.parquet.io.PrimitiveColumnIO are in unnamed module of loader io.trino.server.PluginClassLoader @33050c91)
2026-03-24 17:19:33 [ERROR]: Athena Query Failed. StageChangeReason: "HIVE_CANNOT_OPEN_SPLIT: Error opening Hive split s3://agentic-energy-ml-models-200937443240/147a92b9-f90a-473d-b443-e6e668c4fbb7/detections/anomaly_detection/anomaly_suggestions_run_ts=20260324T114801Z.parquet (offset=0, length=25955): class org.apache.parquet.io.GroupColumnIO cannot be cast to class org.apache.parquet.io.PrimitiveColumnIO (org.apache.parquet.io.GroupColumnIO and org.apache.parquet.io.PrimitiveColumnIO are in unnamed module of loader io.trino.server.PluginClassLoader @4d0371a5)"
2026-03-24 17:19:35 [ERROR]:  - ❌ Error repairing 147a92b9-f90a-473d-b443-e6e668c4fbb7/detections/anomaly_detection/anomaly_suggestions_run_ts=20260324T114747Z.parquet: The specified method is not allowed against this resource.
2026-03-24 17:19:35 [ERROR]:  - ❌ Error repairing 147a92b9-f90a-473d-b443-e6e668c4fbb7/detections/anomaly_detection/anomaly_suggestions_run_ts=20260324T114801Z.parquet: The specified method is not allowed against this resource.
2026-03-24 17:19:36 [ERROR]:  - ❌ Error repairing 147a92b9-f90a-473d-b443-e6e668c4fbb7/detections/anomaly_detection/anomaly_suggestions_run_ts=20260324T114825Z.parquet: The specified method is not allowed against this resource.
2026-03-24 17:19:36 [ERROR]:  - ❌ Error repairing 147a92b9-f90a-473d-b443-e6e668c4fbb7/detections/anomaly_review/run_ts=20260324T095256Z/anomaly_reviews.parquet: The specified method is not allowed against this resource.
2026-03-24 17:19:36 [ERROR]:  - ❌ Error repairing 147a92b9-f90a-473d-b443-e6e668c4fbb7/detections/operations/run_ts=20260324T100155Z/operations_recommendations.parquet: The specified method is not allowed against this resource.
2026-03-24 17:19:36 [ERROR]:  - ❌ Error repairing 147a92b9-f90a-473d-b443-e6e668c4fbb7/sensor_data/daily_production.parquet: The specified method is not allowed against this resource.
2026-03-24 17:19:37 [ERROR]:  - ❌ Error repairing 147a92b9-f90a-473d-b443-e6e668c4fbb7/sensor_data/sensor_ranges.parquet: The specified method is not allowed against this resource.
2026-03-24 17:19:37 [ERROR]:  - ❌ Error repairing 147a92b9-f90a-473d-b443-e6e668c4fbb7/sensor_data/well_metadata.parquet: The specified method is not allowed against this resource.
2026-03-24 17:19:37 [ERROR]:  - ❌ Error repairing 147a92b9-f90a-473d-b443-e6e668c4fbb7/sensor_data/well_sensor_readings.parquet: The specified method is not allowed against this resource.
2026-03-24 17:19:37 [ERROR]:  - ❌ Error repairing 147a92b9-f90a-473d-b443-e6e668c4fbb7/sensor_data/well_status.parquet: The specified method is not allowed against this resource.
2026-03-24 17:19:38 [ERROR]:  - ❌ Error repairing 147a92b9-f90a-473d-b443-e6e668c4fbb7/take_actions/anomaly_detection/20260317T080012Z/alert_actions.parquet: The specified method is not allowed against this resource.
2026-03-24 17:19:38 [ERROR]:  - ❌ Error repairing 147a92b9-f90a-473d-b443-e6e668c4fbb7/take_actions/anomaly_detection/20260318T071516Z/alert_actions.parquet: The specified method is not allowed against this resource.
2026-03-24 17:19:38 [ERROR]:  - ❌ Error repairing 147a92b9-f90a-473d-b443-e6e668c4fbb7/take_actions/anomaly_detection/20260323T145919Z/alert_actions.parquet: The specified method is not allowed against this resource.
2026-03-24 17:19:38 [ERROR]:  - ❌ Error repairing 147a92b9-f90a-473d-b443-e6e668c4fbb7/take_actions/anomaly_detection/20260323T153713Z/alert_actions.parquet: The specified method is not allowed against this resource.
2026-03-24 17:19:39 [ERROR]:  - ❌ Error repairing 147a92b9-f90a-473d-b443-e6e668c4fbb7/take_actions/anomaly_detection/20260324T062618Z/alert_actions.parquet: The specified method is not allowed against this resource.
2026-03-24 17:19:39 [ERROR]:  - ❌ Error repairing 147a92b9-f90a-473d-b443-e6e668c4fbb7/take_actions/anomaly_reviews/20260316T093207Z/anomaly_review_actions.parquet: The specified method is not allowed against this resource.
2026-03-24 17:19:39 [ERROR]:  - ❌ Error repairing 147a92b9-f90a-473d-b443-e6e668c4fbb7/take_actions/operations/20260316T094605Z/operations_recommendations.parquet: The specified method is not allowed against this resource.
2026-03-24 17:19:39 [ERROR]:  - ❌ Error repairing 147a92b9-f90a-473d-b443-e6e668c4fbb7/take_actions/operations/20260320T051843Z/operations_recommendations.parquet: The specified method is not allowed against this resource.
2026-03-24 17:19:40 [ERROR]:  - ❌ Error repairing 147a92b9-f90a-473d-b443-e6e668c4fbb7/take_actions/operations/20260320T051902Z/operations_recommendations.parquet: The specified method is not allowed against this resource.
2026-03-24 17:19:40 [ERROR]:  - ❌ Error repairing 147a92b9-f90a-473d-b443-e6e668c4fbb7/tmp/anomaly_schema_test/anomaly_suggestions_run_ts=20260319T125244Z/anomaly_suggestions_run_ts=20260319T125244Z.parquet: The specified method is not allowed against this resource.
2026-03-24 17:19:40 [ERROR]:  - ❌ Error repairing 147a92b9-f90a-473d-b443-e6e668c4fbb7/tmp/anomaly_schema_test/anomaly_suggestions_run_ts=20260319T125258Z/anomaly_suggestions_run_ts=20260319T125258Z.parquet: The specified method is not allowed against this resource.
2026-03-24 17:19:40 [ERROR]:  - ❌ Error repairing 147a92b9-f90a-473d-b443-e6e668c4fbb7/tmp/anomaly_schema_test/anomaly_suggestions_run_ts=20260319T125324Z/anomaly_suggestions_run_ts=20260319T125324Z.parquet: The specified method is not allowed against this resource.
2026-03-24 17:19:41 [ERROR]:  - ❌ Error repairing 147a92b9-f90a-473d-b443-e6e668c4fbb7/tmp/anomaly_schema_test/anomaly_suggestions_run_ts=20260319T125339Z/anomaly_suggestions_run_ts=20260319T125339Z.parquet: The specified method is not allowed against this resource.
2026-03-24 17:19:42 [ERROR]: Athena Query Failed. StageChangeReason: "HIVE_CANNOT_OPEN_SPLIT: Error opening Hive split s3://agentic-energy-ml-models-200937443240/147a92b9-f90a-473d-b443-e6e668c4fbb7/detections/anomaly_detection/anomaly_suggestions_run_ts=20260324T114801Z.parquet (offset=0, length=25955): class org.apache.parquet.io.GroupColumnIO cannot be cast to class org.apache.parquet.io.PrimitiveColumnIO (org.apache.parquet.io.GroupColumnIO and org.apache.parquet.io.PrimitiveColumnIO are in unnamed module of loader io.trino.server.PluginClassLoader @580f6fd8)"
2026-03-24 17:19:42 [ERROR]: Athena Execution Error: Athena Query Failed: HIVE_CANNOT_OPEN_SPLIT: Error opening Hive split s3://agentic-energy-ml-models-200937443240/147a92b9-f90a-473d-b443-e6e668c4fbb7/detections/anomaly_detection/anomaly_suggestions_run_ts=20260324T114801Z.parquet (offset=0, length=25955): class org.apache.parquet.io.GroupColumnIO cannot be cast to class org.apache.parquet.io.PrimitiveColumnIO (org.apache.parquet.io.GroupColumnIO and org.apache.parquet.io.PrimitiveColumnIO are in unnamed module of loader io.trino.server.PluginClassLoader @580f6fd8)
2026-03-24 17:19:42 [ERROR]: Automatic self-healing failed: Athena Query Failed: HIVE_CANNOT_OPEN_SPLIT: Error opening Hive split s3://agentic-energy-ml-models-200937443240/147a92b9-f90a-473d-b443-e6e668c4fbb7/detections/anomaly_detection/anomaly_suggestions_run_ts=20260324T114801Z.parquet (offset=0, length=25955): class org.apache.parquet.io.GroupColumnIO cannot be cast to class org.apache.parquet.io.PrimitiveColumnIO (org.apache.parquet.io.GroupColumnIO and org.apache.parquet.io.PrimitiveColumnIO are in unnamed module of loader io.trino.server.PluginClassLoader @580f6fd8)
2026-03-24 17:19:42 [ERROR]: Athena Execution Error: Athena Query Failed: HIVE_CANNOT_OPEN_SPLIT: Error opening Hive split s3://agentic-energy-ml-models-200937443240/147a92b9-f90a-473d-b443-e6e668c4fbb7/detections/anomaly_detection/anomaly_suggestions_run_ts=20260324T114801Z.parquet (offset=0, length=25955): class org.apache.parquet.io.GroupColumnIO cannot be cast to class org.apache.parquet.io.PrimitiveColumnIO (org.apache.parquet.io.GroupColumnIO and org.apache.parquet.io.PrimitiveColumnIO are in unnamed module of loader io.trino.server.PluginClassLoader @4d0371a5)
2026-03-24 17:19:42 [ERROR]: Error in getAtRiskAssets: Athena Query Failed: HIVE_CANNOT_OPEN_SPLIT: Error opening Hive split s3://agentic-energy-ml-models-200937443240/147a92b9-f90a-473d-b443-e6e668c4fbb7/detections/anomaly_detection/anomaly_suggestions_run_ts=20260324T114801Z.parquet (offset=0, length=25955): class org.apache.parquet.io.GroupColumnIO cannot be cast to class org.apache.parquet.io.PrimitiveColumnIO (org.apache.parquet.io.GroupColumnIO and org.apache.parquet.io.PrimitiveColumnIO are in unnamed module of loader io.trino.server.PluginClassLoader @4d0371a5)
2026-03-24 17:19:42 [ERROR]: Athena Query Failed: HIVE_CANNOT_OPEN_SPLIT: Error opening Hive split s3://agentic-energy-ml-models-200937443240/147a92b9-f90a-473d-b443-e6e668c4fbb7/detections/anomaly_detection/anomaly_suggestions_run_ts=20260324T114801Z.parquet (offset=0, length=25955): class org.apache.parquet.io.GroupColumnIO cannot be cast to class org.apache.parquet.io.PrimitiveColumnIO (org.apache.parquet.io.GroupColumnIO and org.apache.parquet.io.PrimitiveColumnIO are in unnamed module of loader io.trino.server.PluginClassLoader @4d0371a5)
2026-03-24 17:24:02 [ERROR]: Athena Query Failed. StageChangeReason: "HIVE_CANNOT_OPEN_SPLIT: Error opening Hive split s3://agentic-energy-ml-models-200937443240/147a92b9-f90a-473d-b443-e6e668c4fbb7/detections/anomaly_detection/anomaly_suggestions_run_ts=20260324T114825Z.parquet (offset=0, length=26078): class org.apache.parquet.io.GroupColumnIO cannot be cast to class org.apache.parquet.io.PrimitiveColumnIO (org.apache.parquet.io.GroupColumnIO and org.apache.parquet.io.PrimitiveColumnIO are in unnamed module of loader io.trino.server.PluginClassLoader @24a9d2ce)"
2026-03-24 17:24:04 [ERROR]:  - ❌ Error repairing 147a92b9-f90a-473d-b443-e6e668c4fbb7/detections/anomaly_detection/anomaly_suggestions_run_ts=20260324T114747Z.parquet: The specified method is not allowed against this resource.
2026-03-24 17:24:04 [ERROR]:  - ❌ Error repairing 147a92b9-f90a-473d-b443-e6e668c4fbb7/detections/anomaly_detection/anomaly_suggestions_run_ts=20260324T114801Z.parquet: The specified method is not allowed against this resource.
2026-03-24 17:24:04 [ERROR]:  - ❌ Error repairing 147a92b9-f90a-473d-b443-e6e668c4fbb7/detections/anomaly_detection/anomaly_suggestions_run_ts=20260324T114825Z.parquet: The specified method is not allowed against this resource.
2026-03-24 17:24:04 [ERROR]:  - ❌ Error repairing 147a92b9-f90a-473d-b443-e6e668c4fbb7/detections/anomaly_review/run_ts=20260324T095256Z/anomaly_reviews.parquet: The specified method is not allowed against this resource.
2026-03-24 17:24:05 [ERROR]:  - ❌ Error repairing 147a92b9-f90a-473d-b443-e6e668c4fbb7/detections/operations/run_ts=20260324T100155Z/operations_recommendations.parquet: The specified method is not allowed against this resource.
2026-03-24 17:24:05 [ERROR]:  - ❌ Error repairing 147a92b9-f90a-473d-b443-e6e668c4fbb7/sensor_data/daily_production.parquet: The specified method is not allowed against this resource.
2026-03-24 17:24:05 [ERROR]:  - ❌ Error repairing 147a92b9-f90a-473d-b443-e6e668c4fbb7/sensor_data/sensor_ranges.parquet: The specified method is not allowed against this resource.
2026-03-24 17:24:05 [ERROR]:  - ❌ Error repairing 147a92b9-f90a-473d-b443-e6e668c4fbb7/sensor_data/well_metadata.parquet: The specified method is not allowed against this resource.
2026-03-24 17:24:06 [ERROR]:  - ❌ Error repairing 147a92b9-f90a-473d-b443-e6e668c4fbb7/sensor_data/well_sensor_readings.parquet: The specified method is not allowed against this resource.
2026-03-24 17:24:06 [ERROR]:  - ❌ Error repairing 147a92b9-f90a-473d-b443-e6e668c4fbb7/sensor_data/well_status.parquet: The specified method is not allowed against this resource.
2026-03-24 17:24:06 [ERROR]:  - ❌ Error repairing 147a92b9-f90a-473d-b443-e6e668c4fbb7/take_actions/anomaly_detection/20260317T080012Z/alert_actions.parquet: The specified method is not allowed against this resource.
2026-03-24 17:24:06 [ERROR]:  - ❌ Error repairing 147a92b9-f90a-473d-b443-e6e668c4fbb7/take_actions/anomaly_detection/20260318T071516Z/alert_actions.parquet: The specified method is not allowed against this resource.
2026-03-24 17:24:07 [ERROR]:  - ❌ Error repairing 147a92b9-f90a-473d-b443-e6e668c4fbb7/take_actions/anomaly_detection/20260323T145919Z/alert_actions.parquet: The specified method is not allowed against this resource.
2026-03-24 17:24:07 [ERROR]:  - ❌ Error repairing 147a92b9-f90a-473d-b443-e6e668c4fbb7/take_actions/anomaly_detection/20260323T153713Z/alert_actions.parquet: The specified method is not allowed against this resource.
2026-03-24 17:24:07 [ERROR]:  - ❌ Error repairing 147a92b9-f90a-473d-b443-e6e668c4fbb7/take_actions/anomaly_detection/20260324T062618Z/alert_actions.parquet: The specified method is not allowed against this resource.
2026-03-24 17:24:07 [ERROR]:  - ❌ Error repairing 147a92b9-f90a-473d-b443-e6e668c4fbb7/take_actions/anomaly_reviews/20260316T093207Z/anomaly_review_actions.parquet: The specified method is not allowed against this resource.
2026-03-24 17:24:08 [ERROR]:  - ❌ Error repairing 147a92b9-f90a-473d-b443-e6e668c4fbb7/take_actions/operations/20260316T094605Z/operations_recommendations.parquet: The specified method is not allowed against this resource.
2026-03-24 17:24:08 [ERROR]:  - ❌ Error repairing 147a92b9-f90a-473d-b443-e6e668c4fbb7/take_actions/operations/20260320T051843Z/operations_recommendations.parquet: The specified method is not allowed against this resource.
2026-03-24 17:24:08 [ERROR]:  - ❌ Error repairing 147a92b9-f90a-473d-b443-e6e668c4fbb7/take_actions/operations/20260320T051902Z/operations_recommendations.parquet: The specified method is not allowed against this resource.
2026-03-24 17:24:08 [ERROR]:  - ❌ Error repairing 147a92b9-f90a-473d-b443-e6e668c4fbb7/tmp/anomaly_schema_test/anomaly_suggestions_run_ts=20260319T125244Z/anomaly_suggestions_run_ts=20260319T125244Z.parquet: The specified method is not allowed against this resource.
2026-03-24 17:24:09 [ERROR]:  - ❌ Error repairing 147a92b9-f90a-473d-b443-e6e668c4fbb7/tmp/anomaly_schema_test/anomaly_suggestions_run_ts=20260319T125258Z/anomaly_suggestions_run_ts=20260319T125258Z.parquet: The specified method is not allowed against this resource.
2026-03-24 17:24:09 [ERROR]:  - ❌ Error repairing 147a92b9-f90a-473d-b443-e6e668c4fbb7/tmp/anomaly_schema_test/anomaly_suggestions_run_ts=20260319T125324Z/anomaly_suggestions_run_ts=20260319T125324Z.parquet: The specified method is not allowed against this resource.
2026-03-24 17:24:09 [ERROR]:  - ❌ Error repairing 147a92b9-f90a-473d-b443-e6e668c4fbb7/tmp/anomaly_schema_test/anomaly_suggestions_run_ts=20260319T125339Z/anomaly_suggestions_run_ts=20260319T125339Z.parquet: The specified method is not allowed against this resource.
2026-03-24 17:24:11 [ERROR]: Athena Query Failed. StageChangeReason: "HIVE_CANNOT_OPEN_SPLIT: Error opening Hive split s3://agentic-energy-ml-models-200937443240/147a92b9-f90a-473d-b443-e6e668c4fbb7/detections/anomaly_detection/anomaly_suggestions_run_ts=20260324T114825Z.parquet (offset=0, length=26078): class org.apache.parquet.io.GroupColumnIO cannot be cast to class org.apache.parquet.io.PrimitiveColumnIO (org.apache.parquet.io.GroupColumnIO and org.apache.parquet.io.PrimitiveColumnIO are in unnamed module of loader io.trino.server.PluginClassLoader @33a095dd)"
2026-03-24 17:24:11 [ERROR]: Athena Execution Error: Athena Query Failed: HIVE_CANNOT_OPEN_SPLIT: Error opening Hive split s3://agentic-energy-ml-models-200937443240/147a92b9-f90a-473d-b443-e6e668c4fbb7/detections/anomaly_detection/anomaly_suggestions_run_ts=20260324T114825Z.parquet (offset=0, length=26078): class org.apache.parquet.io.GroupColumnIO cannot be cast to class org.apache.parquet.io.PrimitiveColumnIO (org.apache.parquet.io.GroupColumnIO and org.apache.parquet.io.PrimitiveColumnIO are in unnamed module of loader io.trino.server.PluginClassLoader @33a095dd)
2026-03-24 17:24:11 [ERROR]: Automatic self-healing failed: Athena Query Failed: HIVE_CANNOT_OPEN_SPLIT: Error opening Hive split s3://agentic-energy-ml-models-200937443240/147a92b9-f90a-473d-b443-e6e668c4fbb7/detections/anomaly_detection/anomaly_suggestions_run_ts=20260324T114825Z.parquet (offset=0, length=26078): class org.apache.parquet.io.GroupColumnIO cannot be cast to class org.apache.parquet.io.PrimitiveColumnIO (org.apache.parquet.io.GroupColumnIO and org.apache.parquet.io.PrimitiveColumnIO are in unnamed module of loader io.trino.server.PluginClassLoader @33a095dd)
2026-03-24 17:24:11 [ERROR]: Athena Execution Error: Athena Query Failed: HIVE_CANNOT_OPEN_SPLIT: Error opening Hive split s3://agentic-energy-ml-models-200937443240/147a92b9-f90a-473d-b443-e6e668c4fbb7/detections/anomaly_detection/anomaly_suggestions_run_ts=20260324T114825Z.parquet (offset=0, length=26078): class org.apache.parquet.io.GroupColumnIO cannot be cast to class org.apache.parquet.io.PrimitiveColumnIO (org.apache.parquet.io.GroupColumnIO and org.apache.parquet.io.PrimitiveColumnIO are in unnamed module of loader io.trino.server.PluginClassLoader @24a9d2ce)
2026-03-24 17:24:11 [ERROR]: Error in getAtRiskAssets: Athena Query Failed: HIVE_CANNOT_OPEN_SPLIT: Error opening Hive split s3://agentic-energy-ml-models-200937443240/147a92b9-f90a-473d-b443-e6e668c4fbb7/detections/anomaly_detection/anomaly_suggestions_run_ts=20260324T114825Z.parquet (offset=0, length=26078): class org.apache.parquet.io.GroupColumnIO cannot be cast to class org.apache.parquet.io.PrimitiveColumnIO (org.apache.parquet.io.GroupColumnIO and org.apache.parquet.io.PrimitiveColumnIO are in unnamed module of loader io.trino.server.PluginClassLoader @24a9d2ce)
2026-03-24 17:24:11 [ERROR]: Athena Query Failed: HIVE_CANNOT_OPEN_SPLIT: Error opening Hive split s3://agentic-energy-ml-models-200937443240/147a92b9-f90a-473d-b443-e6e668c4fbb7/detections/anomaly_detection/anomaly_suggestions_run_ts=20260324T114825Z.parquet (offset=0, length=26078): class org.apache.parquet.io.GroupColumnIO cannot be cast to class org.apache.parquet.io.PrimitiveColumnIO (org.apache.parquet.io.GroupColumnIO and org.apache.parquet.io.PrimitiveColumnIO are in unnamed module of loader io.trino.server.PluginClassLoader @24a9d2ce)
